texts,class
สวัสดีวันพุธมีความสุขตลอดวันครับ,1
งานน้าหลานเมามีความสุขหลาย,1
เราถือว่าเราคุ้มมีความสุข,1
มีความสุขต้อนรับวันแรกของปีพ่อแม่ลูก,1
ยิ้มซิยิ้มมีความสุข,1
ทำบุญวันปีไหม่มีความสุข,1
มีความสุขอย่างบอกไม่ถูกทุกอย่างอยู่ที่ตัวเรา,1
มีความสุขทุกครั้งที่ได้อยู่ด้วยขิดื้อน้อย,1
ร๊ากน่ะคนดีมีความสุข,1
มีความสุขจังถ้าชีวิตมีแต่ความทุกข์ต้องหาความสุขใส่ตัวเรามีความสุขที่ได้อยู่กับครอบครัวลูกหลาน,1
อยู่ที่นี่อยู่ตรงนี้จะไม่มีไปไหนมีความสุข,1
มีความสุขในการถ่ายรูป,1
อยู่กับลูกสองคนมันก็สิเป็นจั่งชี้ละบ้าบอบ่เคยเหงามีตะความสุุขแม่ลูก,1
มีมากมีน้อยไม่สำคัญเท่าเรามีความสุขกับสิ่งที่มีอนุบาล,1
แลกของขวัญวันนี้มีความสุข,1
มีความสุขเมื่อได้อยู่กับเธอน้องณภัทร,1
มีความสุขกับสิ่งที่อยู่ตรงหน้า,1
วันของแม่กับหลานมีความสุข,1
มีความสุขคักกับของกิน,1
คบกับคนที่ทำให้คุณมีความสุข,1
การเดินทางที่เหนื่อยและมีความสุข,1
ง่วงมากใช่มั้ยคะลูกนอนสบายเลยยมีความสุขที่มีนาง,1
อยู่บ้านเรามีความสุขที่สุดแล้ว,1
ทำบุญวันเกิดวัดเลยวันนี้อิ่มบุญมีความสุขจังแท็คแม่,1
มีความสุขสุดอยู่กะแฝดน้อยเนี่ยพรุ่งนี้ทำงานแล้วนะ,1
งานวันเด็กคอรุมมีความสุข,1
มีความสุขทุกครั้งที่ได้ไปช้อปค่ะ,1
มีความสุขมากดีต่อจาย,1
แฮปปี้เบิร์ดเดย์คับคุณแม่มีความสุขมากคับ,1
เดินช้าอย่างมีสติดีกว่าถลำไปลึกจงหาทางออกม่ได้มีความสุขในรูปแบบของตัวเอง,1
ตำแหน่งที่ใช่คือตำแหน่งที่เรายืนอยู่และมีความสุขได้โดยไม่ต้องพยายาม,1
นานจะอยู่พร้อมหน้าพร้อมตากันมีความสุขมาก,1
งานแต่งหลานความสุขหลายอิหล่า,1
กลับจากทำงานรอรับลูกกลับจากโรงเรียนมันก็จะฟินแบบนี้แหละมีความสุขวนไป,1
อยู่กะพวกนางทั้งวันไม่ค่อยเหนื่อยเท่าไหร่แค่วุ่นวายสุดมีความสุขที่ได้อยู่กะคนที่เรารัก,1
อาหารถืกปากทำบ่เป็นก้ล้างผักนั่งเบิ่งนู๋จะอ้วนแล้วนะมีความสุข,1
ยินดีกับเจ้าบ่าวด้วยครับมีความสุขมากนะ,1
งานเลี้ยงแต่งงานแพรเดชมีความสุขกับทั้งสองมากนะคะ,1
ถ้ากินเหล้าแล้วยังเหงามากินเรากะได้นะมีความสุข,1
เราเลือกจำเฉพาะเรื่องที่ทำให้เรามีความสุขเท่านั้น,1
มีความสุขกับรอยยิ้มเก่าขายบ้างไหมขายแพงแค่ไหนเราก็จะซื้อ,1
ช่วงเวลาดีมีความสุขเวลาที่ได้อยู่ใกล้,1
เยิฟฟยูว์,1
รอยิ้มของเทอมีความสุขเด้,1
มีความสุขที่เขาพเนินทุ่ง,1
กิ๋นอิ่มนอนอุ่นมีความสุขจังเลย,1
ช่วงเวลาที่มีความสุขมักผ่านไปเร็วเสมออยู่พร้อมหน้าพร้อมตาพ่อแม่ลูกมีความสุขที่สุดเลยรักกัน,1
สวัสดีปีใหม่นะค๊าบมีความสุขทุกคนนะจ่ะ,1
แวะทำบุญแป๊บนึงนะสวยมากก่อนเดินทางกลับเข้าสู่หมวดทำงานมีความสุข,1
ขอบคุณสำหรับวันหยุดที่ทำให้เราได้อยู่ด้วยกันมีความสุข,1
คิดถึงจังเวลาอยู่กะเด็กมันมีความสุขแบบบอกไม่ถูกมีความสุข,1
ชีวิตดีคือชีวิตที่ไม่มีความทุกข์มีความสุขในทุกวัน,1
หมดน้ำตุ๊มีความสุขเยอะน่ะเพื่อน,1
ขอบคุนที่ทำห้วันเกิดปีนี้ของชันมีความสุขข,1
รอบค่ำอยู่สาขาหน้ามชอีกคร้ามีความสุข,1
มื้อดึกคืนนี้มาเพิ่มความหวานก่อนนอนมีความสุขในทุกวัน,1
ธรรมชาติที่แท้จริงหายใจเข้าลึกแล้วกลั้นใจนิ่งมีความสุขทุกครั้งที่อยู่ตรงนี้,1
ยุบ้านกับหลานมันก็จะเป็นแบบนี้แหละมีความสุข,1
ลงบ้างนะภาพแรกของปีมีความสุขกับการกินเสมือนหนึ่งว่าปีกุน,1
นอนนี่นะเหนื่อยล้ามีความสุขกับครอบครัว,1
ไม่ได้ตามหาผู้ชายที่ดีเเต่ตามหาผู้ชายที่อยู่ด้วยเเล้วมีความสุข,1
เราจะอยู่ร่วมกันต่อไปในปีมีความสุขทุกท่านครับ,1
เก็บตกเมื่อวานวันครอบครัวมีความสุขที่สุด,1
ชีวิตคนเราก็มีเท่านี้แค่กินอิ่มนอนหลับก็พอแล้วมีความสุขดี,1
มอนิ่งเช้าวันจันเด้อพี่น้องมีความสุขกันมากน่ะ,1
วันของเพื่อนออมมีความสุขมากน่ะเพื่อนรัก,1
เลื้ยงกินกันกับครอบครัวสุขสันต์วันปีไหม่มีความสุขมากก,1
ปีใหม่ปีนี้พร้อมหน้าพร้อมตาปีมีความสุข,1
ลอยกะทงบ้านเรามีความสุขมากมาย,1
วันพ่อย้อนหลังนะคะมีความสุขอย่างบอกไม่ถูก,1
วันสุดท้ายของปีมีความสุขสุด,1
ในส่วนของวันสุดท้ายที่อยู่บ้านนั้นไปนาไปกินข้าวนาก่นปูจนมือแตกขี้ตมเบิดมีความสุขจัง,1
ไม่ต้องยืนในที่ที่ดีที่สุดแค่ยืนในที่ที่เรามีความสุขก็พอ,1
มีมากมีน้อยไม่สำคัญเท่าเรามีความสุขกับสิ่งที่มี,1
ดีใจจังที่เกิดมาพอมีหัวคิดดีอยู่บ้างมีความสุข,1
ถึงจะไม่ได้ไปไหนแต่ก็มีความสุขได้เหมือนกันมีความสุขที่ได้อยู่ด้วยกัน,1
วันแรกของปีมีคนที่เรารักและรักเราที่สุดมาอวยพรก่อนไปทำงานมีความสุขเจริญรุ่งเรืองในหน้าที่การงาน,1
เซอร์ไพร์จากครอบครัวขอบคุณนะคะดีใจมากเลยมีความสุขที่สุด,1
ความสุขเล็กณทะเลบ้านเรามีความสุขทุกครั้งที่ดัยอยู่กับพวกนาง,1
สุดที่ร้ากของช้านมีความสุขเสมอที่อยู่ข้างเขาคนนี้คนอะรัยยิ้มได้ตลอดเวลา,1
ก่อนวันปีใหม่มีความสุขมากมากนะเมทที่รัก,1
ทริปปีใหม่พิษณุโลกเขาค้อมีความสุขที่สุด,1
ครูไม่อยู่อิสระทั้งวันมีความสุข,1
ทำบุญออกพรรษากับข้าวคือปลาอยู่ในบ่อมีความสุขมื้อออกพรรษาครับ,1
ทุกเช้าที่เราตื่นมีความสุขทุกครั้งที่ได้ยืนอยู่หน้ากระจกพร้อมกับลูกค้ายินดีต้อนรับนะคะ,1
วันสัมคัญพิสเรย์มีความสุขหลายเด้อ,1
สุขสันต์วันเด็กค่ะมีความสุขอยู่กลางขนม,1
คืนนี้ก้จะประมาณนี้อบอุ่นมีความสุข,1
สุขสันต์วันครูมีความสุขมากกน่ะค่า,1
วันนี้ทีรักได้มาหามีความสุข,1
มอนิ่งมีความสุขกับสิ่งที่มีดอนนูดฟาร์ม,1
เราก็แค่ชอบแกล้งมีความสุข,1
งานแต่งงานมีความสุขมากนะคัฟรัก,1
สายเปย์จ้าวันนี้มีความสุขข,1
มกราคมปีเต็มที่ก้าวเข้ามาอยู่ที่นี้มีความสุขมากค่ะ,1
เราจะไปปล่อยเต่าด้วยกันณหาดไม้ขาวจภูเก็ตมีความสุขทุกครั้งที่ได้อยู่บนเส้นทางนักวิ่ง,1
เดือนผ่านไปไวเหมือนโกหกมีความสุขมาก,1
นอกจากเป็นแม่ทูลหัวแล้วยังเป็นแม่บ้านด้วยนะรับสักที่มั้ยคะมีความสุขอยู่กับอาหาร,1
ภาพบอกความรู้สึกก็จะประมาณนี้แหล่ะค๊าการเริ่มต้นใหม่ที่ดีมีความสุข,1
ทำไมวันนี้มีความสุขเป็นพิเศษง่ะ,1
รอยยิ้มเราบริสุทธิ์มั้ยมีความสุข,1
ทำไปเพื่ออะไรไม่รู้แต่ที่ทำอยู่มีความสุขดี,1
กินข้าวอิ่มเราก็คลานออกมามีความสุขหลายคถความหลังเด้,1
ก็กินดีอยู่ดีอยู่เด้ล่ะมีความสุขพร้อม,1
เก็บตกงานแต่งงานเพื่อนเฟิร์นมีความสุขหลายเด้อคนงามของเพื่อน,1
อยู่คนเดียวก็มีความสุขได้นะมีความสุขกับการกิน,1
ความสุขไม่ได้อยู่กับเราไปตลอดเพราะฉะนั้นต้องทำให้ตัวเองมีความสุข,1
มีความสุขที่สุดคือการได้อยู่กับครอบครัวของขวัญวันเกิดลูกชายปันโย,1
วันหยุดเราไม่หยุดชีวิตแม่ค้าทำไปอย่าบ่นเพื่ออนาคตครอบครัวมีความสุขกับสิ่งที่ทำ,1
วันแรกของอาชีพแม่ค้ามีความสุข,1
เราไม่รู้หรอกว่าเธอมีความสุขตอนที่อยู่กับใครแต่ที่รู้เรามีความสุขตอนอยู่กับเธอ,1
ชอบวันนี้อ้ะมีความสุขสุดร้ะ,1
วันเกิดนางเลยพานางเลาะมีความสุขและความฮาทุกครั้งที่อยู่ด้วยกันขอบคูณปีที่มีความหมาย,1
ทำบุญทำบุญเที่ยวเที่ยวมีความสุข,1
สุขกายสบายใจมีความสุขที่สุด,1
จุดหมายไม่ได้อยู่ที่ปลายทางแต่มันอยู่ล่ะหว่างทางที่ไปมีความสุขกับชีวิต,1
มีความสุขชีวิตห้อยอยู่บนเข็มไมล์,1
คิดถึงจังมีความสุขมากมาย,1
จ๊ะเอ๋นอนกันรึยังมีความสุขทั้งกายและใจนะจ้ะ,1
มีความสุขและภูมิใจกับสิ่งที่เราทำมีความสุขและภูมิใจในสิ่งที่เราทำโอเคป่ะ,1
ไม่ใช่สายสวยแต่อยู่ด้วยแร้วมีความสุขนะ,1
ไม่ต้องสุดกว่าใครไม่ต้องสวยกว่าใครขอแค่ขับมันไปและมีความสุขก็พอ,1
เป็นช่วงเวลาที่ยิ้มได้เต็มที่หัวเราะได้เต็มร้อยและอ่อยผู้ได้เป็นพันอุ้ยลั่นมีความสุขมาก,1
ไปไหนไปกันมีความสุขทุกครั้งที่ได้อยู่กับนาง,1
ถึงจะอยู่ด้วยกันแค่เวลาสั้นแต่ก็มีความสุขมากนะ,1
มาร่วมงานบุญคนเยอะมากงานบรรพชาอุปสมบทหมู่มีความสุข,1
สวุสดีจ้าววันพฤหัสบดีสีแสดสดใสมีความสุขสดชื่นเน้อจ้าว,1
ใครคือผู้หญิงโชคดีที่สุดก็เรานี่แหละลูกน่ารักสามีน่ารักพ่อแม่น่ารักกัลยาณมิตรดีมีความสุข,1
อรุณสวัสดิ์ค่ะทุกคนสุขทุกข์อยู่ที่เรากำหนดปล่อยวางบ้างอย่าไปยึดติดกับมันมากนักมีความสุขทุกคนนะคะ,1
ทำตัวติดดินดีกว่ามีความสุขกว่าเย้อะ,1
แค่นี้ก้พอมีความสุขมากอยู่แล้วมีแค่เราไม่มีใครอั้ยเตี้ยขี้งอล,1
ไม่จำเป็นต้องยืนอยู่ในจุดที่ดีที่สุดแค่มีความสุขในจุดที่ยืนก็พอ,1
เมื่อมาถึงจุดนึงของชีวิตเราก็ไม่ได้ต้องการอะไรมากไปกว่าความสบายใจอยู่กับธรรมชาติและวิถีชีวิตที่เรียบง่ายมีความสุขมากกว่าบ้านหลังใหญ่,1
ทันป่ะเก็บตกลอยกระทงเก็บไว้ในความทรงจำมีความสุขดี,1
กาลเวลาคือเครื่องพิสูจน์ส่วนใบมะกรูดคือเครื่องต้มยำแฮร่มีความสุขทุกครั้งที่อยู่บนรถ,1
ทริปนครพนมมุกดาหารมีความสุขมาก,1
ไหว้พระขอพระมีความสุข,1
หมูกะทะครับผมมีความสุขกับครอบครัวคนอ้วน,1
วันนี้เราทั้งสองคนมีความสุขจังเลย,1
เพื่อนเก่าบรรยากาศเดิมที่เคยอยู่นั่งคุยเรื่องเมื่อก่อนมีความสุขดีนะ,1
จะมีสักกี่คนที่เราอยู่ด้วยแล้วมีความสุข,1
เหนื่อยน่ะแต่ก็มีความสุขเพราะเรารู้ว่าสิ่งที่ทำอยู่เพื่อคนที่เรารัก,1
มีความสุขทุกครั้งที่ได้อยู่กับเพิ่ลรักน๊ะ,1
อะไรที่เราทำแล้วมีความสุขไม่ได้ทำให้ใครเดือดร้อนก็ทำไปมีความสุขกับสิ่งที่ทำ,1
ทริปขอนแก่นเด้อคะเด้อเช้าจรดเย็นมีความสุขแบบบ้านเฮา,1
รักที่สุดก็ผู้หญิงที่ขึ้นชื่อว่าแม่คนนี้แหละแม่พากินช็อปเที่ยวไปอีกวันมีความสุขจัง,1
สุขสันต์วันหยุดค่ะสวมหมวกเรียนรู้อยู่เสมอมีความสุขในวันหยุดพักผ่อนนะคะ,1
ทริปหนาวติดดินมีความสุข,1
สวัสดีจ้าพี่ตื่นยังคะวันนี้สายนี้ทำขนมหวานทานดีมั้ยคะมีความสุขกายสุขใจทุกท่านนะคะพี่,1
ขอบคุณนะที่มาวันนี้มีความสุข,1
วันของแนททมีความสุขมากน้ะะ,1
วันที่น่าเบื่อมันน้อยกว่าวันที่เรามีความสุขอยู่แล้ว,1
ครอบครัวที่ใหญ่ยิ่งยังไม่ครบขาดสมาชิกอีกประมาณกว่าคนมีความสุขที่ซู๊ด,1
งานแต่งเพื่อนโก้ยินดีด้วยน่ะมีความสุขมากน่ะเพื่อนโก้,1
กินป่ะไข่เต่ามีความสุขเมื่อได้กิน,1
หมูตัวนี้ชอบทำให้มีความสุข,1
พุ้งนี้แล้วสิน้ะมีความสุขจัง,1
ครั้งแรกที่ได้ลอยกระทงกับน้องชายมีความสุข,1
ถึงแม้ว่าวันนี้เรายังทำไม่ได้ดีที่สุดแต่ถ้าเรามีความสุขที่สุดมันก็ดีที่สุดล่ะ,1
เครียดนะเลยต้องหาอะไรที่ทำให้เรายิ้มได้มีความสุขกับการกิน,1
วันนี้พี่น่ารักถึงเราจะไม่ได้เจอกัลบ่อยสำหรับวันนี้ก็มีความสุขมากแร้วเจอกัลใหม่เดือนน่าน่ะผุ้ชายมีหนวด,1
อยู่แบบนี้ดีแล้ววมีความสุขดี,1
อยู่กับธรรมชาติจนชินอากาศดีที่บ้านเราหัวเช้าฟินที่สุดก่อนไปทำงานมีความสุข,1
วันนี้วันอะไรเนี้ยมีความสุขจังเลย,1
แล้วเราจะสวยไปด้วยกันอุ่ยหน้ากากโอชิมีความสุขที่พอเพียงและเพียงพอ,1
มีความสุขทุกครั้งที่ได้อยู่ใกล้ธรรมชาติ,1
ไม่จำเป็นต้องเหมาะสมหรือคู่ควรที่สุดแค่เวลาอยู่ด้วยกันแล้วมีความสุขก็พอ,1
มันเป็นความสุขที่มีอยู่จริงมีความสุขกันทั้งครอบครัว,1
มีความสุขมากจริงขอบคุณยูนิลีเวอร์เน็ทเวิร์กที่ดูแลพวกเราดี๊ดีคะ,1
ความสุขของฤทัยมีความบ้าอยู่นิด,1
ที่ยิ้มเพราะไม่ทุกข์มีความสุขอยู่รู้ป่ะ,1
ไม่สวยแต่อร่อยกับข้าวนะมีความสุข,1
กลิ่นของชัยชนะมีความสุข,1
สานฝันจะเสร็จหรือไม่เสร็จอยู่ที่ตัวเรามีความสุขกับของเราดีกว่ามีความสุขกับของคนอื่นหรือวัตถุคนอื่น,1
นั่งรับอากาศเย็นบ้านเรามีความสุขที่สุดเลย,1
เรื่องเล่าของพวกเราอยู่ท่ามกลางมิตรภาพเสมอมีความสุขกับช่วงเวลาพักผ่อนทุกท่านนะครับ,1
เป็นผู้หญิงต้องอดทนผู้ชายเดินชนอุ๊ยชื่อรายคร๊ะมีความสุข,1
งานบุญเราก็มาแคล้วคลาดปลอดภัยมีความสุขตลอดไป,1
อย่างน้อยคนที่บ้านก็ไม่เคยหักหลังหรือโกหกมีความสุขเมื่อได้กลับมาบ้าน,1
บุหรี่ก็เลิกเหล้าเบียก็เลิกพุสาวกะเลิกมีความสุขแฮงโว๊ย,1
แอฟในโทรศัพร์สามารถทำหัยเราหัวเราะตัวเองดายมีความสุขกับตัวเอง,1
วันนี้อากาศเป็นใจพาเด็กแว่นมาหมู่บ้านแมวนางบอกมาที่นี่ห้ามถ่ายหมาเพราะเรามาหมู่บ้านแมวพ่ามมีความสุข,1
อาหารวันหยุดกินจนพุงหลามโตมากับผักน้ำพริกกะปิมีความสุขทุกครั้งที่ได้กิน,1
มาอร่อยแซ่บที่ตะบันตำครอบครัวมีความสุข,1
มีความสุขทุกครั้งที่ได้ยินคำว่าวันหยุด,1
น่าตากะสิเป็นแนวนี้หละน่ากินบ่มีความสุขในกานกิน,1
อย่าเอาตัวเองไปเปรียบเทียบกับใครเพราะเราก็คือเราเป็นตัวของตัวเองมีความสุขในแบบที่เราเป็น,1
มากับครอบครัวมีความสุข,1
วันนี้มีผู้ชายเลี้ยงข้าวอิอิอิมีความสุข,1
จะกินจนกว่าจะผอมมีความสุข,1
รู้เเค่ว่าอยู่ใกล้เค้าเเล้วเรามีความสุข,1
มาทำบุญกับครอบครัวมีความสุขมาก,1
ออร์เดอร์รอบนี้ปลายทางกทมคับจัดส่งเรียบร้อยนะครับมีความสุขอยู่ในจุดที่ตัวเองยืนครับ,1
รอยยิ้มมันทำให้ใครหลายคนมีความสุข,1
สมกับคำที่ว่าที่ไหนก่มีความสุขไม่เท่าบ้านเรามีความสุขแบบนี้,1
ชีวิตใครก็ชีวิตมันเราก็อยู่ในส่วนของเรามีความสุขกว่าเยอะ,1
เราทำอะไรแล้วมีความสุขนั่นคือเราทำสิ่งที่เรารัก,1
ของที่มีค่าต้องอยู่กับคนที่เห็นคุณค่ามีความสุขทุกครั้งที่ทำงาน,1
พาเด็กขับรถเล่นชมวิวถ่ายรูปชีวิตดี๊ดี,1
คนถ่ายก็ถ่ายไปคนทำงานก็ทำงานไปชีวิตดี๊ดี,1
นอนนอนนอนนอนและก็นอนชีวิตดี๊ดีอ่ะ,1
ไปส่งแม่ไปอบรมแล้วก้กลับนอนรอกินมื้อเย็นชีวิตดี๊ดี,1
ความสุขคือการทำให้คนที่เรารักมีความสุข,1
กินเนื้อย่างกะครอบครัวมีความสุข,1
สวดมนต์ข้ามปีมีความสุขจัง,1
ไม่ใช่คนสวยแต่อยู่ด้วยแล้วมีความสุข,1
จงคิดถึงสิ่งสวยงามที่ยังคงอยู่รายรอบตัวและมีความสุขไปกับมัน,1
ครอบครัวพ่อเอกสิทธิ์และแม่เมย์มีความสุข,1
สู้จ้ามีความสุขทุกครั้งที่มีงานทำ,1
อ่านหนังสือบ้างสับเปลือกมะพร้าวไว้ปลูกเมล่อนบ้างมีความสุขนะ,1
เผิ่ลกะพากันไปเทวมีความสุขหลายเด้อรักนะจุฟ,1
จุดที่เรายืนอาจจะไม่ใช่จุดที่ดีที่สุดแต่ถ้ามันทำให้เรามีความสุข,1
พาป๊ากะม๊ามากินข้าวก่อนมีความสุข,1
เราคือผู้อยู่เบื้องหลังคือผู้สรรสร้างเพื่อคนอื่นได้สุขสมมีความสุข,1
ไปอยู่ด้วยกันเลยมีความสุขนะ,1
เห็นแบบนี้กะเข้าวัดเด๋อคับสาธุมีความสุขจังเรยย,1
ช่วงอวบเชียวมีความสุข,1
มีความสุขนะที่มีแกอยู่ข้างกันเสมอเซอร์ไพรส์ตลอด,1
แค่ใจเราคิดว่ามีความสุขมันก็จะมีความสุขมีความรักได้ไหมใจจ๋า,1
ขอบคุณฟ้าที่มอบพรสวรรค์นี้ให้แก่ฉันมีความสุขทุกครั้งที่ได้ทำสิ่งนี้,1
ชอบเป็นผู้ให้มากกว่าเป็นผู้รับมีความสุข,1
มีความสุขทุกทีที่ได้ขี่มัน,1
ถึงบ้านโดยสวัสดิภาพมีความสุข,1
เนื้อย่างมีความสุขกะพี่ชาย,1
ไม่จำเป็นต้องยืนในจุดที่ดีที่สุดแค่มีความสุข,1
รักในสิ่งที่เป็นมีความสุข,1
นานครั้งจะได้มาสุขใจ,1
คนข้างหลังเป็นกำลังใจสุขใจ,1
บรรยากาศดีคักบรรยากาศแบบนี้หาได้แต่บ้านเฮานิล่ะสุขใจ,1
วันอาทิตย์ณวัดตะเคียนสุขใจ,1
สุขใจทั้งผู้ให้และผู้รับ,1
ร่ายกายไม่ใช่ของเราสิ่งเดียวที่นำติดตัวเองไปได้นั่นคือบุญกับบาปเพียงเท่านั้นสุขใจ,1
ทำบุญถวายเพลสุขใจที่ได้ทำ,1
ตลาดผักอินทรีย์สุขใจ,1
จันทร์สดใสสุขใจสุขกายสดชื่นแจ่มใส,1
สุขใจในยามเย็นนะค่ะสาธุค่ะ,1
สวยสมคำรำ่ลือสุขใจที่ได้มา,1
พ่อบอกว่าบ่คิดวาจะมีลูกเป็นลิงพะนะสุขใจทุกครั้งที่กลับบ้าน,1
สุขใจทุกครั้งที่ได้กับบ้านอุดรซิตตี้,1
สุขใจทุกครั้งที่มาบริจาคโลหิตอนุโมทนาบุญนะคะ,1
สุขใจที่ได้ร้อยพวงมาลัยสวยมั้ยคร้า,1
สุขใจในลานธรรมร่วมสวดมนต์เย็นและฟังธรรมเทศนาพระอาจารย์จรัญอนังคโณอนุโมทนาบุญกับทุกท่านค่ำคืนนี้สาธุค่ะ,1
สภาพหลังขายของเสร็จหัวฟูปวดขาปวดแขนสุขใจขายดี,1
สุขใจทุกครั้งเมื่อได้เห็นอุปกรณ์ช่วยชีวิตผู้ประสบอุบัติเหตุในเบื้องต้นที่อาตมาได้นำทุกท่านร่วมทำบุญกุศลในครั้งนี้,1
สุขใจวันเด็กเขาเป็นเด็กที่ไม่ชอบไปไหนอยากอยู่แต่ในบ้านหน้าจอคอมแชตกับเพื่อนชาวต่างชาติเกมส์ที่มีสาระเป็นภาษาอังกฤษดูทีวีก็ดูแต่หนังซีรี่ที่เป็นภาษาอังกฤษ,1
สุขใจที่ได้ทำแม้มันอาจจะไม่ได้หรูหรา,1
สุขใจกับทีมงานผลงานผ่านด้วยดีเพียงวันเราทำได้,1
สุขใจที่ได้ทำแพ็คของเตรียมไปตักบาตรข้าวสารอาหารแห้งเช้าวันพรุ่งนี้ณหมู่บ้านปรีชา,1
สุขใจตาลขันข้าววันเป็งปุ๊ดเจ้าสาธุ,1
สุขใจที่ได้ทำแบ่งปันเพื่อเพื่อนมนุษย์มีมากมีน้อยช่วยกันไปสาธุคะ,1
สุขใจทั้งผู้ให้สุขใจทั้งผู้รับมอบอุปกรณ์การศึกษาขนมตุ๊กตาหมวกไหมพรมลให้เด็กดอยศูนย์การเรียนชุมชนชาวไทยภูเขาแม่ฟ้าหลวงตะพิโจอำเภอท่าสองยางจังหวัดตาก,1
สุขใจสุขกายทั้งวันนะครับอรุณสวัสดิ์ครับผม,1
วันนี้ได้ไปไหว้พระทำบุญสุขใจสายบุญก็มา,1
ก็จะมีความสุขใจหน่อยสุขใจทุกครั้งที่ได้กลับมาแม่อาย,1
สุขใจมาเที่ยวงานวัดใหญ่ต่อด้วยไหว้หลวงพ่อพระพุทธชินราช,1
สุขใจวันหยุดสวัสดีมีความสุขทุกท่าน,1
ชีวิตที่บาล๊านซ์งานเงินครอบครัวและเวลาแม้ไม่มีข้อไหนมากมายแต่ข้างในนั้นสุขใจเหลือเกิน,1
สะสมบุญสุขใจ,1
มากี่ครั้งเย็นทุกครั้งสบายใจสุขใจ,1
สุขใจบ้านเรา,1
ครั้งที่สุขใจที่ได้ทำ,1
เอาบุญมาฝากคะทุกคนสุขใจในแบบเรา,1
สุขใจยามค่ำค่ะฝันดีมีความสุขตลอดคืนนะคะพรุ่งนี้วันพระค่ะอย่าลืมตื่นขึ้นมาทำบุญใส่บาตรกันนะคะ,1
อนุโมทนาบุญนะคะทำบุญสะเดาะเคราะห์สุขใจทุกครั้งที่กลับมาบ้าน,1
สุขใจทุกครั้งที่ได้เจอหน้ามีความสุขทุกครั้งที่ได้อยู่ใกล้กัน,1
สุขใจแค่ได้ยินเสียงก็ยังดีน้าก็คิดถึงหนูเหมือนกันนะครับน้องข้าวกล้อง,1
ไหว้พระขอพรสุขใจ,1
สุขใจสุขกายสบายใจสมหวัง,1
สุขใจทุกครั้งที่ได้ทำบุญพอมีแรงและกำลังสู้งานคืนนี้,1
สุขธรรมสุขใจในวันศุกร์สวดมนต์ปฎิบัติธรรมทุกวันศุกร์ตลอดปีตลอดไป,1
ไปส่งไม้หน่อยไม้ไปโรงเรียนแล้วไม่ร้องสุขใจที่มีเราคนเก่งมากแล้วสวัสดีคร๊าฟจุฟ,1
กลับแล้วจ๊ะแล้วพบกันใหม่เกาะพะงันสุขใจทุกครั้งที่ได้กลับมา,1
สนใจแม่หน่อย,1
สุขใจมีความเป็นพ่อลูก,1
แค่นี้ก็สุขใจในยามเช้าแล้ว,1
อะไรไม่จำเป็นก็ทิ้งไปสุขใจใครกำหนด,1
รอยยิ้มแห่งความสุขสุขใจยินดีกับเฮียกับเจ้ด้วยครับ,1
สุขใจอิ่มบุญมากคะอิ่มท้องด้วยโรงทาน,1
นายยิ้มเพราะนายมีความสุขสุขใจกับรอยยิ้มนายนะตตะวัน,1
สุขใจเมื่อได้เจอกันทางตาเมียงไม่ครบทีมขาดสองรอบหน้าจะพาไปทั้งหมดเลยสี่พี่น้องมาเจอสมกับความคิดถึงคุยกันลั่นบ้าน,1
สุขใจที่มีเธออยู่ในชีวิตฉัน,1
สุขใจที่มีเทอคนของ,1
กลับบ้านก็สุขใจขอบคุณทุกสิ่งที่ผมได้รับนะครับ,1
สุขใจที่เรายังรักกันตี้เสร็จแร้วกลับบ้านกันคับ,1
สุขใจสบายกายวันปุ๊ดความป่วยไข้จงคลายความสบายดีจงมาหาน๊าไปเท่วกันหม้ายตามมาสิ,1
สุขใจทุกครั้งที่ได้มาวัดมเหยงคณ์อยุธยา,1
สุขใจทอดกฐินบุญใหญ่รวมญาติ,1
สุขใจที่บ้านเรากับเขาสองคนลูกชายกะลูกสาว,1
อะหืมมางานวัดมันก็จะมีของกินแบบนี้อะมีความสุขสุขใจ,1
สุขใจยิ่งที่ได้มาชมพระเมรุมาศงดงามมากค่ะเป็นบุญตาของเราชาวไทยที่ได้มาชม,1
สุขใจหรือทุกข์ใจอยู่ที่ใจเราเอง,1
สุขใจจังป้อนข้าวชายฟลุคกินยังไม่เสดหลับสะแหล่ะ,1
มันก็คือความสุขอย่างหนึ่งของชีวิตพาคนที่เรารักมากินมื้อเที่ยงสุขใจ,1
สุขใจที่มีเธอเค้าเรียกว่าความรักความรักที่แท้จริงมันยิ่งกว่าในนิยายย,1
หวัดดีความอ้วนสุขใจที่บ้านเรา,1
พอจะเป็นนางงามได้มั๊ยคะฝนธนสุนธรสุขใจที่ได้ทำงาน,1
สุขใจไหนจะเท่าพบความสุขที่แท้จริงคือครอบครัว,1
อากาศดีวิวสวยใกล้บ้านเราสุขใจ,1
เสร็จแล้วเบอเกอร์ของเด็กเลี้ยงปีใหม่ห้องน้องคิมสุขใจที่ได้ทำเพื่อลูก,1
ตื่นเช้าไปหน่อยหน้าก็จะง่วงหน่อยสุขใจไหว้พระทำบุญ,1
ปีนี้สวดมนต์ข้ามปีที่วัดถ้ำเอาบุญมาฝากเพื่อนทุกคนนะคะสุขใจทุกครั้งที่ได้ทำบุญร่วมกัน,1
ห่มผ้าองค์พระประธานและพระทุกองค์ในถ้ำรวมกว่าองค์สุขใจทุกครั้งที่ได้ทำบุญร่วมกัน,1
ทำความสอาดห้องน้ำสถานธรรมสุขใจ,1
เมื่อลูกหลับสองผัวเมียก็ฟินกันสองเราอากาศหนาวเย็นสบายต้องย่างกุ้งสุขใจที่บ้านเรา,1
เสร็จแล้วกิจกรรมทำบุญตักบาตรขึ้นปีใหม่ของเด็กมนุษย์แม่ตั้งใจลงมือทำเองเลยสุขใจที่ได้ทำ,1
รอยยิ้มผู้เป็นที่รักสุขใจเมื่อกลับบ้าน,1
วันว่างที่ตั้งใจเบากระเป๋าเลยกูความสุข,1
วันนี้วันปิดยอดขายเดือนกรกฎาคมค่ะยุ่งจนหัวฟูเลยจ้าสุขใจที่สุด,1
ภาพแรกครอบครัวนานที่จะมีกันครบสุขใจ,1
สุขใจสดชื่นรับพรในงานทำบุญบ้านพร้อมรวมญาติสนิทมิตรสหายจ้า,1
เข้าวัดถ่ายรูปเอ๊ยเข้าวัดทำบุญสุขใจ,1
เสาร์สุขสันต์สุขใจจัง,1
ลูกค้าที่รักอย่าลืมคิดถึงเรานะค่ะสุขใจที่ได้เป็นผู้ให้,1
กู๊ดไนท์ค่ะสุขใจ,1
ชีวิตดี๊ดีสุขใจแบบบอกไม่ถูก,1
สุขใจกับสิ่งที่ทำก็ทำเลยแค่นี้เล็กน้อย,1
งานวัดบ้านเราสุขใจ,1
สุขกายแต่ไม่สบายใจยังไงก็ไม่มีความสุขสุขใจที่บ้านเรา,1
สุขใจที่ได้ทำสวัสดีวันหยุดจร้า,1
สุขของฉันยุ่ที่ใจไม่ใช่ที่ใครทั้งนั้นสบายใจ,1
คนรู้ใจคือเข้าใจความรู้สึกสวัสดีวันจัทร์ปีสุขใจตลอดปีนะค๊า,1
คนดื้อต้องหลอกกินข้าวจะอิ่มอย่างเดียวเลยสุขใจ,1
ยิ้มรับวันใหม่เบาหลังจากจบทริปกมกลับมาปั่นกมเหมือนเดิมเพิ่มเติมคือสุขใจที่ได้ปั่น,1
มาแจกหนมเด็กสุขใจ,1
สุขใจเมื่อมีเธอ,1
เวลาแห่งความสุขสุขใจ,1
ก็มาฉลองความสำเร็จในทุกวันที่ผ่านมากันคะสุขใจที่มีเธอ,1
มหกรรมตำส้มก็เกิดขึ้นในเวรบ่ายอย่างชิวกินยาวปายสุขใจเมื่อได้กิน,1
เสร็จงานบ้านแย้วเที่ยวได้เย้สุขใจในวันหยุด,1
จงมีความสุขกับชีวิตของตัวคุณเองโดยที่ไม่ต้องไปเปรียบเทียบกับชีวิตของใครสุขใจ,1
ตื่นเช้าใส่บาตรสุขสันต์วันเกิดนะลูกสาวสองขวบแล้วสุขใจที่มีเธอ,1
อ่าเมี่ยงปลาเผาปลาค่อใหญ่สุขใจที่บ้านเรา,1
จะเก็บไว้ในความทรงจำสุขใจที่ได้มา,1
การรอคอยที่แสนมีค่าสุขใจ,1
เลี้ยงเค้กเด็กทั้งโรงเรียนพรุ่งนี้พร้อมแล้วนะคะสุขใจที่ได้ทำ,1
วันที่ดอกไม้บานเต็มที่ความสวยก็จะสมบูรณ์สุขใจที่บ้านเรา,1
เอาขนมมาแจกเด็กจ้าวันนี้จะปีใหม่แล้วทำบุญกับเด็กหน่อยสุขใจที่สุด,1
เอาบุญมาฝากทุกคนนะคะสุขกายสุขใจพร้อมรับความโชคดี,1
เค้าดาวน์กับใครไม่รู้แต่เค้ารักตัวเองอยู่ป่าวสุขใจที่บ้านเรา,1
ไหว้พระทำบุญขอพรปีอิ่มบุญสุขใจ,1
อยู่กับคนที่รักกับสิ่งที่รักสุขใจ,1
ส่งท้ายปีเก่าต้อนรับปีใหม่สุขใจที่มีเธอรักกันข้ามปี,1
ดูแลเขาหน่อยเขาได้เหรียญทองมต้นเลยนะชุดใหญ่ทั้งกินทั้งห่อสุขใจ,1
ลมหนาวฝนตกไม่เป็นไรสุขใจเป็นพอ,1
สุขใจเด้อบ้านเรา,1
ซ้อมสุขใจที่บ้านนอกบ้านฉันเอง,1
สุขใจทุกครั้งที่ลงมือทำ,1
สายลมแสงแดดหมอกสุขใจ,1
ผลการแสดงเท่าไหร่ไม่รู้แต่ความตั้งใจเกินสุขใจที่ได้ทำ,1
สุขใจที่ได้คุยกับพ่อแม่รักที่สุด,1
ธรรมชาติสุขใจ,1
งานบุญพี่ก็ไม่พลาดขอให้มีแต่สิ่งดีเข้ามาในชีวิตสุขใจ,1
อยู่บ้านมันก็จะสมบูรณ์หน่อยเช้าอากาศดีดีลมเย็นภายใต้ชุดนอนสุขใจที่บ้านเรา,1
คนเดียวก็มาค่ะสุขใจที่ได้วิ่งวันนี้เจ็บขอจบที่พอค่ะ,1
เป็นการถ่ายภาพที่วิ่งตามรถภาพมันก็จะแบบสุขใจ,1
ห่างหายกันไปนานเจอกันจัดเต็มส่งท้ายปีเก่าความสัมพันธ์ยังคงเดิมสุขใจทุกครั้งที่ได้เจอ,1
ความสุขเล็กที่เงินซื้อไม่ได้สุขใจที่ได้ทำ,1
เก็บภาพบรรยากาศงานปิดทองฝังลูกนิมิตวัดทัพหลวงมาฝากสุขใจ,1
ความสุขของพวกเขาเราก็สุขใจ,1
ไปเที่ยวกันสุขใจได้ทุกที่แค่มีเราอยู่ด้วยกัน,1
ทำงานไม่ได้ก็เลยหนีกลับบ้านมาหลายวันสุขใจ,1
ผู้หญิงไม่ได้ชอบคนเลวหรือคนรวยแต่ผู้หญิงชอบคนที่อยู่ด้วยแล้วสุขใจ,1
ฉันขอเพียงเท่านี้ก็สุขใจ,1
ไม่จำเป็นต้องห้องแอร์ขอแค่สุขใจ,1
ได้มากกว่าเงินก็คือความภูมิใจวันนี้กูไม่พลาดล่ะโว๊ย,1
สุขใจสุขใจทุกครั้งที่ได้ลงมือทำ,1
สวัสดีเช้าวันพฤหัสบดีครับทุกสถานีมีแต่ความสุขครับสุขใจทุกครับที่ได้ทำเพื่อนสังคม,1
เมื่อดาวมหาลัยชุดแดงเจอทุ่งดาวเรืองสีเหลืองทองก็จะวุ่นหน่อยสุขใจวันเสาร์,1
พักผ่อนกับดวงใจหน่อยสุขใจ,1
ไม่ต้องบอกว่าปลื้มขนาดไหนดูจากรอยยิ้มพี่สิสุขใจ,1
คุนมีเหตุผลของคุนผมมีหัวใจของผมแค่นี้ก็สุขใจ,1
สุขใจทีได้มีเพื่อนปลใครสวยคนนั้นรอด,1
สุขอะไรก็ไม่เท่าสุขที่ใจวันศุกร์สุขใจ,1
ความซื่อสัตย์และความตั้งใจจะนำพาเราไปสู่ความสำเร็จสุขใจยามเย็นค่ะเพื่อน,1
เรียนรู้ที่จะรักโดยไม่หวังสิ่งใดตอบแทนสุขใจกว่าเยอะ,1
เลิกเหอะเช็คอินร้านเหล้ามาเช็คอินบ้านเราดีกว่าสุขใจเมื่อได้กลับบ้าน,1
คิดดีก็จะเจอแต่สิ่งดีดีสุขใจ,1
สุขใจทุกครั้งที่เข้ามาเอาบุญมาฝากทุกคนจร้า,1
พาแม่มาทำบุญฟังเทศก่อนไปทำงานสุขใจ,1
ทำบุญสารทไทยเอาบุญมาฝากทุกคนเลยนะคะสุขใจ,1
ที่จริงเเล้วเขาไม่ใช่คนอื่นคนไกลหรอกคนนี้เขาเเค่น้องชายของผมก็เท่านั้นเองน๊าสุขใจที่สุดที่สองเราได้มาเจอกันอีกครั้งง,1
มีแต่เรื่องดีเข้ามามีแต่สิ่งดีที่เกิดขึ้นสุขใจ,1
มาไหว้หลวงพ่อโตสาธุร่วมกันคะอิ่มบุญสุขใจ,1
สุขใจกับสิ่งที่ได้ทำและการตอบรับที่ดี,1
สุขใจใดเล่าเท่าอิ่มบุญ,1
นู๋ไม่ได้ชอบคนหล่อหรือรวยแต่ชอบคนที่อยู่ด้วยแล้วสุขใจ,1
งานบุญเราก็มาสะสมวันละนิดวันละหน่อยค่ะสุขใจที่ได้ทำ,1
ทริปกะทันหันสุขใจที่ได้เที่ยว,1
ถ่ายรายการเสร็จต้องมาขับล้อต่อทำงานหน้ารวยสุขใจ,1
ความรู้มากมายที่ห้องเรียนไม่มีสอนมันอยู่ในสัญชาตญาณของเราครูหยกสุขใจ,1
ความสุขของผู้เป็นหลานสุขใจความสุขเล็กของพ่อแกอยากไปแลเสือเสียงว่า,1
คนเดียวก็มาค่ะสุขใจที่ได้วิ่ง,1
ความสุขของแม่คือการได้มองดูลูกชายกินอิ่มนอนหลับสุขใจได้อยู่กับเทอร์,1
วันเด็กทั้งทีพาไปเที่ยวบ้างสิเอ๊ะยังไงสุขใจที่,1
จบทริปทำบุญบริจาคสิ่งของและสมทบทุนการศึกษาให้กับเด็กสุขใจ,1
อีกเดือนกว่าจะจบปีแล้วไวเนาะแปปเดียวเองสุขใจ,1
สุขใดเล่าจะเท่าศุกร์เสาร์อาทิตย์เอ้ยสุขใจที่ได้อยู่บ้านเรา,1
เริ่มต้นวันใหม่กับสิ่งดีทุกอย่างที่เลือกทำคิดว่ามันดีที่สุดแล้วสุขใจทุกครั้งที่ได้เลือกของทำบุญเอง,1
เริ่มต้นความสุขปีสุขใจแค่ไหนดูที่รอยยิ้ม,1
มีความสุขมากที่ได้อยู่ด้วยกันพร้อมหน้าพร้อมตาสุขใจ,1
วันนี้วันพระสุขกายสุขใจกันนะคะทุกคน,1
เมื่อเธอพอฉันจะรออยู่ตรงนี้ฉลองสำหรับเราเริ่มงานวันแรกมีความสุขอยากกินอะไรกินสุขใจที่มีเธอทั้งคน,1
กิจกรรมวันเด็กสุขสันต์ปีรู้คิดรู้เท่าทันสร้างสรรค์เทคโนโลยีสุขใจเมื่อเห็นลูกมีความสุข,1
สุขใจทุกครั้งที่เข้ามาเอาบุญมาฝากทุกคนจร้าสาธุ,1
สุขใจที่ได้มาเพราะศรัทธาถึงทำบุญ,1
ยิ้มฉันยิ้มได้มากกว่าทุกครั้งแววตาที่แสนมีความสุขมันเกิดจากใจที่สุขจิงสุขใจ,1
เช้านี้มาวิ่งงานสุขใจทุกครั้งเมื่อได้ทำในสิ่งที่ชอบ,1
มาเยี่ยมญาตินางสวยนางคอยาววิถีชีวิตชนพื้นเมืองความเป็นอยู่ที่เรียบง่ายสุขใจ,1
สุขใจงานบุญวัดหนองบัว,1
ทำบุญสุขใจแค่ไหนที่มีนายเข๋งในวันที่เราไม่เหลือใครเริ่มต้นใหม่หางานทำขอให้มีแต่สิ่งดีเข้ามาในชีวิตด้วยสาธุ,1
วันนี้ตื่นแต่เช้ามารอใส่บาตรตุ้ใหม่รูปวัดบุญภาคสุขใจสบายใจมีความสุข,1
ชอบคนที่ตอบเเชทเร็วดีต่อใจ,1
ดีต่อใจขอชนะรัวแบบนี้ตลอดได้ไหม,1
มื้อเย็นทานอาหารทะเลสดดีต่อใจ,1
ดีต่อใจเขียนตาติดทนตัวนี้กราบเลย,1
ดีต่อใจต้องแชร์ไว้ทำท่าออกกำลังกายทั้งคาร์โอและบอดี้เวทชุด,1
ของขวัญวันวาเลนไทน์มอบด้วยใจกับดีต่อใจแฟน,1
ดีต่อใจสาวไหนก็ชอบเก็บได้น้านนาน,1
บอกไปว่าคนนี้คือผัวฉันดีต่อใจแท๊กเพื่อนมาดูผัวเร็ว,1
ทำไมน่ารักจังทำไมถึงน่ารักกว่าชาวบ้านเค้าดีต่อใจ,1
ดีต่อใจเมื่อขายได้ทั้งไทยและต่างประเทศ,1
พยาบาลแจงพยาบาลสาวสวยรพวิชัยยุทธคับดีต่อใจ,1
ดาเมจรุนแรงมากดีต่อใจ,1
อยากได้คนนี้ไปเคาท์ดาวน์มั้ยดีต่อใจ,1
ดีต่อใจงานดีเว่อร์,1
พ่อของลูกดีต่อใจ,1
ฉันรักเค้าดีต่อใจ,1
โอ๊ยชอบแบบมีหนวดมั้ยดีต่อใจ,1
ช่างนี้เสพติดแต่สิ่งดีมีประโยชน์ดีต่อใจ,1
มาเพื่อดีต่อใจชานมไงลองกินดู,1
กีต้าร์วีทำสิ่งนี้ก็ได้ใจไปเต็มเลยน่ะสิดีต่อใจ,1
ปั้นมอัสสัมชัญโคราชดีต่อใจ,1
ชูใจมาแล้วค่ะดีต่อใจ,1
ฉันอยากกินเค้าดีต่อใจ,1
ทำไมต้องหล่อขนาดนี้ค่ะดีต่อใจแท๊กเพื่อนมาดูสามี,1
เห็นอยากโดนต่อยเลยดีต่อใจ,1
จองตาแล้วรู้สึกยังไงดีต่อหัวใจ,1
หนุ่มหล่อตระกูลวรรธนะสินดีต่อใจ,1
ชอบผู้ชายแบดบอยดีต่อใจ,1
ข้าวเหนียวขนุนหวานมันอร่อยชื่นใจหน่อยอร่อยจริงดีต่อใจเฮียหมีสุดยอด,1
ขนาดอายุปีเสียงดีต่อใจขนาดนี้,1
เพลงเพราะฟังสบายดีต่อใจ,1
ที่ข้างยังว่างไม่ค้าดีต่อใจ,1
แฟนเค้าเองดีต่อใจ,1
งื้อหลงรักดีต่อใจ,1
สามีเค้าเองดีต่อใจ,1
ดีต่อใจป่ะถนัดเป็นแม่บ้านค่ะคึคึ,1
โอ๊ยบอกเค้าทีว่าฉันรักเค้าดีต่อใจ,1
ถ้าหลัวทั้งหลายจะโดนคลื่นซัดซะขนาดนี้นะดีต่อใจ,1
อ๊ายเด็กช่างรักจริงนะดีต่อใจ,1
ดีต่อใจอินเทรนกันนิสนุง,1
ซ้อมด้วยเทรนเนอร์ด้วยดีต่อใจ,1
อยากกินน้ำของใครบอกสิดีต่อใจ,1
ชอบผู้ชายมีรอยสักดีต่อใจ,1
อยากได้แบบนี้ดีต่อใจ,1
กินปูดีกว่าอร่อยดีดีต่อใจ,1
ขอบคุณนะคะดีต่อใจ,1
เภสัชเขียวที่รักขายวันนี้รวยวันนี้ดีต่อใจ,1
ออเดอร์รอบเย็นอีกหลอดดีต่อใจ,1
ไปมหาลัยทั้งได้เรียนรู้ทั้งได้มองสาวสวยหมวยอึ๋มเต็มเลยดีต่อใจ,1
หาผัวแป๊บจะเอาแบบนี้บ้างดีต่อใจ,1
ดอกไม้สื่อรักดีต่อใจ,1
พิ้วโกล์ดพร้อมเสริฟดีต่อใจ,1
นุ้งปรีทำไมถึงได้เซ็กซี่มากขนาดนี้สวยมากดีต่อใจ,1
เกาะฮอร์สชูในเกาะสวยทริปทะเลหัวใจมรกตประเทศพม่าดีต่อใจ,1
น้องลูกพีชพยาบาลสาวสวยน่ารักรพจุฬาลงกรณ์สภากาชาดไทยคับดีต่อใจ,1
ปาฏิหาริย์ไม่ได้อยู่บนท้องฟ้าแต่อยู่ในตัวของเราทุกคนดีต่อใจ,1
แล้วคุณจะหลงรักกระเป๋าเพื่อสุขภาพบ่าที่ดีต่อกายและดีต่อใจ,1
ผู้หญิงมีแก้มมีเหนียงนมเล็กมักจะน่ารักขึ้นดีต่อใจ,1
งามดีไซน์เฉียบแต่งห้องรับแขกกันไม๊คะดีต่อใจ,1
หัวใจดวงใหญ่มาละจ้า,1
ปลโฟกัสที่หัวใจนะไม่ใช่ที่คนส่งดีต่อใจ,1
การมีใครสักคนที่อยู่เป็นกำลังใจให้กันและกันเสมอมันเป็นเรื่องที่ดีต่อใจนะ,1
อ้วนก็บ่นผอมก็ว่าอะไรคือพอดีน้องล่ะเอาใจไม่ถูกจริงคะขุ่นพี่ข๋าดีต่อใจ,1
ชุดนี้สาวบอกดีต่อใจแตกในก็ยอม,1
ถึงไม่ได้รวยแต่ก็มีความพยายามอยากก้าวไปข้างหน้าดีต่อใจ,1
ถ้าชาติหน้ามีจริงขอให้เราเกิดมาเป็นผัวเมียกันนะกูมโนดีต่อใจ,1
ดีต่อใจปนำโชค,1
ส่องภาพความหล่อวัยเด็กน้องริววชิรวิชญ์ดีต่อใจ,1
มีใจกะตามมาจะหนีแฟนมากะตามใจดีต่อใจ,1
ดีต่อใจใครก็ชอบอีเจน,1
เห็นสามียิ้มแล้วละลายดีต่อใจ,1
เฮียเจฟเป็นคนน่าฟัดเอ้ยยน่ารักดีต่อใจ,1
ไม่ได้เลือกเพราะดีกว่าใครแต่เลือกเพราะดีต่อใจ,1
วันนี้ขอสวยนิดนึงนะคะดีต่อใจ,1
อากาศเป็นใจนั่งจิบชาไปในคืนพระจันทร์เต็มดวงดีต่อใจ,1
อย่ามองหน้าสิใจคอไม่ค่อยดีดีต่อใจ,1
หลงรักผู้ชายคนนี้ดีต่อใจ,1
ขอบคุณภาพแอบถ่ายจากเฮียอ๊อฟดีต่อใจ,1
ในที่สุดในที่สุดก็สูบคลิปนี้จากมาได้ดีต่อใจ,1
ฝนตกมาหาความอบอุ่นดีต่อใจ,1
กับมาสู่สะพาวะปกติดีต่อใจ,1
รับสมัคกิ๊กตำแหน่งสนใจทักแชทเรยดีต่อใจ,1
ดูแล้วน้ำลายสอของจริงใครไม่เปรี้ยวปากนะให้มาตีหน้าเลยมีความแซ่บจริงดีต่อใจ,1
จัดชุดใหญ่สิครับรอไรหมดไปแค่เองจี๊บดีต่อใจใครก็ชอบ,1
ดีต่อใจทั้งประเทศแน่นอน,1
นานจะได้เตะหมดแรงขาก็อ่อนดีต่อใจ,1
ดีต่อใจที่สุดตอนนี้,1
บรรยากาศกำลังดีเลยครึกครื้นไปด้วยชาวต่างณริมโขงดีต่อใจ,1
มารับลูกชายตามฤกษ์ที่หลวงพ่อสินเมตตาดูให้ดีต่อใจ,1
เด็กน่ารักมากมายดีต่อใจมอนิ่งจร๊,1
ใครหน้าเด็กสุดดีต่อใจ,1
ที่มาของกลิ่นหอมช่วงนี้ค่ะดีต่อใจ,1
ดีต่อใจใครก็รัก,1
ได้หมดถ้าสดชื่นต้นข้าวบอกกลับแระลงได้ดีต่อใจ,1
คนนี้ดีต่อใจเป้นใครก็อยากให้อยู่นาน,1
ชอบเด็กรดมั้ยดีต่อใจ,1
เริ่มต้นวันใหม่ตามไปดูรีวิวบ้านหลังนี้กันที่บ้านก็สวยบ่อปลาก็งามแค่เห็นก็รู้สึกเหมือนได้ไปบ้านพักตากอากาศเลยมองเพลินดีต่อใจ,1
นักเรียนโรงเรียนนี้ทำดีเพื่อพ่อหลวงสิ่งดีในปีใหม่,1
สิ่งดีจงบังเกิดสาธุ,1
อู้วพุธล้าวนับถอยหลังสิ่งดีกำลังจะเริ่มต้น,1
ทำบุญส่งท้ายปีเก่าสิ่งดีกำลังจะเข้ามาสาธุ,1
เห็นนางเงียบยอดเพียบนะจ้ะเย้จบไปอีกหลังวุ้วสิ่งดีเกิดขึ้นในทุกวันเลย,1
สิ่งดีในชีวิตก็เก็บไว้คิดเป็นกำลังใจ,1
สิ่งดีจงบังเกิดเกิดขอบคุณสำหรับทุกอย่าง,1
สิ่งร้ายที่ผ่านมามักจะมีสิ่งดีตามมาเสมอ,1
วันนี้วันดีได้ฤกษ์เจิมรถสิ่งดี,1
ชีวิตไม่มีคำว่าสายเกินไปสำหรับการเริ่มต้นใหม่กับสิ่งดี,1
ส่งท้ายปีเก่าต้อนรับปีใหม่สิ่งดีจงเข้ามา,1
เข้าวัดบ้างสิ่งดีจะได้เข้ามาหา,1
สุขกายสบายใจทำบุญรับปีใหม่จ้าสิ่งดี,1
สำหรับคืนนี้บอกได้คำเดียวว่าเฮงสิ่งดีกำลังจะเริ่มต้น,1
ทำดีแม้ไม่มีใครเห็นก็เป็นบุญทำดีไม่มีสูญเปล่า,1
มองทุกอย่างในแง่ดีแล้วสิ่งดีจะตามมา,1
คืดดีพูดดีทำดีสิ่งดีก็จะตามมา,1
คืนพระจันทร์สีเเดงสิ่งดีจงเข้ามา,1
สวัสดีสิ่งดีจงเกิดแก่ข้าพเจ้า,1
ใส่บาตรใส่ใจทำความดีีสิ่งดีก็จะตามมานะจ่ะนะจ่ะ,1
จัดส่งเรียบร้อยจร้าาออเดอร์วันนี้ใครก็รักสุขภาพสิ่งดี,1
สิ่งดีในชีวิตก้เก้บไปคิดเป้นกำลังใจ,1
ความสุขคนทำงานของผมคือผลงานที่เป็นรูปธรรมสิ่งดีเริ่มต้นที่ตัวเรา,1
บางทีถ้าเราหยุดตามหาสิ่งที่เราตามหามันจะมาเองสิ่งดี,1
สิ่งดีในชีวิตก็เก็บไว้คิดเป็น,1
เทศกาลแห่งความสนุกเริ่มต้นสิ่งใหม่สิ่งดี,1
ทำบุญไหว้พระขอพรสิ่งดีจงเข้ามาในชีวิตและครอบครัวของเรา,1
สาธุสิ่งดีเข้ามาในชีวิต,1
ปีใหม่ทั้งทีอยากเจอแต่สิ่งดีบ้างง้ะ,1
ขอบคุณที่คอยอยู่เคียงข้างกันสิ่งดีกำลังเข้ามา,1
มันมีความสุขจริงนะสิ่งดีที่ได้รับในวันนี้,1
สิ่งดีสีเก็บไว้จะอยู่ไห่นใจตะหลอดไป,1
สิ่งดีจงเข้ามสิ่งร้ายจงหายไปรักนะจุ๊บ,1
เก็บไว้ในความทรงจำสิ่งดี,1
บันทึกความทรงจำสิ่งดีในปีใหม่,1
ลอยกระทงสิ่งดีจงเข้ามาา,1
เข้าวัดทำบุญวันแรกของปีสิ่งดีเข้ามาหาตัว,1
วันสุดท้ายของปีแล้วสิ่งดีจะเข้ามาก็ยังทัน,1
สิ่งไม่ดีจงลอยออกไปสิ่งดีจงลอยเข้ามา,1
สวดมนต์ข้ามปีสิ่งดีกำลังเข้ามา,1
สวัสดีปีใหม่ค่ะทุกคลร่ำรวยเงินทองสิ่งดี,1
จะปีเก่าปีใหม่ชีวิตก็เหมือนเดิมสุขหรือทุกข์อยู่ที่เรากำหนดยิ้มต้อนรับปีใหม่สิ่งดีรออยู่,1
อาจจะดีก็ได้ใครจะไปรู้ดีเท่าตัวเราขอบคุณนะคะดูกันไปยาวเน้ออสิ่งดีปี,1
ชีวิตไม่จำเป็นต้องดีที่สุดสิ่งดีเก็บไว้เป็นกำลังใจสิ่งร้ายเก็บไว้เป็นบทเรียน,1
จุดหมายปลายทางไม่สำคัญเท่าเรื่องราวระหว่างทางสิ่งดีเกิดขึ้นได้เสมออยู่ที่เราเชื่อ,1
ขอบคุณครอบครัวที่น่ารักและมิตรภาพดีที่ยังมีอยู่สิ่งดีที่กำลังเข้ามา,1
หลังจากออกกำลังยามเช้าสูดบรรยากาศก่อนการอบรมวันแรกสดชื่นสมองปลอดโปร่งสิ่งดีเริ่มต้นที่ตัวเรา,1
ทิ้งสิ่งเก่าที่ไม่ดีไว้กับปีนี้แล้วรอรับสิ่งดีในปีใหม่บุญนั้นคือความสุขบุญนั้นคือความสบายใจคิดถึงบุญกุศลที่ได้ทำไว้คิดถึงทีไรก็สบายใจทุกทีสิ่งดีเริ่มต้นด้วยการแบ่งปัน,1
ทำบุญวันเกิดสิ่งร้ายผ่านไปสิ่งดีเข้ามาในชีวิต,1
สวดมนต์ข้ามปีกันค่ะปีหน้าจะได้เจอคนดีสิ่งดีงานดีสาธุรับอนุโมทนาบุญร่วมกันนะคะ,1
วัยรุ่นสายบุญเอาบุญมาฝากอนุโมทนาบุญร่วมกันนะครับสิ่งร้ายจงผ่านไปสิ่งดีจงเข้ามาสาธุสาธุสาธุ,1
มือนี้แกงเขียวหวานไก่ทอดหมูยอเหนื่อยแต่สนุกและมีความสุขกับสิ่งที่ทำสิ่งดีเริ่มต้นที่ตัวเรา,1
ให้ปีเป็นบทเรียนและเป็นการเปลี่ยนแปลงสิ่งดีในชีวิต,1
บุญกระฐินเลี้ยงทานปีนี้ก็ผ่านไปด้วยดีอีกครั้งรับส่วนบุญส่วนกุศลร่วมกันสิ่งดี,1
ลอยลอยกระทงสิ่งดีเรื่องดีจงเข้ามาเรื่องร้ายจงออกไปจากชีวิตด้วยเถิ๊ดด,1
สงสัยได้ฤกษ์เปลี่ยนรถใหม่จุ๊บกันเบาผิดแค่เราเกิดมาเตี้ยไปหน่อยสิ่งดีกำลังจะเข้ามา,1
มาทำบุญไหว้พระบริจาคโลงศพไถ่ชีวิตโคกระบือสิ่งดีจงบังเกิด,1
พลทหารของฉันสิ่งดีที่เข้ามาในชีวิตฉัน,1
อยากสวยต้อนรับดีไหมทักมาเยยน้าสิ่งดีที่อยากบอกต่อ,1
ทำบุญต้อนรับปีใหม่สิ่งดีจะได้เข้ามา,1
สิ่งดีก่อนจะส่งท้ายปี,1
แบ่งปันความรู้สู่น้องนู๋การเรียนรู้ไม่มีสิ้นสุดคิดดีทำดี,1
เราควรยืนในที่ที่มีค่าและมีความสุขดีกว่าคิดดู,1
สวัสดีวันพุธสีชมพูจงรักษาความอ้วนดั่งเกลือที่รักษาความเค็มคิดดี,1
จะเชื่อไหมว่าผู้หญิงคนนี้เคยดำมาก่อน,1
กล้าโชว์ผิวสดไลฟ์สดไม่ขาวจริงจะทำป่ะคิดดู,1
ความแตกต่างกับการได้กินนิวควีนคิดดูว่าลดจิงเเค่ไหน,1
แค่รู้ว่าโรงเรียนจะเปิดเทอมมีความสุขจัง,1
อากาศดี้ดีลมหนาวอยุ่กับครอบครัวมีความสุขสุดฝีมือยายอร่อยฝุด,1
ช่วงนี้ชอบมีคนเปย์อย่าเพิ่งคิดเทเค้านร้ามอนิ่งคราฟอากาศดี้ดี,1
สาวน้อยอาหมวยเก้าเดือนวันอากาศดี้ดีกับเด็กขี้สงสัย,1
อากาศดีพี่น้องเขาหลับแข่งกันรักมากทั้ง,1
ผาหมอกวิวายจังหวัดร้อยเอ็ดอากาศดี้ดี,1
สุขใดเล่าจะเท่าอยู่บ้านอากาศดี้ดีที่บ้านเรา,1
อากาศดี้ดีและธรรมชาติสวยงามมากโอกาสที่หาได้อยาก,1
มารับโอโซนอากาศดี้ดี,1
อากาศดี้ดีสุดจะบรรยาย,1
อากาศดี้ดีความรู้สึกก็เช่นกัน,1
สวัสดีแสงอาทิตย์ยามเช้าอากาศดี้ดีกินลมชมวิวทุ่ง,1
นั่งเรือข้ามเกาะอากาศดี้ดี,1
เช้านี้ที่เรือนแพอากาศดี้ดี,1
ภูทับเบิกอากาศดี้ดีอยากย้ายบ้านไปอยู่บนดอย,1
พักผ่อนหย่อนใจริมเถียงนาอากาศดี้ดี,1
ไม่ต้องไปใหนไกลอากาศดี้ดี,1
อากาศดีนอนสบายใจ,1
อรุณสวัสยามเช้าอากาศดี้ดี,1
เช้านี้ที่บ้านเราอากาศดี้ดี,1
อากาศดี้ดีพอดีตากข้าว,1
อยากนอนแต่งานมันดันอากาศดี้ดีสุขสันต์วันเสาร์,1
งานเลี้ยงต้องมีวันเลิกลายามเช้าตรู่อากาศดี้ดี,1
หนาวนี้กอดใครหนาวมั้ยกอดกันอากาศดี้ดี,1
อากาศดี้ดีพร้อมลุย,1
อากาศดี้ดีทำงานดีฝ่า,1
ใบไม้เริ่มเปลี่ยนสีดั่งใจคนเริ่มเปลี่ยนไปอากาศดี้ดี,1
นานทีกลับบ้านอากาศดี้ดีน้ำตกผาสามยอด,1
อรุณสวัสดิ์วันพระจ้าสาธุอากาศดี้ดี,1
อากาศดี้ดีสดชื่น,1
ส่งความคิดถึงไปพัทยาเสร็จแล้วเราก็มากินส้มตำกันคนที่ทะเลอากาศดี้ดี,1
นอนอย่างเดียวเลยมื้อนิอากาศดี้ดี,1
มื้อเย็นคนเดียวอากาศดี้ดีมีความชื่นใจ,1
อากาศดี้ดีของชาวสวน,1
ลมหนาวพัดมาวอยทำให้ใจลอยคิดถึงคนไกลอากาศดี้ดี,1
อากาศดี้ดีศุกร์หรรษา,1
อากาศดี๊ดีเก็บภาพสวยก่อนจะกลับไปซุกตัวอยู่ในผ้าห่ม,1
เช้านี้ที่นาเพียงอากาศดี้ดี,1
อากาศดี๊ดีที่มวกเหล็ก,1
ความสุขไม่มีค่างวดแต่เป็นสิ่งที่เราสร้างเองได้และเห็นผลลัพท์ที่จิตใจอากาศดี้ดี,1
พื้นที่เล็กของบ้านเราอากาศดี้ดี,1
ทริปรถไฟลอยน้ำอากาศดี้ดี,1
อากาศดี้ดีสวัสดีวันจันทร์คับ,1
วันหยุดอ่าาอากาศดี้ดี,1
สวัสดีเช้านี้ที่พัทลุงอากาศดี้ดีถ้าจะดีกว่านี้มีออเดอร์รัว,1
เป็นเช้าที่สดใสอากาศดี้ดี,1
สวัสดีวันทำงานอากาศดี้ดี,1
เบื่อแล้วเป็นเสืออยากเป็นเหยื่อให้เสือขย้ำอากาศดี้ดี,1
เดินชมทุ่งยามเย็นกับแม่ค้าบอากาศดี้ดี,1
อากาศดี้ดีหน้าสด,1
มอร์นิ่งเช้ายามสายสวัสดีวันอาทิตย์สีแดงอากาศดี้ดี,1
ทริปทำบุญอากาศดี้ดี,1
เลิกงานแล้วอากาศดี๊ดีนอนดีฟ่า,1
หัวหินอากาศดี้ดี,1
พอไปไร่ไปนาอากาศดี้ดีน่านอน,1
อากาศดี้ดีการเรียนเช้านี้ก็เช่นกันง่อว,1
อิปนิ้งครัชอากาศดี้ดีฮอดนิ้ล่ะ,1
มอนิ่งคัฟอากาศดี้ดี,1
ให้มันเป็นสีชมพูอากาศกำลังดีบ้านโพธิ์สวัสดีโซเซียล,1
โรงเรียนของเราน่าอยู่ต้นไม้เยอะอากาศดีชีวิตก็ดี,1
ฝนตกอากาศดีดี้หนาวอยากนอนกอดแฟนแฮร่,1
ฝนจะตกอีกแร้วอากาศดี้ดีนอนสิค่ะ,1
สดชื่นอากาศดีงานดี,1
พักผ่อนวันหยุดอากาศดี้ดี,1
เรื่อยตามประสาคนโสดแอร้ยอากาศดี้ดี,1
มอนิ่งวันทำงานคร๊าอากาศดี้ดี,1
สวัสดีบ้านโพนแบงซิตี้อากาศดี้ดีลมก็แร๊งแรง,1
เปลี่ยนบรรยากาศกินข้าวนอกทุ่งอากาศดี้ดี,1
มีความง่วงนอนอากาศดี้ดีทำงานไปค๊ะ,1
รอยยิ้มทารกคลอดก่อนกำหนดรอยยิ้ม,1
รอยยิ้มที่สวยที่สุดไม่จำเป็นต้องมาจากคนที่สวยที่สุด,1
รอยยิ้มที่มาจากความในใจรอยยิ้มที่มากด้วยความสุขรับถ่ายภาพน้ะ,1
รอยยิ้มของสามีอิชั้น,1
รอยยิ้มของคุณคือความสุขของเราเด็กดื้อรักน้องเมลคับ,1
รอยยิ้มคือสิ่งที่ใช้สร้างมิตรภาพโดยปราศจากต้นทุน,1
รอยยิ้มนี้เพื่อเธอรักเด้อคนเฒ่าแม่ของใครน้อ,1
รอยยิ้มของแม่สัญญาจะทำให้ยิ้มแบบนี้ไปเรื่อยมีทริปดีไปตลอดปี,1
รอยยิ้มของลูกคือความสุขของพ่อแม่,1
รอยยิ้มคือความสุขคนข้างหลังก็คือความสุข,1
รอยยิ้มของลูกมองยังไงก็ไม่มีเบื่อ,1
รอยยิ้มของเธอคือความสุขของฉันวันว่างของเราสองคน,1
รอยยิ้มบ่งบอกว่าเรากำลังมีความสุข,1
ขอบคุณทุกคำอวยพรนะค่ะรอยยิ้มความสุขความทรงจำที่ดีสู้ต่อเพื่ออนาคต,1
รอยยิ้มแห่งความสุขวันนี้เราจะยิ้มไปพร้อมกัน,1
รอยยิ้มที่พี่ส่งไปไม่สะเทือนใจบ้างเลยหรอ,1
รอยยิ้มของแม่คือความสุขของบิว,1
เล่นอะไรแต่เช้าเลยวาดจันทร์ขาแจ่มใส,1
ต้นขาไม่เรียวแต่รักเดียวนะเธอฮ่าแจ่มใส,1
ทำทุกอย่างที่ใจรักและความสุขมันจะเกิดคืนนี้ไลฟ์สดน่ะค่ะราคาถูกมากบอกเลยแจ่มใส,1
สวัสดีปีเทอมแจ่มใส,1
ดอกเหลืองอินเดียดอกใหญ่กำลังบานสวยรอบที่ทำงานแจ่มใส,1
จัดมาตัวแรกที่ได้คือปลาหมอเทศยักจากแจ่มใส,1
เดินทางไปล่าฝันแจ่มใส,1
เดียวก็สบายแล้วแจ่มใส,1
ทดสอบฝีมือหน่อยยังแม่นเหมือนเดิมนี่หว่าตัวที่ตัวที่ตัวที่แจ่มใส,1
วันนี้วันดีอากาศดีสดชื่นแจ่มใส,1
สาธุวันนี้วันพระแจ่มใส,1
สวัสดีเช้าวันศุกร์สดชื่นแจ่มใส,1
แจ่มใสตลอดปีสวัสดีปีใหม่จร้าแลกของขวัญอบอุ่นชิว,1
รอบเช้าของการเที่ยววันที่สองแจ่มใส,1
แจ่มใสขึ้นความน่าฟัดก็มาน้องนามิขี้เหม็นรักนางที่สุด,1
ตื่นเช้ามาได้กินกินอิ่มนอนหลับแค่นี้ชีวิตก็สุขสุดแล้วแจ่มใส,1
เติมความหวานวันละนิดชีวิตจะได้แจ่มใส,1
มีตู้รองเท้าสีใหม่เข้ามานะคะแจ่มใส,1
สวัสดีเช้าวันพุธสดชื่นแจ่มใส,1
แจ่มใสน่ารักไม่คืนได้ป่าว,1
แจ่มใสวันละสามรูปคอหนักต้องค้ำไว้เซตเท้าคาง,1
หยุดแบบนี้อยู่กับหลานไปดิสดชื่นแจ่มใส,1
จะอยู่ที่ไหนมุมไหนพระจันทร์ก็ยังคงดวงเดิมแจ่มใส,1
เข้าวัดทำบุญบ่อยแจ่มใส,1
มอร์นิ่งวันอังคารสีชมรูแจ่มใสฟ้าสวย,1
เช้าวันแรกของปีมคแจ่มใส,1
ตื่นแต่เช้าไปวัดอรุณสดชื่นแจ่มใส,1
วันละนิดจิตแจ่มใส,1
เช้านี้ที่มหาลัยแจ่มใส,1
ผลลัพท์ที่เกิดขึ้นหลังจากวันที่ผ่านมาแจ่มใส,1
ก้อนเมฆสวยมากการเริ่มต้นใหม่กำลังจะเกิดขึ้นสู้เด้อสู้แจ่มใส,1
เริ่มต้นปีใหม่ค่ะเที่ยวไกลแจ่มใส,1
เลิกงานแพ็คของส่งของรับตังค์กลับบ้านแจ่มใส,1
ระหว่างที่รอน้ำนมกลับมาเหมือนเดิมรื้อสต็อกอันน้อยนิดมากินแก้ขัดก่อนน่ะแจ่มใส,1
ไม่ได้มาเล่นนะะะแจ่มใส,1
แวะมาสวัสดีวันอาทิตย์สดชื่นแจ่มใส,1
เช้าแล้วทำบุญใส่บาตรแจ่มใส,1
ดวงเฮงมหามงคลราศีนี้วันพระจันทร์สีเลือดชะตาชีวิตพลิกจากร้ายกลายดี,1
ดวงดีสุดในโลกหมอลักษณ์ฟันฉับแล้วราศีเดียวจะมีโชคลาภส่งท้ายปีเก่าจากการเสี่ยงโชครีบเช็คด่วน,1
ฟ้าใสหน้าสวยมีขายแยกแล้วนะ,1
แจกความสดใจฟ้าใสกับน้ำฝน,1
ขอโทษด้วยนะค่ะพอดีชอบอวดหน้าสดคะฟ้าใสหน้าสวย,1
สาหวัดดีค้าฟ้าใสอาบน้ำเสร็จแล้วคะ,1
กลับมาแล้วค้าบผมฟ้าใส,1
ฟ้าใสจะอาบน้ำเที่ยง,1
หัวเหม่งเด็กชายฟ้าใสขนสั้นตัวเล็กอนาคตจะไปอยู่กับคุณแม่ตาลล่ะน๊าา,1
ฟ้าใสสาวสวยเซ็กซี่เจ้าของร้านแฮร์พีชที่จตุจักรอุบล,1
กลับบุรีรัมย์ตอนนี้ถึงตอนไหนฟ้าใส,1
ฟ้าใสอ้อนคุณแม่ค่ะ,1
ความสุขของพ่อคือการเห็นลูกมีความสุขฟ้าใส่,1
เช้านี้ที่โซนซีสดชื่นจังวิวบ้านพาราไดซ์ฟ้าใส,1
เลิฟยูว์จุ๊ฟเจ้าตัวป่วนฟ้าใส,1
ระยองฮิฟ้าใสหัวใจเดียวกัน,1
สวัสดีค่ะเพื่อนฟ้าใสที่กว๊านพะเยา,1
นางอารมณ์ดีฟ้าใส,1
เจ้าเป็นหมูแล้วนะฟ้าใส,1
ฟ้าใสขอขอบคุณอี๋จุงมากนะคะสำหรับชุดชุด,1
แม่ฟ้าใสรักแม่นะ,1
ฟ้าใสวิวสวยพัทยา,1
ฟ้าใสจะไปช่วยน้าขายส้มตำจ้าฟ้าใสจอมซน,1
ฟ้าใสเอาบุญมาฝาก,1
ฟ้าใสตามสั่งมีพ่อครัวใหม่มาช่วยค่ะวันนี้,1
กะหล่ำปลีทอดน้ำปลาไหนอ่ะกะหล่ำฟ้าใสโภชนา,1
ทะเลหมอกสวยมว๊ากฟ้าใสหมอกสวย,1
ฟ้าใสมารายงานตัวจ้าคิดถึงนู๋ป่าว,1
แก้วตาดวงใจฟ้าใส,1
ฟ้าใสกับท้องฟ้าอันสดใส,1
ฟ้าใสมาขอบคุณทุกคำอวยพรนะคะ,1
ออมเพื่ออนาคตของเรานะลูกฟ้าใส,1
ฟ้าใสบ่นว่าร้อนเข้าไปนั่งเล่นชิวในตู้เย็นดีกว่าแม่แอนติดแอร์ด่วนน,1
ราดหน้าหมูฟ้าใสโภชนา,1
วันนี้อัญชันครบเดือนแล้วฟ้าใสยินดีด้วยนะ,1
งานลอยกะทงโรงเรียนลูกสาวฟ้าใส,1
เรื่องความสวยไว้ใจฟ้าใสบิวตี้,1
ฟ้าใสตัวกวนของแม่ยังไม่นอนเรย,1
มื้อเช้าของฟ้าใสอร่อย,1
มีความสุขทุกที่ทุกเวลาฟ้าใส,1
ฟ้าใสคนละยำอยากกินหยังกะใส่ลงไป,1
ขอบคุนค่ะน่ารัดมากฟ้าใส,1
เจ้าแม่ใบ้หวยฟ้าใสคนสวย,1
มีเรื่องจะเล่าแต่ไม่อยากเล่าฟ้าใส่เสื้อกลับด้านไปมหาลัย,1
ลูกอิสานของแท้เรื่องส้มตำไว้ใจนางฟ้าใส,1
ยามเย็นฟ้าใสปากบารา,1
เอาหน้าขาวใสมาโชว์ฟ้าใสฟ้าใสโกล์ด,1
มอนิ่งคนโสดว่าแต่วันหยุดไปเที่ยวไหนดี,1
มอนิ่งจ้ามาแล้ววิทยาลัยเทคโนโลยีภูมิพิชญ,1
มอนิ่งคราฟโผมเช้านี้ลูกสาวมาบอกมอนิ่งตื่นเช้าเนอะอากาศกำลังดีเรย,1
มอนิ่งจร้าที่รักคิดฮอดยุเด้อจร้าา,1
มอนิ่งสวัสดีเช้าวันจันทร์คับบารมีแห่งองค์หลวงพ่อโตวัดบางพลีใหญ่ใน,1
มอนิ่งวันหยุดอีกวันวันนี้น้องเดินสายทำบุญแต่เช้าอาจจะตอบช้าหน่อยนะคะ,1
มอนิ่งครับสุ๊ดปลื้มซุคน,1
มอนิ่งวันอาทิตย์ความสำเร็จไม่ได้อยู่ที่ปากแต่อยู่ที่มือทำอาชีพช่างลุยงานต่อ,1
มอนิ่งมุมความสวยความงาม,1
แมวเยอะจิงมอนิ่งครับ,1
มอนิ่งจร้ากาแฟกันค่ะ,1
มอนิ่งจร้าเช้านี่ที่บ้านเฮาจร้า,1
มอนิ่งครัชอยู่ไห้มีความสุขสนุกกลับสิ่งที่ทำ,1
มอนิ่งครับประเทศไทยผมเริ่มจะหลงไหลกับ,1
มอนิ่งขอไห้ต่อไปนี้ชีวิตข้าพเจ้าพบแต่ความสุขความเจริญ,1
มอนิ่งจร้าเช้าวันจันทร์รวยหรือจนอยู่ที่ลงมือทำจริงหรือเล่น,1
มอนิ่งจร้ามีความสูขวันหยุดพักผ่อน,1
มอนิ่งค่ะตื่นเช้าทานเม็ดเป็นประจำเห็นผลแน่นอน,1
มอนิ่งค่ะทิรักกินข้าวก่อนไปรรด้วยนะฮักเพิ้นผุเดียวอยู่แบบนี้กะเค้านานนะ,1
มอนิ่งครับทุกท่านจอดอีกแล้วครับรถยังไม่เสร็จ,1
มอนิ่งเช้าวันสีแดงแดงมีความสุขกับวันหยุดพักผ่อนกันนะจ๊ะ,1
มอนิ่งเริ่มต้นเดือนแห่งความร๊ากร่ำรวยกันน๊าวันนี้,1
มอนิ่งงานเช้าเราก็มีนะขอบคุนนะคร้าา,1
มอนิ่งจ้ารับอรุณยามเช้าภัตคารบ้านทุ่งสุขใดเล่าจะเท่าอยู่กับคนที่เรารักและรักเรา,1
มอนิ้งสัตหีบลมหนาวแวะมาทักทาย,1
มอนิ่งครับอยู่ไหนก๊อไม่มีความสุขเท่ากลับบ้านเราคิดฮอดเด้ออ,1
ไม่มีอะไรสำเร็จถ้ายังไม่ได้เริ่มทำมอนิ่งครับบ,1
มอนิ่งคับวันนี้อากาศเย็นจุง,1
ตื่นแล้วน่ะคร่าบบมอนิ่งคนของใจ,1
มอนิ่งค้าบคนไลน์หนาวจัง,1
มอนิ่งวันจันทร์ไปทำงานกันเต๊อะ,1
มอนิ่งคับอะไรก็ได้ที่ทำให้มีความสุข,1
มอนิ่งที่รักปีแล้วนะที่รักที่เราลอยกระทงด้วยกันรักอยู่ด้วยกันแบบนี้นานนะที่รักรัก,1
มอนิ่งร้ายไปก็อยู่ยากดีมากก็อยู่ไม่ได้,1
มอนิ่งวันจันทร์ที่สดใสคร้าออเดอร์มาเลยค่ะความสวยรออยู่,1
มอนิ่งตื่นทำบุญใส่บาตวันพระกันจ้า,1
มอนิ่งสายจร้า,1
มอนิ่งตอนเช้าด้วยความที่นางฮอตฉันต้องซื้อกับตัวแทนมาทาน,1
มอนิ่งจร้าวันนี้เอาความผอมมาเสริฟจร้ารับความผอมกันไหมค่ะ,1
มอนิ่งจ้าความโสด,1
สวัสดีเช้าวันพฤหัสบดี,1
ไม่สู้ได้ไงอนาคตมันรออยู่มอนิ่งคับ,1
มอนิ่งมาทำงานหนาวจัง,1
โสดแต่เช้าเรยมอนิ่งทุกคน,1
มอนิ่งค่ะทุกคนนทำไมมันหนาวอย่างนี้เนี่ยย,1
ใสใสซื่อซื่อครางชื่อเป็นด้วยมอนิ่ง,1
สวัสดีมอนิ่งทุกคนจะไม่กับหลังถ้ายังไม่ได้ดี,1
นี่หน้าหนาวใช่มั้ยใครก็ได้บอกทีมอนิ่ง,1
มอนิ่งจร้ะเพื่อนทุกคนวันนี้ทำงานอย่างมีความสุขสดใสตลอดวันกันเลยนะจ๊ะ,1
มอนิ่งซันสกรีนปกป้องแสงแดดควบคุมความมันบนใบหน้า,1
มอนิ่งคิสยาทาเล็บคุณภาพสีสวยแห้งไวติดทนนาน,1
งี่เง่าแต่ก็แคร์งอแงแต่ก็รักมอนิ่งพึ่งตื่น,1
หลงรักโดยไม่รู้ตัวแต่ที่ชัวคือเราตั้งใจมอนิ่ง,1
ความสำเร็จไม่มีขายถ้าอยากได้ต้องสร้างเองมอนิ่งครับ,1
พอตื่นเริ่มเรยเน้อะมอนิ่งที๊ชเช่อะ,1
มอนิ่งคะตื่นมาก็สวยเลย,1
มอนิ่งตัวร้อนแต่เช้า,1
มอนิ่งจ้าชุดนี้อีกฟองฟักแล้ว,1
มอนิ่งค่ะวันนี้อยู่บ้านทำงานบ้านวนไป,1
มอนิ่งขายของนัดเช้าวนไป,1
มอนิ่งเช้าวันทำงาน,1
มอนิ่งครับเจอคันนี้ที่ใหนโบกได้นะครับเตรียมออกขายแล้วขายดิบขายดีเด้อมื้อนี้,1
มอนิ่งวันจันทร์เดินทางอีกแล้วเราสมุทรสาคร,1
มอนิ่งวันเสาร์วันนี้จะเล่นเกมส์กะดูหนังวนไป,1
มอนิ่งตอนเช้าทำงานวนไปกับสภาพอากาศที่เย็นมาก,1
มอนิ่งครับพมมีความสุขตลอดวันนะครับคนเห็นโพส,1
มอนิ่งคร๊าฟกับเช้านี้ที่สดใสกะดอกไม้ที่สวยงามหน้ารักอิอิ,1
มอนิ่งวันเสาร์บีบีเอ้ยแก้มแกจะเย่อะไปไหน,1
มอนิ่งแกงฟักทองใส่หมู,1
มอนิ่งครับมาวันแรกกับนอนอยู่มาเกือบเดือนดูความแตกต่าง,1
มอนิ้งจ้าอดทนอีกนิดสู้ไปด้วยกันอีกปีก็เป็นไทยล่ะฮึบ,1
มอนิ่งเช้าวันหยุดค่ะอยู่บ้านมันก็จะสบายหน่อยอ่ะนะ,1
มอนิ่งคร๊าบความสุขของครอบครัว,1
มอนิ่งจร้าดูช่าวเช้าตื่นตั้งแต่ตี,1
มอนิ่งงับบตื่นยังงตื่นละเม้นมะที่รัก,1
มอนิ่งนะขอบคุณคะที่ตื่นมามีโอกาสดีรอเราเสมอ,1
มอนิ่งคับเช้าวันศุกร์คับเก็บวนไปทำวนไปสิคับความจนมันกล้วเฮงเฮงนะคับ,1
มอนิ่งค่าอากาศเย็นดีเนาะ,1
มอนิ่งคนทำงานวันเสาร์แว้วตาปูดจัง,1
มอนิ่งคราฟกำลังขนเสาไปสร้างบ้านที่นาเอ้าอึ๊บ,1
มอนิ่งวัยรุ่นความฝันของคนเราไม่มีวันหมดอายุจงหายใจเข้าลึกแล้วพยายามอีกครั้ง,1
มอนิ่งครับศุกร์หรรษาทำงาน,1
มอนิ่งคับน้ำยาล้างกระจกกะลังเดินทางมาวันศุกรถึงคับคนที่โอนต้งมารอแปปนะคับ,1
มอนิ่งครับตื่นเช้ามาก็รีบไปหาเลยสิ่งเล็กที่เรียกว่าความสุข,1
อยากทำดั้งอ่ามอนิ่งจ้ะ,1
มอนิ่งนานทีเล่นตื่นแหละไปไหนจ้าว่ามาเช็คอินเลยอิอิ,1
มอนิ่งจ้าวันนี้พาลิงสามตัวมาสวัสดีตอนเช้านมีความสุขนัยวันทัมงานน่ะงับ,1
มอนิ้งจ้าวันนี้เบี้ยวงานหนึ่งวันนะคะช่วยเอฟซื้อของส่งเตาพรุ่งนี้งานด่วนฮึบ,1
มอนิ่งค้ะเจ้นางอึดแนวเล่นพริ๊มดดแสนดีบ่ได่แกล้งเด้อ,1
มอนิ่งเช้านี้ที่อุตรดิตถ์พร้อมรับออเดอร์จร้า,1
มอนิ่งเดินทางแต่เช้าเลยย,1
มอนิ่งคร้าหนาวหยั่งงี้ครีมของเรานอกจากทำให้ผิวชุ่มชื่นแร้วยังได้ความขาวอีกนร้า,1
ไม่รุ้ว่าสิ่งที่มีมันดีพอรึยังมอนิ่งค๊าบป๋ม,1
มอนิ่งจร้าเช้านี้ตื่นมารับทรับรับทองกันจร้า,1
มอนิ่งวันหยุดช่วงเวลาของความสุขมักจะเร็วเสมอ,1
มอนิ่งจร่อยู่คลเดียวอีกตามเคยเนาะลูก,1
มอนิ้งความขี้ร้ายละดับล้าน,1
มอนิ่งคัฟกับเช้าวันเสาร์ที่สดใสอากาศมันจะหนาวหน่อยน้อ,1
มอนิ่งยามเช้าครับรูปไม่หล่อพ่อไม่รวยใครจะมาสนใจร้ะ,1
มอนิ่งค่ะอากาศหนาวเริ่มมาแร้วคิดถึงคนกอดจังคิดถึงความรู้สึกเก่า,1
มอนิ่งครับวันนี้ไปวิ่งจะอยู่เฉยทำไมความจนมันหน้ากลัวเพื่อครอบครัว,1
มอนิ่งวันใหม่ตื่นเช้ายิ้มรับความสุขจ้า,1
พักนี้ทำไมอ้วนจังกินดีอยู่ดี,1
กินดีอยู่ดีสวัสดีครับทุกท่าน,1
ที่อ้วนขึ้นเพราะอยากให้กอดกินดีอยู่ดีกู้เค้ามาทั้งนั้น,1
มาทำงานหาตังไปด้วยอ้วนไปด้วยกินดีอยู่ดี,1
ดูรวมแล้วอ้วนกินดีอยู่ดี,1
ฮืมกินยังไงให้หมดกินดีอยู่ดีกินฟรีอีกต่างหาก,1
ดูจากหน้าก็น่าจะรู้ดีจริงกินดีอยู่ดี,1
เอาหุ่นคืนมากินดีอยู่ดี,1
กินดีอยู่ดีแล้วจะคิดดีเอง,1
กินดีอยู่ดีพุงก้มีตังค์ก้หมด,1
แคปชั่นไม่มีกินดีอยู่ดีไปวันฮ่าฮ่าฮ่ากุ้งถังเล้งแซ่บ,1
ชิวฟินกันไปกินดีอยู่ดีนี่แหละฉัน,1
กินดีอยู่ดีมื้อนี้฿ขาดตัว,1
ขอให้เจ้าภาพจงเจริญกินดีอยู่ดี,1
อยู่บ้านเรากินดีอยู่ดี,1
มันจะดูบวมหน่อยอยู่บ้านกินดีอยู่ดี,1
ย่างเข้ามันก็จะแน่นหน่อยกินดีอยู่ดีขี้ไม่ดี,1
วันหยุดของชั้ลกินดีอยู่ดีแค่ไหนดูเอาเอง,1
กินดีอยู่ดีก็จะบวมหน่อย,1
ว่างอ่านะกินดีอยู่ดีจ้า,1
กินดีอยู่ดีมีความสุขดีตามใจปาก,1
ผ่านไปกับการเข้าค่ายกินดีอยู่ดี,1
กินดีอยู่ดีใช้ชีวิตดี๊ดีแม่ค้าลีน,1
มากินข้าวครับกินดีอยู่ดีแต่ไม่อ้วนสักที,1
ทอทจัดอบรมแบบโคตรฟินกินดีอยู่ดี,1
หลานชายเค้าเองกินดีอยู่ดีมันจะอวบหน่อย,1
กินดีอยู่ดีอยู่เฉยก็มีคนไม่ชอบขี้หน้า,1
บรรยากาศคือดีงามอะกินดีอยู่ดีสมบูรณ์,1
เรามาเพิ่มน้ำหนักกันอีกเเล้วกินดีอยู่ดี,1
ซีฟู้ดรอบดึกกินดีอยู่ดีอ้วนดี,1
แจ่วฮ้อนรสเด็ดกินดีอยู่ดีครอบครัวเฮฮา,1
อิ่มแล้วกับบ้านได้กินดีอยู่ดี,1
หน้าหนาวแบบนี้หุ่นหมีกำลังฮิตกินดีอยู่ดีอุดมสมบูรณ์,1
ทานอาหารกันคะกินดีอยู่ดี,1
กินดีอยู่ดีตามประสาคนโสด,1
ตึ้งว่ากั๊ดเเอ่กินดีอยู่ดีถึงว่าไม่ผอมซักที,1
กินแบบนี้บ่อยเค้าหาว่ากินดีอยู่ดี,1
กินดีอยู่ดีปากไม่เคยหยุดมันก็จะบวมหน่อยอะนะ,1
เเชบบ่จ้ากินดีอยู่ดีพระเจ้าทรงเลี้ยงดู,1
กินดีอยู่ดีบริษัทนี้วันนี้เขาเลี้ยงขนมจีนอีก,1
ความรู้สึกบางอย่างลักษณะมันคล้ายอากาศมองไม่เห็นสัมผัสไม่ได้แต่ก็ต้องหายใจเข้าออกทุกวันขาดไม่ได้สิ่งดีดีมิตรภาพรักเพื่อน,1
พรุ่งนี้จะไปแบ่งปันความรักให้เด็กที่ราชบุรีโอกาสดีอากาศดีสิ่งดีดีรอรอ,1
ที่ทำไปไม่สูญป่าวแค่นี้ก็มีกำลังใจทำงานแล้วขอบคุณที่มองเห็นนะคะสิ่งดีดี,1
ฉันต้องคู่กับเธอมีเพียงแต่เธอแค่เธอเท่านั้นสิ่งดีดี,1
ดวงใจดวงนี้มอบให้เทอผู้เดียวสิ่งดีดี,1
รื้อห้องแล้วบังเอิญเจออันนี้ที่ยังมีเพลงอยู่แน่นเอี้ยดเกือบปีแล้วเอามาเปิดฟังทำให้หลายเหตุการณ์ย้อนกลับมาสิ่งดีดีอิ่มใจ,1
ถึงสยามตอนหกโมงคนพลุกพล่านต่างยืนนิ่งยืนตรงน่าฉงนต่างชาติดูต่างชาติเห็นถึงกับงงเรายังคงเคารพในเพลงชาติไทยวัฒนธรรมสิ่งดีดี,1
คนที่เข็มแข็งที่สุดคือคนที่ยอมรับตัวเองในช่วงที่อ่อนแอที่สุดได้สิ่งดีดี,1
วิ่งเล่นกินเที่ยวขอบคุณสิ่งดีดี,1
แล้วเราก็เดินทางมาถึงวันสุดท้ายของปีอีกแปปนึงก็จะเริ่มต้นปีใหม่แล้วนะสิ่งดีดี,1
ปีใหม่ใกล้เข้ามาแล้วเอ้าชนนสิ่งดีดี,1
ธันวาเข้าวัดมกรากลับบ้านเข้าวัดกุมพาเข้าวัดมีนากลับบ้านเข้าวัดความสุขสิ่งดีดีงานบุญความตั้งใจความศรัทธาทุกสิ่งล้วนไม่เที่ยงจงทำดีเท่าที่ทำได้จงปล่อยวางให้มากที่สุดอย่ายึดติดเตือนตัวเอง,1
คืนวันที่มีตลอดมาชั่ววันอาจผ่านพ้นไปเวลายาวนานสักเท่าไรเป็นเพียงความทรงจำที่ฉันและเธอเคยมีต่อกันแค่เพียงความทรงจำที่เคยที่ฉันและเธอเคยมีต่อกันทุกวันดีดีที่มีต่อกันสิ่งดีดี,1
ขอให้หมดทุกข์หมดโศกสิ่งดีดี,1
ขอพลังจงบังเกิดสิ่งดีดี,1
เรื่องที่ลำบากในวันนี้มันจะกลายเป็นเรื่องสนุกที่น่าพูดถึงในอนาคตนะอาจารย์โซล่าอย่าเพิ่งท้อล่ะสิ่งดีดี,1
อย่าเอาประสบการณ์แย่ในอดีตมาตัดสินเรื่องอนาคตเลยนะชีวิตเราไม่ใช่วิดีโอมันไม่ย้อนกลับมาเล่นซ้ำตลอดไปหรอกสิ่งดีดี,1
พฤติกรรมแต่ละคนแตกต่างกันอยู่ที่จะแสดงออกมาในรูปแบบไหนเฟคหรือจริงเพ้อหรือพยายามจะยังไงก็แล้วแต่เดินทางตรงที่ถูกต้องดีที่สุดแล้วใสใสปราศจาคความริษยาสิ่งดีดีโลกใบใหม่สังคมใหม่มีให้พบเจอรักการเดินทางสวย,1
ใช้เวลาที่มีทำสิ่งดีดีให้กันม่จำเป้นต้องเป้นวันสำคัญแค่ทำทุกวันให้ให้รุ้สึกดี,1
สิ่งที่อันตรายที่สุดไม่ใช่ใครหรอกความคิดตัวเธอเองนั่นแหละที่ทำร้ายเธอลองมองโลกในมุมใหม่ดูสิสิ่งดีดีวันดีดีสิ่งดีดี,1
ชีวิตเปลี่ยนแปลงได้ทุกวันจะดีร้ายเพราะตัวเราอย่าโทษใคร,1
ไม่ว่าผ่านไปนานแค่ไหนเพลงนี้ก็ยังคงเจ๋งอยู่ตลอดสิ่งดีดี,1
เพลงคุณชุณมันดีมากดีมากดีมากไม่ได้ขายของแต่มันดีจริงอ่ะยกให้เป็นสิ่งดีดีประจำวันนี้,1
เสียดายสิ่งดีดีที่เคยทำให้,1
ตื่นเช้าออกกำลังกายสวยสิ่งรอบตัวหมุนออกไปสิ่งดีดี,1
ไม่น่าย้อนกลับไปดูรูปเก่าเลยแต่มันก็ยังทำให้เรายิ้มได้นะสิ่งดีดี,1
หลายครั้งที่ผ่านตรงนั้นหลายครั้งที่หยุดมองยังสะท้อนภาพบางตอนชัดเจนคิดถึงสิ่งดีดี,1
ปีใหม่นี้อยู่กับซีรีย์ไปค่ะซิสสวัสดีปีใหม่ไข้ปีใหม่สิ่งดีดี,1
อยากจะลืมเรื่องราววุ่นวายในชีวิตเรื่องราวที่ยังวนเวียนทำให้คิดถึงวันนั้นสิ่งดีดี,1
ในวันที่ท้อแท้เปิดดูรูปในกระเป๋าทำให้มีกำลังใจมากยิ่งขึ้นพ่อแม่สิ่งดีดี,1
น้ำตาไม่ได้ช่วยให้เราลืมแต่ช่วยให้เราเข้าใจอะไรมากขึ้นสิ่งดีดี,1
สวัสดีบางกอกลงดอยเข้ากรุงอีกทีแล้วสินะส่งยิ้มตาหยีสิ่งดีดี,1
กูเกิ้ลไม่ใช่คำตอบของทุกอย่างความรู้สึกต่างหากคือคำตอบของทุกสิ่งสิ่งดีดี,1
ปัญหามีไว้แก้ไม่ได้มีไว้กลุ้มปัญหาสิ่งดีดี,1
อยากอ่านหนังสือดีสักเล่มแต่ลืมคิดไปว่าหนังสือแต่ละเล่มก็มีดีต่างกันหนังสือสิ่งดีดีความรู้สึกความคิด,1
สิ่งที่ดีที่สุดสำหรับเราไม่ใช่เงินทองแต่คือคนที่คอยอยู่เคียงข้างเราตลอดเวลาที่เราท้อหรือเราเหนื่อยความรักสิ่งดีดี,1
เมื่อไรที่มีโอกาสดีจงรีบคว้าไว้เพราะคนที่เค้าไม่มีโอกาสและเค้าอยากได้โอกาสแต่ไม่ได้ยังมีชีวิตการเรียนรู้สิ่งดีดี,1
ลูกค้านัดคุยงานบอกหาร้านกาแฟตอนทุ่มนี่บอกร้านเลยค่ะเค้าเปิดยันลูกค้าคนสุดท้ายสิ่งดีดี,1
แค่เพียงความทรงจําสิ่งดีดี,1
สิ่งดีดีของวันนี้คือยำมาม่าที่อร่อยและใส่หอยแครง,1
มีความหาสิ่งดีสดใสดูก่อนที่กลัวไปมากกว่านี้เปิดบอดี้เวฟของหมูแจวนไปค่ะสิ่งดีดี,1
ได้รถเมล์ฟรีมาทำงานสี่วันติดสิ่งดีดีฮ่า,1
อะไรที่เราเคยอยากทำแต่ไม่ได้ทำถ้ามีโอกาสก็กลับไปทำมันซะสิ่งดีดี,1
ใช้เวลาที่มีทำสิ่งดีดีให้แก่กันไม่จำเป็นต้องเป็นวันสำคัญแค่ทำทุกวันให้รู้สึกดีฮิ้วรู้สึกเป็นที่รัก,1
แค่เพียงความทรงจำที่ฉันและเธอเคยมีต่อกันสิ่งดีดี,1
เป็นเพียงความทรงจำที่ฉันและเธอเคยมีต่อกันสิ่งดีดี,1
ครบรอบปีของพวกเราสิ่งดีดีก้าวสู่ชัยชนะ,1
เที่ยววันจันทร์ต่อวันอังคารชีวิตดี๊ดีให้ทายว่าหนูจะนั่งบัสไหนสุขสนุกสนานสิ่งดีดี,1
วันหยุดพักผ่อนชิลล์ปีใหม่สิ่งดีดี,1
สู้เพื่อคนเดียวเท่านั้นสิ่งดีดี,1
เนิ่นนานแสนไกลวันเวลาที่ผ่านไปเก็บสิ่งดีดีไว้ที่ใจให้เราคิดถึงกัน,1
ชีวิตคือการเดินทางค่ะใช้ชีวิตให้สุขสนุกสนานทุกวันนะคะสิ่งดีดี,1
ทนได้ก็ทนทนไม่ได้ก็ต้องทนเพราะเราต้องผ่านมันไปให้ได้สิ่งดีดี,1
บางทีก็อยากตะโกนออกไปให้เธอได้ยินนะว่าฉันคิดยังไงกับเธอสิ่งดีดี,1
ความทรงจำที่ฉันและเธอเคยมีต่อกันสิ่งดีดี,1
ยืนมาชมเพื่อวงนี้เลยสมกับที่รอคอยสิ่งดีดี,1
ขอให้มีแต่วันสุขวันสุขวันสมใจไม่ว่าวันอะไรก้สุขใจทุกวันสิ่งดีดีคนดีดีรอบกายนะ,1
ในส่วนของอินโทรนี่โลโม่ทำไว้ได้ดีแต่พอเริ่มร้องเท่านั้นแหละส่ายหัวสิ่งดีดี,1
เป็นเพียงความทรงจำที่เคยที่ฉันและเธอเคยมีต่อกันเพียงแค่ลืมเวลาที่คุ้นตาสิ่งดีดีเพลงพาไป,1
ไม่ได้เชื่อฟังมากแต่ก็เชื่อทุกที่บอกสิ่งดีดี,1
มีเพียงความทรงจำที่ฉันและเธอเคยมีต่อกันสิ่งดีดี,1
ขอบคุณทุกสิ่งดีที่เข้ามาทำให้ผ่านหนึ่งปีที่เลวร้ายมาได้ขอบคุณสําหรับสิ่งดีดี,1
เสียงดนตรีปรุงใจให้อ่อนโยนความรักก็เช่นกันสิ่งดีดี,1
แจบอมกับมิโนนี่ตั้งแต่งานเอสบีเอสละหนีไปเต้นด้วยกันคราวนี้เดินกอดคอกันกลับอีกสิ่งดีดี,1
คิดอะไรพูดอะไรทำอะไรก็ขอให้เป็นสิ่งดีสิ่งดีดีต้องเกิดขึ้นแน่นอน,1
ปีใหม่แสงแรกภูชี้ฟ้าการเริ่มต้นสิ่งดีดี,1
บอกลาปีเก่าต้อนรับปีใหม่สิ่งดีดีทุกสิ่งทุกอย่าง,1
ทั้งที่ผิดก็ยังรอคอยก็ยังคิดถึงเรื่อยไปสิ่งดีดี,1
ไหลไหลไหลสิ่งไม่ดีจงไหลออกไปสิ่งดีดีจงไหลเข้ามาชีวิตไหลรื่นการหางานไหลรื่นครอบครัวไหลรื่น,1
เหลืออีกวันก็จะก้าวเข้าสู่ปีใหม่ปีมะเมียเรามาทำอะไรส่งท้ายสิ้นปีกันเถอะลาก่อนทิ้งทายสิ่งดีดีจัดหนักเต็มที่,1
สิ่งดีดีคืนนี้คือการเห็นภาพน้ำตาจะไหลภาพสมัยมย้อนกลับมา,1
ฉันทำเพื่อเธอได้สิ่งดีดี,1
คณะกาฬสิงหะสิ่งดีดี,1
ปากกาแท่งไหนที่มันติดดีดีเราก็ไม่อยากให้มันหมดไปเหมือนกับสิ่งดีดีที่เกิดขึ้นกับชีวิตเราก็ไม่อยากให้มันจากเราไปเหมือนกัน,1
ที่เราเดินออกมาจากชีวิตเขาไม่ใช่เพราะเราไม่รักเขาหรอกแต่เราแค่อยากให้เขาเจอแต่สิ่งดีดีเท่านั้นเอง,1
กิจกรรมชาวเหนือตอนนี้คือตี๋ข้าวหรือที่เรียกว่าฟาดข้าวทุกคนต่างมาช่วยเหลือซึ่งกันและกันบ้านนี้เสร็จไปช่วยบ้านโน้นต่อสิ่งดีดี,1
เช้าวันนี้เริ่มต้นด้วยสิ่งดีดีกันนะจ๊ะ,1
ขอบคุณที่ยังไม่ลืมกันสิ่งดีดี,1
วันลอยกระทงสิ่งดีดี,1
เพียงแค่ลืมเวลาที่คุ้นตาแค่เพียงความทรงจำที่เคยสิ่งดีดี,1
ผมคิดว่าเค้าคือคนที่ฟ้าส่งมาสิ่งดีดี,1
ขอบคุณฟ้าที่ให้เจอกับเธอที่แสนดีสิ่งดีดี,1
โคตรมันส์โคตรชอบมากกฟังต่อสิ่งดีดี,1
การกดรีเพลย์เป็นเรื่องปกติของมาลินีสิ่งดีดี,1
เธอขีดทางให้ตัวฉันได้เจอกับรักที่ฉันตามหาตั้งแต่เธอเข้ามาก็พบเจอแต่สิ่งดีดีสิ่งดีดี,1
กฏของกระจกคือสะท้อนกลับมากฏของเวลาคือการไม่ย้อนกลับมาอย่าปล่อยให้สายเกินไปสิ่งดีดี,1
คืนวันที่มีตลอดมาช่วงวันอาจผ่านพ้นไปเวลายาวนานสักเท่าไรเป็นเพียงความทรงจำสิ่งดีดี,1
เธอทำให้รักให้รู้ว่ารักแท้เป็นอย่างไรสิ่งดีดี,1
อรุณสวัสดิ์สิ่งดีดีความสุขรอยยิ้ม,1
กราบไหว้พระพุทธชินราชสิ่งดีดีเข้ามาในชีวิตบุญกุศลถึงทุกคนนะคะพระวิหารหลวงพระพุทธชินราช,1
สิ่งสำคัญทำดีสิ่งดีดีกลับคืน,1
แต่สุดท้ายก็พบในความจริงที่แตกต่างในความหมายเมื่อฉันได้รู้จักเธอเพิ่งจะรักใครเป็นเมื่อหัวใจมันมีเธอสิ่งดีดี,1
บางทีการเหลียวกลับไปมองความทรงจำทำให้เรามีกำลังใจที่จะทำให้พรุ่งนี้เป็นวันที่ดีกว่าสิ่งดีดี,1
ใช้เวลาที่มีทำแต่สิ่งดีดีให้กันไม่จำเป็นต้องเป็นวันสำคัญแค่ทำทุกวันให้รู้สึกดีดี,1
ตั้งแต่เธอเข้ามาก็พบเจอแต่สิ่งดีดี,1
แต่ก่อนนั้นไม่เคยเข้าใจว่าความรักที่แท้เป็นไงคิดง่ายง่ายไปวันวันคิดว่ารักคงเป็นเพียงคิดถึงกันสิ่งดีดี,1
ทำในสิ่งที่รักถึงเเม้จะไม่ถนัดก็ตามสิ่งดีดี,1
อยามีความกล้ากล้าคิดกล้าทำนอกกรอบบ้างสิ่งดีดี,1
คิดถึงบรรยากาศวันนั้นปล่อยทุกข์ปล่อยโศกสิ่งดีดีจงเข้ามาสิ่งร้ายให้หายไป,1
ธรรมสวัสดีธรรมชาติคิดดีเริ่มต้นดีสิ่งดีดี,1
ฮาโหล้วตลาดนัดตอนเช้าคือถิ่นสวรรค์สิ่งดีดี,1
พรุ่งนี้ตื่นมาขอให้เจอสิ่งดีดี,1
ก่อนที่เราจะยอมแพ้และถอยหลังกลับลองคิดดูว่ามันยากแค่ไหนกว่าจะมายืนอยู่ตรงจุดนี้ได้สิ่งดีดี,1
เธอคือสิ่งดีในชีวิตฉันขอบคุณที่มีกันและกันอยากบอกว่าฉันรักเธอเหลือเกินสิ่งดีดี,1
หากไม่มีกลางคืนหิ่งห้อยก็คงเปล่งแสงให้เราดูไม่ได้หากไม่มีอุปสรรคเราก็คงไม่มีวันใช้ขีดความสามารถของเราถึงที่สุดสิ่งดีดี,1
อย่ามัวแต่อยู่กับเทคโนโลยีมากเกินไปมองรอบข้างบ้างว่าเกิดอะไรขึ้นสิ่งดีดี,1
ก่อนที่เราจะยอมแพ้และถอยหลังกลับลองคิดดูว่ามันยากแค่ไหนกว่าจะมายืนอยู่ตรงจุดนี้ได้เก็บไว้คิดสิ่งดีดี,1
เดี่ยวก็ผ่านพัดไปสิ่งดีดี,1
ป้าโอปแซ่บลืมพูดเลยอย่าลืมไปซื้อกันน่ะค๊าบสิ่งดีดี,1
อย่าจมปลักกับสิ่งไม่ดีสิ่งดีดี,1
อยากนอนก็อยากป่ะอยากฟังเพลงก็อยากป่ะเลือกสักอย่างป่ะสิ่งดีดี,1
ถ้าเราเชื่อมั่นว่าเราทำได้เราก็จะทำได้สิ่งดีดี,1
เราจะเลือกที่จะอยู่กับปัจจุบันสิ่งดีดี,1
ฉันเชื่อในตัวเทอเทอล่ะเชื่อในตัวเองมั๊ยสิ่งดีดีชอบเตตัสอันนี้ที่สุดละ,1
ขอบคุณคะลุงมันเป็นเรื่องที่คนอื่นไม่เคยทำไม่เคยเข้าใจแต่แฟนเก่าเขาจะเข้าใจจุดนี้ของเราดีนะเลยลืมไม่ได้สะทีสิ่งดีดี,1
นี่คือสิ่งดีดีที่ฉันได้จากเธอ,1
แวะมารับสิ่งดีดีมีอยู่รอบตัวค่ะ,1
แวะมารับสิ่งดีดี,1
เตรียมตัวระวังแก้วกำลังจะแตกเพล้งสิ่งดีดี,1
อยากให้สิ่งดีดี,1
หากคุณยังอิจฉาคนอื่นคุณก็จะไม่มีความสุขจงพอใจในสิ่งที่ตัวเองเป็นสิ่งดีดี,1
เรื่องไม่ดีที่ผ่านมาปล่อยมันไปยิ้มให้กับปัจจุบันดีกว่าสิ่งดีดี,1
มองปัญหาให้เหมือนกล้องยิ้มสู้ชูสองนิ้วสิ่งดีดี,1
ก็อยากไม่มีความรู้สึกอยู่หรอกนะสิ่งดีดี,1
หลับนิดเคลิ้มหน่อยแล้วลุมาสู้ต่อสิ่งดีดี,1
เรื่องราวดีดีเครดิตสิ่งดีดี,1
การเหลียวกลับไปมองความทรงจำทำให้เรามีกำลังใจที่จะทำให้พรุ่งนี้เป็นวันที่ดีกว่าสิ่งดีดี,1
ทำให้คนเป็นคนดีเพราะได้ขึ้นสวรรค์สิ่งดีดี,1
ดอกไม้ดอกหนึ่งถ้าคุณชอบคุนจะเด็ดมันแต่ถ้าคุณรักคุณจะรดน้ำไห้มันสิ่งดีดี,1
แม้เค้าจะทิ้งไปนานแสนนานแต่สิ่งที่เหลืออยู่ก็คือความทรงจำที่มีแต่เค้าแล้วเราไม่มีวันลืมมันสิ่งดีดี,1
มีพบก็ต้องมีจากอยู่ที่ว่าวันไหนเมื่อไหร่เท่านั้นเองสิ่งดีดี,1
อายุเพิ่มขึ้นอีกปีแล้วมีความสุขมากคิดอะไรขอให้สมหวังเจอแต่เรื่องดีดีสิ่งดีดี,1
ความเชื่อใจคู่เอาใจใส่เวลาจะไม่เปลี่ยนคนสิ่งดีดี,1
ยิ้มรับให้ทุกอย่างลบล้างวันเมื่อวานสิ่งดีดี,1
เวลายาวนานเท่าไหร่เป็นเพียงคทรงจำเพียงแค่ลืมเวลาที่คุ้นตาสิ่งดีดี,1
ไม่ได้คิดอะไรไว้เพราะพรุ่งนี้คือนาคตรอสิ่งดีดีเรื่อยเปื่อย,1
ตื่นมาบอกคำดีดีสิ่งดีดี,1
ใกล้จะเททองหล่อพระแล้ววสาธุสิ่งไม่ดีจงออกไปสิ่งดีดีขอให้เข้ามานะค่ะสาธุ,1
ความคิดเป็นสิ่งที่ห้ามกันไม่ได้จงยอมรับความคิดเห็นของผู้อื่นด้วยไม่ใช่ยึดความคิดตัวเองเป็นหลักสิ่งดีดี,1
วันเวลาผ่านไปย้อนกลับมาใหม่ไม่ได้แต่สามารถทำปัจจุบันให้ดีได้ถ้าคุณตั้งใจในสิ่งที่ทำสิ่งดีดีเพื่อสังคมรักไม่ใช่รก,1
พฤหัสนี้เข้าคูหากาเบอร์เบอร์พร้อมนำสิ่งดีดีมาให้คุณและโรงเรียนแน่นอน,1
อาจมีบางวันที่เราต้องห่างไกลให้เธอรู้เอาไว้ในใจของฉันจะไม่เปลี่ยนสิ่งดีดี,1
การร้องไห้ไม่ได้เป็นการแสดงความขี้ขลาดแค่เป็นการแสดงความรู้สึกสิ่งดีดี,1
คำเตือนสติเป็นจริงมีความสุขคิดให้ได้สิ่งดีดี,1
มอปีใหม่สิ่งดีดีแบ่งปัน,1
เอาบุญมาฝากค๊าบคิดถึงปีใหม่สิ่งดีดีโอมเพี้ยง,1
อยากกลับไปบ้าดารานักร้องเป็นติ่งเหมือนเก่านะจะได้มีอะไรให้ทำได้พูดคุยเรื่องที่ชอบได้เจอเพื่อนที่น่ารักแถมจะไม่เหงาด้วยสิ่งดีดี,1
ขอให้เป็นวันดีดีสิ่งดีดีเข้ามาตลอดไปสาธุ๊,1
นี่ใช่ไหมที่เรียกว่ารักที่เกิดจากคนสองคนสิ่งดีเล็กแต่ให้ความสุขล้นเกินจะอธิบายสิ่งดีดี,1
ความผูกพันความเข้าใจต่างคนต่างไว้ใจกันและกันต่างเรียนรู้ต่างให้ความสําคัญเกิดเป็นความสัมพันธ์ที่เราไมเคยรู้สิ่งดีดี,1
เวลายาวนานสักเท่าไหร่เป็นเพียงความทรงจำที่ฉันและเธอเคยมีต่อกันสิ่งดีดี,1
สิ่งดีดีมีความสุขโชคดีรวยรวย,1
ว่ายน้ำสิ่งดีดีคริ,1
สควันนี้เป็นวันดีเชื่อผมสิเริ่มต้นสิ่งดีดี,1
วันเข้าพรรษาเราไปวัดกันไหมจ้ะสิ่งดีดี,1
เธอมปลายความทรงจำมิตรภาพสิ่งดีดีนักเรียนมัธยม,1
ไม่คิดจะไขว่คว้าแล้วเมื่อไหร่ล่ะจะเจอมันสิ่งดีดี,1
หมูอุ๋งคุโรบุตะคุณวุฒิคือพ่อพระมาโปรด,1
เราจะเริ่มสิ่งดีดีใหม่,1
ได้อะไรมากมายประทับใจค่ะสิ่งดีดี,1
มอบรอยยิ้มให้คนข้างแล้วมาดูกันว่าวันนี้จะมีสิ่งดีดีอะไรบ้างยิ้มให้คนขายชาได้ชาสีชมพู,1
วันนี้วันพระคิดดีทำดีพูดดีวันนี้วันพระ,1
คิดดีคิดบวกชีวิตจะมีแต่ความสุข,1
ตั้งใจเราทำได้คิดดี,1
ไม่มีเวลาเลยวันนี้แต่ก็นะเหนื่อยแต่ก็ทำให้เรารู้ว่าเรายังมีแรงทำต่อไปไหวมีกำลังใจให้ตัวเองเสมอนะคิดดีพูดดีทำดีชีวิตดี,1
ขอบคุณความคิดบวกที่ทำให้เราอารมณ์ดีและมีจิตใจที่เบิกบานคิดดีชีวิตดี,1
พุทธคริสต์อิสลามพราหมณ์ฮินดูลล้วนแต่สอนให้ทุกคนเป็นคนดีคิดดีทำดีพูดดีแบ่งปัน,1
ดูแลตัวเองให้ดีดีแล้วเดี๋ยวก็จะมีคนดีดีเข้ามาดูแลเราคิดบวกคิดดี,1
ซื้อแสนได้กลับมาล้านคิดดี,1
วันอาทิตย์ที่ธันวาคมพศแรมค่ำเดือนวันพระคิดดีพูดดีทำดี,1
คิดดีทำดีก็ขอให้บุญรักษา,1
ถ้าคุณอยากมีพลังบวกของชีวิตมากขึ้นคุณก็ต้องอยู่กับคนที่มองบวกมากกว่าคุณเพราะคนพวกนี้จะทำให้คุณมีกำลังใจในการใช้ชีวิตตะกอนความคิดคิดดีก็สาระไง,1
ตอนดูทีเซอร์เราก็คิดแบบนี่ละค่ะคิดดี,1
วันนี้วันพระฝึกจิตฝึกใจคิดดีทำดีพูดดีรักษาใจให้บริสุทธิ์,1
เช้าวันพฤหัสคิดดีทำดีพูดดีชีวิตดี๊ดี,1
สำเหนียกไว้เลยครับให้เกียรติผู้อื่นคือให้เกียรติตัวเองคิดดีทำดีชีวิตดีเอาสาระดีมาฝาก,1
พากันไปหาคู่คิดดี,1
การงานอาจจะมีการโย้กย้ายหรือเปลี่ยนแปลงก็อย่าคิดอะไรมากทำให้ดีที่สุดเป็นพอคิดดีพูดดีนิ่งไว้,1
หลายท่านทวีตแสดงความดีของตนเองรัวหัวใจดีคิดดีทำดี,1
ตูนแก่เอาเรื่องนะเนี่ยเป็นกำลังใจให้คนทำดีคิดดี,1
ความจริงเพียงหนึงเดียวคือคิดดี,1
คิดดีอย่าบิดเบือนความจริง,1
ความสบายใจเกิดจากวิธีคิดคิดดีคิดบวกสบายใจคิดดี,1
คิดดีพูดดีทำดีทำได้ตลอดเวลา,1
ไม่มีคำว่าสายเกินไปสำหรับการก้าวตามฝันสุขภาพดีอารมณ์ดีคิดดีมีความสุข,1
หยุดเอาตัวเองไปเปรียบเทียบกับคนอื่นแต่มองตัวเราเองจากสิ่งที่เรามีสิ่งที่เราเป็นจริงจะดีกว่านะเราว่าคิดมากคิดดีจุดหมายอยู่ในทุกก้าว,1
นั่นสินะจะได้มีแรงเดินหน้าต่อไปนักล่าฝันนักล่าเกียรตินิยมคิดมากคิดดีจุดหมายอยู่ในทุกก้าว,1
สำคัญไม่สำคัญดูจากการดูสตรอรี่ในไอจีนี่แหละ,1
เราเองก็มีดีอย่ายอมแพ้ตั้งแต่ยังไม่เริ่มคิดมากคิดดีจุดหมายอยู่ในทุกก้าว,1
คิดดีหัวใจเเกร่งเด็กสาวสู้ชีวิตถูกพ่อเเม่ทิ้งรับจ้างหาเงินส่งตัวเองเรียนเเละเลี้ยงดูลุงที่พิการ,1
จงเป็นผู้ที่คิดดีพูดดีทำดีเพราะเป็นเครื่องการันตีถึงความดีตัวเราคิดดีพูดดี,1
คิดดีทุกอย่างก็ดีแม้จะเจ็บหรือเจอเรื่องไม่ดีแต่ถ้าเราคิดดีโดยการให้กำลังใจตัวเองคุณก็จะกลายเป็นคนเข้มแข็งเมื่อเจออุปสรรค,1
คำดีที่ฉันชอบทะนุถนอมรักษาก้าวหน้าเจริญก้าวหน้าเจริญรุ่งเรืองเจริญเติบโตคิดดีคิดชอบคิดบวก,1
คิดแต่เรื่องดีพูดแต่เรื่องดีทำแต่เรื่องดีเดี๋ยวใจจะใสเองคิดดีพูดดีทำดี,1
มอนิ่งวันหยุดเราไม่หยุดรับออเดอร์คิดดีพูดดีเจอเเต่คนใจดีตัวเเทนทีมเมย์ขายดิบขายดี,1
ยอมลำบากในวันนี้แล้วสบายในวันหน้าดีกว่าคิดดีแล้วลงมือทำ,1
ทำในสิ่งที่ดีแล้วสิ่งดีจะย้อนกลับหาเราเองทำดีคิดดีพูดดี,1
มองมุมกลับแล้วก็ปรับมุมมองคิดต่างคิดดีคิดได้,1
สาธุคิดดีมีสุขปลดปล่อยปลง,1
ความสะอาดในจิตใจจะเป็นเครื่องรางคุ้มครองตัวเราเองความดีคิดดีทำดีทำด้วยมือถวายด้วยใจ,1
รอน่ะพลังบวกยิ่งอยู่ใกล้ยิ่งรู้สึกดีคิดดีความรู้สึก,1
แค่ตั้งใจดีก็มีความสุขแล้วคิดบวกคิดดีไกด์นุกินเที่ยว,1
คิดดีต้องรู้สึกดีและการกระทำที่ดีจะค่อยตามมา,1
น่าสนใจค่ะขอบคุณที่แบ่งปันค่ะคิดดี,1
เข้าพรรษางดเหล้ามุ่งเข้าแต่วัดเป็นคนดีคิดดีทำดีประสงค์ดีทำกับข้าวใส่รสดี,1
ทำดีทำได้ทุกวันคิดดีพูดดีทำดี,1
วันนี้วันพระคิดดีทำดีพูดดี,1
วันพระทำบุญที่วัดใกล้บ้านวัดที่เราคุ้นเคยเรียนเชิญมาสวดธัมมจักให้ต่อเนื่องตลอดฤดูกาลเข้าพรรษาคิดดีพูดดีทำดีทำใจให้ผ่องใส,1
แล้วแต่โชคชะตาฟ้าลิขิตคิดดีทำดีได้ดีกะส่ำนั่นละคาฟ,1
แต่งกายงามตาวาจางามใจจิตบริสุทธิ์สดใสถวายแด่องค์พระพุทธาวันเข้าพรรษาคิดดีทำดี,1
วันเข้าพรรษาซึ่งตรงกับวันแรมค่ำเดือนทำบุญตักบาตรรักษาศีลคิดดีทำดีพูดดี,1
ที่จริงแล้วการเปลี่ยนแปลงต้องเริ่มจากตัวเองก่อนเริ่มที่คนอื่นอย่ามัวแต่โทษสิ่งรอบข้างเริ่มจากตัวเราเองก่อนคิดดีทำดีพูดดี,1
คิดดีลงมือทำเลยนิ่งไว้บ้าง,1
ห้ามขายเหล้าวันทางศาสนาให้ไปวัดนะคิดดีทำดีพูดดีสิ่งดีจะปกป้องเรา,1
เมนูวันนี้เต้าหู้ไข่ผัดผักกาดไข่เจียวยิ้มอิอิวันนี้วันพระวันอาสาฬหบูชาคิดดี,1
ทำบุญถวายสังฆทานวันอาสาฬบูชาอนุโมทนาบุญร่วมกันนะค่ะทำบุญสบายใจมีความสุขคิดดีทำดี,1
คิดดีทำดีแล้วคิดดีจะตามมาขออโหสิกรรมให้เจ้ากรรมนายเวรสาธุสวัสดีวันอาสาฬหบูชา,1
ทำบุญไหว้พระให้อาหารวัวทำบุญโลงศพสาธุขอให้จิตใจดีคิดดีทำดีรู้สึกได้รับพรที่วัดหัวลำโพง,1
พระเจ้ายุติธรรมเสมอให้สมองชาญฉลาดแต่ก็ดึงสุขภาพดีคืนไปคิดถูกที่ให้นางเรียนหมอเพื่อทำประโยชน์ตอบแทนคนอื่นคิดดีตั้งใจดีสุขภาพไม่ดี,1
วันที่เดือนปีกับเซียมซีใบที่วันดีคิดดีทำดีชีวิตจะดีมีความสุข,1
วันเสาร์ที่กรกฎาคมตรงกับขึ้นค่ำเดือนปีระกาวันนี้เป็นวันพระคิดดีพูดดี,1
วันพุธกลางสัปดาห์แล้วมีความสุขกันนะคะคิดดีทำดีมีกำไร,1
บานรับทุกสภาวะไม่ว่าจะแดดฝนเหมือนดั่งชีวิตคนดิ้นรนกันต่อไปคิดดีทำดี,1
วันศุกร์ที่มิถุนายนตรงกับแรมค่ำเดือนปีระกาวันนี้เป็นวันพระคิดดีพูดดี,1
คิดดีทำดีพูดดีแล้วสิ่งดีจะตามมา,1
แม่บอกว่าอย่ามองหาแต่ความผิดคนอื่นจนมองไม่เห็นความผิดตัวเองคิดดีทำดี,1
ททมาโนปิโยโหติผู้ให้ย่อมเป็นที่รักวันนี้วันพระ,1
รวมใจกันสวดมนต์แผ่เมตตาให้โลกนี้สว่างคิดดีพูดดีทำดีศูนย์ปฏิบัติธรรมภาคใต้,1
ขอให้เป็นวันที่ดีเหมือนเดิมนะคิดดีทำดีชีวิตจะมีความสุข,1
ทุกปัญหามีทางออกเสมออยู่ที่เราจะเลือกทางออกหรือจะจมอยู่กับมันคิดบวกคิดดีชีวิตดี,1
วันนี้วันพระสาธุค่ะคิดดีทำดีพูดดีปฏิบัติดีต้องมีซักวันที่เราต้องได้ดีสาธุรู้สึกมองโลกในแง่ดีที่,1
เข้าใจละทำไมเค้าถึงกลับมาดังได้ขนาดนี้เพราะเชื่อมั่นในความดีทำดีคิดดีจิตใจดีทำทุกวันให้ดีเป๊กผลิตโชค,1
เช้านี้วันพระฝนตกชุ่มเลยกำลังใจคิดดีทำดี,1
คิดดีพูดดีทำดีสาธุ,1
มื้อเช้าของชั้นได้กินของอร่อยก็จะอารมดี,1
อย่าให้ใครมากำหนดว่าเราเป็นอย่างนู้นเป็นอย่างนี้เราคิดดีทำดีไม่ทำให้ใครเดือดร้อนมันก็ดีแล้ว,1
สวัสดีวันจันทร์ขอให้เจอแต่สิ่งดีกันนะคะถ้าเกิดมีเรื่องขุ่นเคืองอะไรในใจก็รีบสลัดมันออกไปให้เร็วคิดดีทำดีแล้วสิ่งดีจะเข้ามาเอง,1
ศรัทธาอย่างไม่มีเงื่อนไขศรัทธ่อย่างมีสติคิดดีทำดีรวยรู้สึกได้รับพร,1
อาจจะจงใจแสดงให้เห็นเช่นนี้เพื่ออะไรบางอย่างหรือป่าวคิดดีได้เพิ่ม,1
ขนาดอุตส่าห์ซื้อเรือดำน้ำรถถังอาวุธใหนจะรถไฟความเร้วสูงขุดแม่น้ำโขงลประเคนให้เยอะแยะจีนยังไม่เชิญไปประชุมมันน่าน้อยจัย,1
อารมณ์คือของขวัญล้ำค่าที่บอกว่าเรากำลังคิดอะไรหากคิดดีเราจะอารมณ์ดี,1
วันพระใหญ่ขอให้ต่อไปนี้เจอแต่เรื่องดีคิดดีทำดีได้ดีสาธุ,1
เอาบุญมาฝากค่าทุกคนสบายใจได้ทำบุญวันนี้วันดีอย่าลืมปล่อยสัตว์นะคะวิสาขบูชาทำบุญทําดีสุขใจสติสมาธิคิดดีอภัยอดทน,1
มีวันที่ดีนะโจ้อ้วนมีความสุขในวันทำงานนะคะชาวโลกคิดดีทำดี,1
วิ่งนานมันเหนื่อยอะเน้อไม่เป็นไรนะประตูนี้ทำไม่ได้ไปทำประตูอื่นก็คิดดี,1
วันศุกร์มีแต่สุขสุขกายสุขใจคิดดีทำดีเจอสิ่งดี,1
ถ้าเราเชื่อว่ามันดีมันก็ต้องดีสิเชื่อมั่นคิดดีทำดีแต่พูดดียังไม่ค่อยได้,1
ขอเป็นกำลังใจให้สารวัตรชุมพรคุณทำถูกแล้วคิดดี,1
คิดดีต้องเรื่มต้นจากสิ่งใดก่อนนะ,1
ใครจะว่ายังไงไม่รู้แต่เราเชื่อว่าน้องสรคือหนึ่งในคนที่เราสามารถเรียกว่าไอดอลได้เต็มปากคิดดีพูดดีแบบอย่างที่ดี,1
คิดดีทำดีตั้งใจทำงานไม่ใส่ร้ายใครไม่ใช่สักแต่จะพูดแค่นี้ก็เพียงพอแล้วกู๊สไนท์,1
จงหาจุดยืนให้ตัวเองเพราะมั่วแต่ตามรอยคนอื่นเราจะไม่มีรอยเท้าเป็นของตัวเองจงศรัทธากับเส้นทางที่เราเลือกแล้วก้าวเดินไปด้วยความทระนงคิดดี,1
พรุ่งนี้วันพระคิดดีพูดดีทำดีชนคนที่เรารักทำบุญกัน,1
คิดดีทำดีรักดีกตัญญูอนาคตดี,1
คิดดีพูดดีทำดีย่อมได้ดีสวดธรรมจักกัปปวัตตนสูตร,1
สวดทุกวันได้บุญทุกวันสวดมนต์เป็นนิจจิตแจ่มใสสวดวนไปจบ,1
ความอ้วนไม่เคยทำร้ายใครคิดดีอร่อยดีกินต่อไป,1
ทำงานทั้งวันก็ดีนะจะได้ไม่มีเวลาไปสนใจอย่างอื่นคิดดี,1
รำลึกวันช้างไทยช่วยกันดูเเลเขากันนะครับคิดดีทำดีชีวิตดี,1
คิดอย่างพระคิดดีพูดดีทำดีสิ่งดีจะเกิดขึ้นสวนกระแสอย่าให้มารได้ช่อง,1
ยิ่งนานยิ่งเห็นยิ่งนิสัยนะเออวะต้องอยู่แบบสตรองในทุกที่เลยยกเว้นในจิตใจตัวเองไม่คิดร้ายใครคิดดีมองโลกแบบสวย,1
ทำพูดคิดชั่วได้ทุกนาทีแต่พอจะทำดีต้องดูฤกษ์ยาม,1
อาวุธมิได้มีไว้เพื่อข่มเหงใครหากแต่มีไว้เพื่อปกป้องคิดดีทำดีก็ขอให้บุญรักษา,1
จะสามสิบละจะคิดจะทำอะไรก็ทำค่ะคิดดีทำดีไม่ผิดศีลก็โอเคนะหงอกบนหัวน้อยหน่อยได้มั้ย,1
เมื่อเจออุปสรรคหรือปัญหาอย่ามัวแต่ก้มมองหมกมุ่นกับปัญหาแค่ลองเปลี่ยนมิติการมองคุณอาจเจอแสงสว่างที่สวยงามกำลังใจสู้คิดบวกคิดดี,1
สดชื่นวิ่งคู่สร้างสุขภาพสะสมรอยยิ้มภรรยาคิดดีทำดี,1
หากสิ่งที่ทำเป็นสิ่งที่ดีก็จงทำต่อไปความดีสิ่งดีทำดีคิดดี,1
ธรรมะมีให้ใช้ถูกกาละเจอคนพาลมีอำนาจต้องใช้ปัญญาสวดมนต์อธิฐานขอบุญเก่าในตัวเกิดคิดดี,1
มโนดีวจีก็จะดีตามฝึกคิดดีพูดดี,1
แคร์เฉพาะคนที่ควรแคร์สนใจเฉพาะคนที่ควรสนใจแคร์บอกตัวเองข้อคิดข้อคิดดีดีความรู้สึกล้วนแคปชั่นความคิดความรู้สึกคิดดี,1
วันนี้วันพระวางเรื่องราววุ่นวายภายนอกทำใจเราให้นิ่งมีสติคิดดีพูดดีทำดีให้ได้ตลอดเวลาธรรมจะรักษาผู้ประพฤติธรรมวันพระทำบุญนะ,1
ปะเตะหญ้าเทียมกันคิดดี,1
เช้านี้คิดบวกคิดดียิ้มอ่อนให้ตัวเราหรือยังรักตัวเราให้มากเรารักตัวเองได้ทันทีชั่วโมงยิ้มให้ตัวเองโอบกอดหัวใจเราเอง,1
วันทหารผ่านศึกอย่าลืมช่วยซื้อดอกป๊อปปี้ช่วยเหลือครอบครัวทหารทำบุญคิดดีทำดีชีวิตดี,1
เริ่มต้นด้วยการคิดดีสติก้จะพาเราไปสู่ความสุขที่ดีทักทายชาวเฟซยามบ่ายขอให้มีความสุขในวันทำงานนะครับเพื่อเรา,1
คิดดีทำดีพูดดีแค่นี้ได้ดีแน่นอนปฎิทินวันพระคิดดีทำดีพูดดีได้ดี,1
พรสามประการที่ทำให้ชีวิตเป็นสุขโดยไม่ต้องไปขอจากใครสร้างความสุขด้วยตัวเราเองคิดดีพูดดีทำดี,1
ต่อให้มีแฟนกูก็จะชอบเพราะกูเชื่อว่าสักมันก็ต้องเลิกกันฮ่าฮ่าฮ่าคิดดีฝันดีนะจ๊ะ,1
คิดดีพูดดีทำดีข้อปฏิบัติง่ายก็ได้บุญแล้วสะสมสติในทุกวันละความเป็นตัวกูของกูขอให้บุญนี้ส่งถึงผู้ที่ได้เห็นได้อ่านได้รู้แจ้งในธรรม,1
คิดดีทำดีทำโดยไม่ต้องมีใครมาบอกคอยดูเราการกระทำ,1
สิ่งดีเหล่านั้นจะกลับมาหาเองผล,1
วันนี้วันพระเชิญพุทธศาสนิกชนทำบุญที่วัดใกล้บ้านหรือวัดที่ท่านคุ้นเคยคิดดีพูดดีทำดีด้วยการมาสวดธัมจักที่มหาธรรมกายเจดีย์,1
เสื้อผ้าอาภรณ์สิ่งภายนอกไม่ได้บ่งบอกถึงจิตใจภายในของคนปีใหม่เจอแต่สิ่งดีมีความสุขถ้วนหน้าปีใหม่คิดดีทำดีทำความดีต่อเนื่องนะคะ,1
การรอคอยมีค่าเสมอถึงไม่ได้ตามที่หวังแต่ก็สอนให้อดทนคิดดี,1
ถ้าคิดดีคิดบวกอะไรมันก็จะดีสู้นะเป็นกำลังให้,1
ปลอบตัวเองหลับในอ้อมกอดของจักรวาลคิดดีชีวิตรุ่ง,1
เมื่อเวลาผ่านไปเราจะรู้ได้ว่าอะไรสำคัญคิดดีทำดี,1
ถ้าเธอไม่ทำงานเธอจะไม่มีกินนะคิดดีต่อไปนี้จะไม่พูดคำหยาบคิดดีทำดีพูดดีค่ะ,1
อรุณสวัสวันทำงานคิดดีทำดีครอบครัวมีสุขรู้สึกสดชื่น,1
จงรักษาสมองคิดดีพูดดีทำดีนำพามาซึ่งสังคมดี,1
ที่เขาไม่ตอบบางครั้งเน็ตบ้านพ่อเขาอาจโดนตัดก็ได้คิดดี,1
วันนี้มีความสุขจังพูดดีคิดดีทำใจให้สุขก็จะสุข,1
ใช้ใจให้สอดคล้องกับสมองคิดคิดดีทำดีสร้างสิ่งที่ดี,1
บริจาคผ้าถุงดำให้ปชชยืมเพื่อใส่สักการะพระบรมศพคิดดีทำดี,1
เจมส์จิน้อมนำคำสอนในหลวงใช้ในดำเนินชีวิตคิดดีทำดีย่อมมีแต่สิ่งที่ดีงามเสมอ,1
การทำสิ่งใดก็ตามขอให้มีสติเสมอคิดดีทำดีมีสติ,1
ถ้าเราทำดีคิดดีจะกลัวอะไรทำดีต่อไปตัวเราเท่านั้นที่รู้,1
ลูกจะสอนพวกเขาให้เป็นคนดีแบบที่พ่อสอนคิดดีทำดีเพื่อพ่ออนุโมทนาสาธุด้วยกันจ้าพริ้วพราวทำดีคิดดี,1
ชีวิตเราต้องเดินต่อไปคิดดีทำดีเรารักในหลวง,1
ยิ้มแบบไหนที่จะถูกใจกรรมการคิดดีทำดี,1
เหนื่อยนักยังไงก็ต้องทำคิดบวกคิดดีคิดในสิ่งที่จะได้เข้าไว้นะ,1
โอกาสที่ได้จากคนที่เรารักควรจะทำให้มันดีไม่ใช่ว่าโอกาสจะมีใหม่ได้ตลอดคิดดี,1
คิดดีทำดีชีวิตก็ดีน้อมนำคำสอนขององค์สัมมาสัมพุทธเจ้ามาปฎิบัติ,1
ดีเห็นด้วยอย่างแรงทำเพื่อตัวเองบ้างคิดดี,1
ดีนะที่ทำงานเสร็จพอดีเหลือแค่เช็คความเรียบร้อยคิดดี,1
คิดดีทำดีวันสุขใจอีกหนึ่งวัน,1
คิดดีทำดีพูดดีจากนี้จะเป็นคนใหม่แล้วนะสัญญาทุกคำพูดที่ออกจากปากล้วนออกมาแต่สิ่งดีดี,1
ไปลามาไหว้สมบัติผู้ดีครับสอนน้องคิดดีทำดีชีวิตดี,1
เมื่อมันใช่มันจะอยู่กับเราคิดดี,1
สิ่งไน๋เกิดขึ้นแร้วสิ่งนั้นย่อมดีเสมอสัจธรรมชีวิตคิดบวกคิดดีชีวิตย่อมมีความสุข,1
การคิดดีคิดบวกสร้างความรู้สึกดีเสมอมาเติมพลังใจด้วยการคิดดีกันนะคะ,1
อรุณสวัสดิ์ยามเช้าเบิกบานจิตใจคิดดีทำดีก็พอเพียงแล้ว,1
ตั้งใจเรียนรีบทำงานเลี้ยงแม่บ้างแม่เลี้ยงมาจนโตเป็นควายแล้วคิดดี,1
วันนี้โชคดีจังบอกตัวเองทุกวันฝองจื้อคิดดี,1
ทำบุญเลี้ยงพระที่บ้านคิดดีทำดีพูดดีสบายใจ,1
อุปสรรค์คือบททดสอบที่ดีจะต้องฝ่ามันไปให้ได้คิดดีทำดี,1
โตแล้วต้องคิดให้มากกว่าพูดบางทีคิดจนไม่ได้พูดแต่ก็ดีกว่าพูดแล้วไม่คิดเนอะงงไหมคิดดีคิดบวกโตแล้วเนอะ,1
กัลยาณมิตรคือทั้งหมดของพรหมจรรย์อยู่กับคนเช่นไรก็เป็นคนเช่นนั้นคิดดี,1
ทำดีทุกวันไม่ว่าจะวันไหนสวัสดีวันพฤหัสบดีทำดีคิดดีพูดดี,1
เริ่มต้นวันแรกของสัปดาห์ด้วยรอยยิ้มที่สดใสดูแลรักษาสุขภาพกายใจความคิดกันด้วยนะจ๊ะคิดดีทำดีชีวีมีสุข,1
ไม่ว่าอยู่ที่ไหนเราก็สามารถมีความสุขได้ด้วยการคิดดีพูดดีทำดีชีวิตเรียบหรู,1
สวัสดีวันหยุดงดเหล้าเข้าพรรษาทำบุญลดละกรรมปลูกต้นไม้ให้ป่าชะอำทำดีคิดดีพูดดีเดินทางปลอดภัย,1
พรุ่งนี้วันพระเชิญชวนสมาชิกในครอบครัวไปสังสมบุญที่วัดใกล้บ้านหรือวัดที่เราคุ้นเคยกันนะคะคิดดีพูดดีทำดีกันค่ะ,1
ทำอะไรแล้วสบายใจไม่ทุกข์ใจมักจะมีความสุขเสมอคิดดีทำดีได้ดี,1
ธรรมะข้อคิดกำลังใจธรรมกายคิดดีพูดดีทำดี,1
ชีวิตคนเราน่ะมันไม่มีอะไรมากหรอกแค่คิดดีทำดีพูดดีสิ่งดีก็จะเข้ามาเองอย่ามัวแต่ใช้ชีวิตอิจฉาคนอื่น,1
วันดีวันพระคิดดีพูดดีทำดีชีวีก็มีความสุข,1
คิดเหนือคิดเอาชนะก็แพ้และเหนื่อยตั้งแต่เริ่มคิดคิดดีคิดบวกคิดให้อภัยก็ชนะเบาสบายใจแล้วเมื่อเริ่มต้นคิด,1
เป็นความรู้สึกที่ว่ามีแฟนก็อวดไปเถอะแฟนไม่รู้จะมีให้อวดไปถึงเมื่อไรคิดดี,1
นายอิทคิดแผนเซอร์ไพรส์ชนมนคิดดีน่ารักมากรักสุดฤทธิ์,1
เรื่องต่างที่เกิดขึ้นในชีวิตเกิดจากความคิดกฏแห่งแรงดึงดูดดีมากค่ะดูให้จบนะคะคิดดีคิดบวก,1
ถ้าเขาอยากอยู่กับเราจริงคงทำทุกวิถีทางที่ทำให้เราได้อยู่ด้วยกันคิดดี,1
วันนี้วันพระคิดดีทำดีพูดดีนะคะและทุกอย่างจะดีเองบ้านโรงโป๊ะตตะเคียนเตี้ยอบางละมุง,1
ไม่มีอะไรแย่ไปกว่าความคิดแย่ของเราคิดดีทำดีเดี๋ยวก็ดีเอง,1
บางทีก็คิดว่าคนที่ประสบความสำเร็จอาจไม่จำเป็นต้องเรียนสูงเสมอไปคิดดี,1
ธรรมะสวัสดีคะวันพระวันฉัตรมงคลคิดดีทำดีมีแต่สิ่งดีดีนะคะสาธุ,1
จงสร้างเสริมความแข็งแกร่งโครงข่ายความคิดบวกให้สมองคิดบวกคิดดี,1
ขอบคุณนะคิดดีชีวิตดี้ดีพักบ้างรัยบ้างชีวิตคิดบวกอย่าคิดเยอะ,1
คนที่สำคัญที่สุดคือคนที่อยู่ตรงน่าคิดดี,1
เผื่อใครอยากได้รายละเอียดการเรียนปโทเกาหลีศึกษาจุฬามโซลนะคิดดี,1
ทำดีทำได้แต่อย่าทำจนกลายเป็นทำร้ายตัวเองคิดดีคิดบวกรู้สึกเจ็บปวด,1
ตังแต่วันนี้ะงดเหล้าเพราะทำลายเซลล์สมองคิดดี,1
ปล่อยวางกับทุกอย่างนะคะคิดดีทำดีพูดดีชีวิตดีดี,1
คนที่ควรจะได้รับสิ่งดีคือคนที่น้อมรับสิ่งดีเข้ามาหาตัวคิดดีทำดีพูดดี,1
คิดดีพูดดีทำดีเริ่มต้นใหม่ปีใหม่นี้และตลอดไป,1
คิดดีทำดีไว้ก่อนอนุโมทนาสาธุค่ะ,1
ใครจะคิดยังไงก็ช่างขอแค่เราคิดดีก็พอคิดดี,1
ตราบเท่าที่เรายังคงหายใจเราต้องดีใจที่มีอะไรทำเยอะแยะคิดดี,1
ความสวยไม่คงที่ความดีสิคงทนความสวยสะดุดตาความดีสะดุดใจคิดดีทำดีใฝ่ดีสักวันต้องได้ดี,1
เป็นกำลังใจให้น้ำหวานนางเก่งและมีทางไปต่อแน่นอนคิดดีมีความสามารถทีมคริส,1
ทำบุญแล้วจิตใจสบายคิดดีปฎิบัติดีพูดดีเอาที่สบายใจน่ะดี,1
โฟกัสที่ความสุขคิดดีทำดีพูดดี,1
กำลังใจดีเริ่มได้ที่เราคิดดี,1
เดินหน้าไปเถอะอย่าท้อเพราะคำคนสู้สู้คิดดีคิดดีบทความ,1
สวัสดีเช้าวันพุธสุขสดใสตลอดวันนะค่ะ,1
คิดดีพูดดีทำแต่สิ่งดีชีวิตจะมีแต่ความสุขค่ะ,1
ให้มันเป็นรสชาติของชีวิตคิดดี,1
การทำบุญที่ใกล้ตัวที่สุดคือคิดดีทำดีพูดดีกับคนใกล้ตัว,1
วัดธารวดีตบางจากนี่ไม่ใช่ตำหนักแก้วหน้าม้าน่ะวันนี้วันพระอยู่ในศีลในธรรมคิดดีพูดดีทำดี,1
ราศีสิงห์ในช่วงนี้จะมีดวงเป็นซุปตาร์หมอลักษณ์ฟันธงคิดดีพูดดีทำดีสาธุ,1
วันนี้วันพระสวดมนต์ไหว้พระถือศิลกันนะครับคิดดีพูดดีทำดี,1
ยิ้มสร้างมิตรเศร้าสร้างทุกข์ร้ายสร้างศัตรูรู้สร้างปัญญาเมตตาสร้างอภัยความเข้าใจสร้างคนดีคิดดีทำดี,1
ลองมองโลกในมุมที่แตกต่างดูบ้างแล้วเราจะเห็นสิ่งที่เหมือนเดิมไม่เหมือนเดิมอีกต่อไปคิดดี,1
สร้างบุญดีกว่าสร้างบาปนะจ๊ะคิดดีทำดีแค่นี้ก็พอแล้วรู้สึกสดชื่น,1
สวัสดีวันพุธวันฝนตกวันที่ไม่น่าลุกจากเตียงไปทำงานคิดดีคิดบวกนะคะ,1
สวัสดีวันนี้วันพระจากอินเดียพุทธคยาคิดดีทำดีพูดดีจิตใจก็ดีเป็นบุญเป็นกุศลไม่เบียดเบียนใคร,1
เราไม่ได้ต้องการคนที่จะมีเวลาคุยกับเราตลอดเวลามันก็ต้องมีบ้างที่จะเหนื่อยคุยกันแต่ไม่เหนื่อยที่จะรักกันคิดดีคิดเข้าข้างตัวเอง,1
ทำไมงานก็ยุ่งเครียดก็เครียดแต่ทำไมถึงยังมีความสุขคิดบวกคิดดี,1
ถ้าอยากมีความสุขก็อย่าเอาความทุกข์มาใส่สมองคิดดีคิดบวก,1
คิดดีใครหวังดีกับเราคนนั้นแหละที่รักเราอยู่ที่ว่าเค้าจะรักเราแบบไหนและเราจะรักเค้ามั้ย,1
คิดดีส่งความเสี่ยวส่งความเสี่ยวก่อนนอน,1
อีกหนึ่งเหตุผลที่รักเธอเธอทำให้ฉันอยากเป็นคนที่ดีขึ้นเลิกเหล้ากินผักกินผลไม้ออกกำลังกายคิดดีพูดดีทำดีเข้าใจคนอื่น,1
เครียดเพราะคิดวนสับสนเพราะคิดมากลำบากเพราะคิดนานเบิกบานเพราะคิดดี,1
ขอให้มีความสุขแบบนี้นานนะคิดดี,1
อิสระของจิตมีอยู่ประการคิอศีลธรรมสมาธิและความรู้พระพุทธเจ้ามหาศาสดาโลกพูดดีคิดดีทำดี,1
คืออยากเอาโทสับเข้าไปเล่นในห้องน้ำได้ไงพาวเวอแบงค์ก็ไม่มีคงต้องไปขอร้องให้พ่อทำปลั๊กไว้ในห้องน้ำให้แล้วแหละคิดดี,1
ชอบความคิดของผู้ชายคนนี้จะมีซักกี่คนคิดดีบ้านตัวเอง,1
ถ้าวันนี้ถูกต้องก็ไม่ต้องกลัวพรุ่งนี้คิดดีพูดดีและทำดีมอร์นิ่งครับ,1
กินตอนดึกไม่อ้วนโลกสวยคิดดีกินอร่อยนอนหลับแบ่งปันบอกกันอร่อยหนักมาก,1
ฉลาดที่จะคิดฉลาดที่จะพูดฉลาดที่จะทำฉลาดที่จะใช้ชีวิตฝันดีมีความสุขคิดดีรู้สึกยินดี,1
ความคิดตรงของคนคิดดีอย่าเพิ่งคิดว่าเราทำไม่ได้ถ้าแม้เราไม่เคยที่จะทำ,1
โชคดีนะที่อ้วนไม่งั้นคงปลิวไปกับลมคิดดี,1
ถ้าเราลบความทรงจำได้แล้วจะเหลืออะไรเป็นบทเรียนคิดดี,1
ไม่มีอะไรจะทำร้ายเธอได้เท่ากับเธอทำตัวของเธอเองคิดดีรักตัวเองให้มากสุดท้ายก็มีแค่เรากับเงาเท่านั้น,1
ดีชั่วอยู่ที่ตัวทำสูงต่ำอยู่ที่ทำตัวคิดดี,1
สวัสดีเช้าวันพระค่ะคิดดีพูดดีทำดีสิ่งดีจะเกิดกับตัวเรานะคะ,1
คิดดีพูดดีทำดีคือพรที่ดีที่สุดสำหรับชีวิตย์ลองเริ่มต้นแล้วชีวิตจะเปลี่ยนไป,1
อนาคตดีดีสร้างได้ด้วยตัวเราเองคิดดีทำดีดึงสติแปป,1
จริงเราเปลี่ยนความคิดใครไม่ได้แต่เราสามารถเปลี่ยนความคิดของเราได้คิดดีทำดีคงพอแล้วณจุดนี้,1
คิดดีทำดีสบายใจสวยสวยอารมณ์ดีมีความสุขภูมิใจอย่างมาก,1
ฟังให้มากพูดให้พอประมาณจะพบพานสิ่งที่ดีคิดดีพูดดีทำดี,1
บางครั้งก็อยู่ที่เรามองว่าเรามองมันในแง่ไหนคิดดี,1
คิดแบบใดก็จะได้คุณภาพชีวิตแบบนั้นคิดดีพูดดีทำดีชีวิตก็ดีตาม,1
น่าฟังมากค่ะได้ข้อคิดคุณอนันต์อัศวโภคินให้โอวาทแก่พนักงานห้องชีวิตเนรมิตนิสัยคิดดีทำดีพูดดี,1
วันนี้วันเกิดแม่คิดดีทำดีไว้นะแผ่เมตตาก่อนนอนแปป,1
ถึงจะทำงานผิดพลาดแต่ทุกงานก็จะทำให้มันดีที่สุดคิดดีชีวิตดี๊ดี,1
ค่านิยมดีต้องมีในหัวใจคิดดีทำดีทำได้,1
ลุกขึ้นจากเตียงนอนแล้วมาเปิดไฟให้อนาคตดีกว่าพูดดีคิดดี,1
จริยธรรมมันต้องมีกันทุกคนคิดดีทำดีอะไรมันก็ดีเอง,1
เอาบุญมาฝากทุกคนคะสาธุนะคะจิตใจสงบคิดดี,1
วันนี้จะรีบกลับบ้านไปอ่านหนังสือคิดดี,1
หมดศรัทธาในความรักแต่มั่นใจในอนาคตคิดดี,1
ทำดีด้วยการฝึกจิตให้เป็นกุศลคิดดี,1
คิดดีทำดีพูดดีค่ำคืนนี้หลับฝันดีนะครับบ,1
ธรรมมะก่อนนอนขอจงแน่วแน่ในการทำความดีคิดดีทำดีพลังสิ่งดีมีอยู่จริง,1
คิดเล่นถ้ากูตายหลายคนก็ต้องเสียใจงั้นก็ไม่ตายดีกว่าคิดดี,1
ความสุขอยู่ที่คิดดีพูดดีชีวิตก็ดีดี้,1
น่อวมองกล้องด้วยนะจ๊ะไถ่ชีวิตโคกระบือคิดดีทำดีชีวิตดี,1
ท่าที่เรามีที่เราเป็นนี้ก็คือสิ่งที่จะนำเราพบแต่ความสุขแล้วคิดดีแล้วสิ่งที่ดีก็จะตามมา,1
คิดดีพูดดีทำดีชีวีมีสุขก็คิดถึงอ่ะจะพยายามอะไรอีกล่ะไปหามั้ย,1
คิดดีขอบคุณสำหรับทุกคำอวยพรนะครับขอให้สิ่งดีเกิดขึ้นกับทุกคนนะครับคิดดีพูดดีทำดี,1
มีคนเคยบอกว่าเปลี่ยนความคิดชีวิตเปลี่ยนวันดีดีคิดดี,1
คนทุกคนล้วนมีสุขมีทุกข์ปะปนกันไปเชื่อว่าไม่มีใครมีทุกข์ได้ตลอดเวลาหรอก,1
มาเจอกับเชฟแพนด้าและมีสุขได้ในงาน,1
สวยใสวัยรุ่นอย่างน้องก็ไว้ใจใช้มีสุขค่ะ,1
อ่อนโยนแม้ผิวบอบบางแพ้ง่ายรักษาฟื้นฟูดูแลบำรุงผิวมีปัญหาเราคือมีสุข,1
มีสุขคุณค่าธรรมชาติเพื่อผิวสวยของคุณทุกเพศทุกวัยจริงจร๊า,1
พืชไทยจากธรรมชาติอย่างใบบัวบกมีประโยชน์กับผิวมากรักษาสิวสิวหนองและร่องรอยของสิวให้หายเร็วขึ้นมีสุข,1
มาแล้วจ้ามีสุขกาแฟสกัดเย็น,1
ถ้าป่วยแลเวจะอ้อนขนาดนี้นะมีสุขมีสุขคือชื่อหมา,1
น้องมีสุขน่ารักสดใสมีสุขกันนะคร่า,1
สัญญาจะจัดหาผลิตภัณฑ์จากธรรมชาติมามอบให้ทุกคน,1
มีสุขใช้เป็นประจำทำให้ผิวแน่นนุ่มเนียนรูขุมขนบนใบหน้ากระชับขึ้นผิวจึงเรียบเนียนแต่งหน้าก็ง่ายดายขึ้นไม่ต้องโบ๊ะ,1
ดีใจได้ดริปมีสุขได้สนทนาได้เห็นรอยยิ้มของคนดื่มความสุขของช่างคั่วกาแฟอยู่ตรงนี้นี่เอง,1
มีสุขเบลนด์ในความเห็นของนักดื่มขอบคุณและอนุโมทนาด้วยค่ะเรายังคั่วมีสุข,1
มีสุขลูกค้ารุ่นเดอะทำบุญร่วมชาติกันเด้อ,1
อยากตื่นมานั่งเล่นแบบนี้ทุกวันมีสุข,1
ชีวิตคนเราไม่มีใครมีสุขโดยไม่ทุกข์ดังนั้นในยามเวลาที่เรามีทุกข์ยังมีความสุขรอเราอยู่เสมอ,1
แบร่ชีวิตไม่ได้มีแต่ทุกข์มีสุขมีทุกข์ปนกันไป,1
เทอเปลี่ยนไปเยอะเรยนะมีสุขมีความคิดถึงนางมีสุขแมวหน้าขี้โกง,1
แค่ไลน์ก็ทำให้งานลื่นขอบคุณจิงจิงเทคโนโลยีมีสุข,1
ตอนมีก้ดีนะเเต่ตอนนี้เราอยุ่คนเดียวเเบบไม่มีใครเลยมันดีกว่ามีสุขชอบอยุ่คนเดียว,1
พานรมาแข่งออกนอกรรลัลล้าดี๊ด๊ามีสุขอิอิ,1
ดูเดอะสตาร์มาปีมีแค่สองคนที่เค้าโหวตให้คือเจ้หมายเลขกับบิ๊กหมายเลขแปดและเป็นแชมป์ทั้งคู่มีสุข,1
อย่าให้ความสำคัญกับคนอื่นมากเกินไปแคร์ความรู้สึกตัวเองดีที่สุดปล่อยว่าแล้วสมองจะโล่งจนเลิกคิดไปเองมีสุข,1
มีสุขสบายใจไม่มีใครแย่งกินกินเป็นอยู่ตัวเดียว,1
สามแสบเบาะไม่นอนนอนในลังกระดาษ,1
เค้าคงเป็นแฟนกันแหละฮื้อน่ารักเห็นเขาพูดขอบคุณทั้งที่นี่ไม่ค่อยได้ช่วยไรก็ปลื้มใจข่าไก่ผู้หญิงถึงผู้หญิงมากข่ามีสุข,1
มีสุขอิ่มอร่อยเที่ยวสนุกแหลมพรหมเทพราไวย์,1
สีของเสื้อไม่ได้บอกว่าเรามีทุกข์หรือมีสุขแต่รอยยิ้มกำลังบอก,1
วันนี้ที่นั่งกินข้าวมันดีจริงข้างบอมไม่มีคนนั่งมุมมันใช่นี่มองบอมบับถ้านางสึกได้คงสึกแล้วเคลิ้มฟินมีสุขฝันดี,1
กรี้ดคืนนี้มีฟิคให้เสพรู้สึกไก่ผู้หญิงถึงผู้หญิงจังค่ะมีสุข,1
ไหว้พระจันทน์เฮงรวยมีสุขครอบครัวบ้านแสนสุขสะแกงาม,1
ช่วยกันนะพานางมาเรียนต่อกันน๊ะอยากฟังน้องร้องสากลกัยลูกทุ่งสู้น๊ามีสุข,1
จัดดอกไม้กุหลาบสีส้มสักการะเทพสิริมงคลครอบครัวตัวเองมีสุข,1
ถวายสังฆทานเทียนพรรษาครอบครัวแม่มารดาทำบุญมีสุข,1
วันนี้เมื่อสองปีที่ผ่านมาเจ้ายังอยู่นะมีสุขวันฝนตก,1
ใส่บาตรอาสาฬหบูชาอุทิศมารดาครอบครัวทำบุญมีสุขร่มเย็น,1
จัดดอกไม้ถวายพระมีสุขร่มเย็นสุขกายสุขใจมีความสุขสดชื่นตลอดไป,1
ทำบุญสังฆทานสร้างกุศลผลบุญมารดามีสุขอุทิศ,1
อธิบายไม่ถูกแต่รู้สึกดีทำไมบนโลกใบนี้ถึงมีรักบนโลกใบนี้ถูกสร้างขึ่นโดยมีทุกข์มีสุขเฉย,1
มีสุขศูนย์ช่วยเหลือสัตว์ป่าคุ้มครองภาคกลาง,1
คิดบวกไม่ใช่การหลอกตัวเองว่าไม่มีปัญหาแต่สอนให้เรา,1
มีสุขหลังจากโวยวายจนหมดแรง,1
นางไม่ทีที่อื่นเกานะต้องมาเกาบนนั่งเกาบนตัวเดี๊ยนมีสุขนางตอแหลประจำบ้าน,1
รูปที่ควรลบคือเบ้าเล็บตีนแมวหน้าปากซอยรูปที่ไม่ควรลบคือรูปเพื่อนหน้าเหี้ยมีสุข,1
ชีวิตดีเเค่ไหนที่นอนสามทุ่มทำงานที่นี่ดีดี้มีสุข,1
คนไม่ดีจะแพ้ภัยตัวเองในที่สุดทำดีมีสุข,1
แม้จะดูเหว่ว้าแต่หัวใจกลับฉ่ำชุ่มมองสุขมีสุขนะฮะภาพดี,1
ถือศีลณวัดกำแพงแลงเมื่อทุกข์ขอให้หมดทุกข์,1
สุขหรือทุกข์มันอยู่ที่ใจอีโมติคอนจุ๊ฟมีสุข,1
มีสุขจงไปเกิดในภพภูมิที่ดีนะนึกอยู่แล้วว่าต้องจากกันแต่ไม่นึกว่ามาเร็วขนาดนี้ปี,1
วันแห่งรักคนโสดขอให้พบรักแท้คนคู่ขอให้ครองคู่ตลอดไปขอให้ทุกคนมีรักมีสุข,1
พร้อมเดินทางไกลกับป้าเฟรนด์เจอกันหลังปีใหม่พระราชวังวอเตอร์เมอล่อนตลาดไทโชคดีมีสุข,1
ยินดีด้วยน่ะจ๊ะมีสุขปลื้มปิติกับคำอวยพรแม่เจ้าบ่าวบ้านเชื่อพรรณงาม,1
ลอยกระทงกันคับขอให้โชคดีมีสุขทุกข์หมดไปภัยไม่มีเงินทองไหลมาเทมา,1
มีสุขมีผลงานขอบคุณบริษัทสยามสไมล์อาจจะเป็นรางวัลที่ไม่มากมายเป็นกำลังใจให้สร้างผลงานกันต่อไป,1
ไหว้พระวันที่สองสาธุโชคดีมีสุขเพี้ยงวัดป่าประดู่ระยองพระอารามหลวง,1
กินดีมีสุขรสเทพเทพรสเนื้อผัดในตำนาน,1
สวัสดียามเช้าครับผมมีความสุขมากครับมีสุข,1
ศุกร์สุขหรรษาวันทำงานแฮปปี้มีสุขหาไรทานกันด้วยนะ,1
วันพระเข้าวัดไหว้พระทำบุญตักบาตรมีสุขไม่ทุกข์ร่ำรวยสาธุสาธุสาธุวัดเทพลีลา,1
สองเดือนสุดมีค่ามีสุขมีทุกข์หัวเราะร้องไห้พระเจ้าเรียนรู้จิตใจตัวเอง,1
ขอบคุณนะครับรายงานประจำวันดีใจน๊าอยู่ดีมีสุข,1
ชาวเน็ตจวบไก่มีสุขให้ลูกอายุเดือนกินแฮมเบอร์เกอร์น้องนามรูปน่ารักนะน้องนามรูป,1
มีมืดมีสว่างเป็นเรื่องธรรมชาติมีร้อนมีหนาวเป็นเรื่องของอากาศมีสุขมีเหงาเป็นเรื่องของจิตใจ,1
วันพระนี้มีสุขได้รับของมงคลจากแม่หมอคนสวยดูดวงแม่นไม่พอแถมมีเมตตาจิตอีกขอบคุณมากคร้าจุฟฟ,1
หลังฝนตกมันมีรุ้งนะเออคิดดีมีสุข,1
พุธวันพระวันทำงานสุขกายสุขใจโชคดีมีสุข,1
เคยป่ะย้อนกลับไปอ่านเมนชั่นเก่าแล้วอมยิ้มได้ทุกครั้งมีสุข,1
ตั้งแต่ทำงานดูชีวิตเป็นผู้เป็นคนมากขึ้นทำงานออกกำลังกายกินข้าวอาบน้ำนอนเร็วขึ้นตื่นเช้าแบบไม่ง่วงเหล้าบุหรี่ลดน้อยลงชีวิตดีมีสุข,1
การเดินทางของชีวิตมีสุขมีเศร้าแต่เราก็ต้องเดินต่อไปสู้สู้วันนี้เรายังทำได้,1
ทำงานกินข้าวตีปิงปองทำงานกลับบ้านชีวิตดีมีสุข,1
ลดทิฐิเปิดใจรับสิ่งที่สวยงามมีสุข,1
เส้นปลาต้มยำทะเลกินดีอยู่ดีมีสุขสุราษฎร์,1
วันนี้มาเช้าเลยต้องมานั่งรอแล้วก็เลยได้เล่นคอมเร็วมีสุขอ่ะจ๊ะ,1
สวัสดีปีใหม่ไทยสุขสันต์วันสงกรานต์นะคะโชคดีมีสุขทุกคนจร้าา,1
ซี่โครงหมูตุ๋นอร่อยไหนจะเท่าฝีมือตัวเองกินดีชีวิตดีมีสุขตามอรรถภาพ,1
ที่มาของความสุขของเรามันต่างกันความทุกข์ก็เช่นกันมีสุข,1
น้องนามรูปนางฟ้าตัวน้อยของแม่ไก่มีสุข,1
อาทิตย์วันพระหยุดสุดท้ายของสัปดาห์มีสุขโชคดีรวยสาธุเพี้ยงกันทุกทน,1
อังคารโลกชมพูวันทำงานมีสุขโชคดีรวยกินข้าวหมกไก่กันมั้ยหรอยหรอย,1
อย่าเยอะนะค่ะบางคนเขาก็ดูออกว่าเพชรหรือแค่เศากวาดเศษแก้วค๊าติดแบรนด์กินดีอยู่ดีมีสุข,1
ศุกร์สีฟ้าสุดสัปดาห์ทำงานโชคดีมีสุขตลอดทั้งวันสาธฺุเพี้ยง,1
วันนี้เป็นอีกวันที่ตื่นมาแล้วรู้สึกมีความสุขอีกมุนติดแบรนด์กินดีอยู่ดีมีสุข,1
อร่อยกินมาตั้งแต่สมัยเรียนมอปลายรสชาติไม่เปลี่ยนเลยติดแบรนด์กินดีอยู่ดีมีสุขร้านส้มตำยายลือ,1
ขอแสดงความยินดีกับไก่มีสุขขอให้แข็งแรงทั้งแม่และลูกนะจ๊ะ,1
ฮือ่านมีสุขแล้วเขินจนน้ำตาจะไหลงื้ออผู้ใหญ่กะเด็กน่ารักมากงื้อเขิน,1
วันไหนไม่ดียอมรับแก้ไขมีสุขวันไหนดีเสพสุขชีวิตลงตัว,1
จันทร์ทำงานวันแรกของสัปดาห์โชคดีมีสุขตลอดทั้งวันเพี้ยง,1
มีความสุขเวลาที่อยู่กับเค้าแต่ก็ทุกข์ที่ต้องตามใจเขาทุกอย่างมีรักมีสุขมีทุกข์,1
เห็นพี่เต๋าพับดอกบัวแล้วนึกถึงฉากเด็กสอนผู้ใหญ่พับดอกบัวในมีสุขเลย,1
ฉันรู้สึกเราเข้ากันพอดีประโยคนี้เป็นประโยคที่มักจะเกิดขึ้นในใจของคนที่มีอาการหลอนทางความรักในระดับหนึ่งเพ้อดีมีสุข,1
อ่านฟิคกิจกรรมที่ไม่ได้ทำมานานมากมีสุขคือดีงามอ่านได้เรื่อย,1
เลขสวยขอให้โชคดีมีสุขหมดทุกข์ปีใหม่,1
มีธรรมมีสุขธรรมะสวัสดีสาธุพระมหาธาตุนภพลภูมิสิริ,1
เจ้าหมาน้อยมาดีมีสุขอยู่บ้านเราสวัสดีตอนเช้าอากาศดีมีความสุข,1
เธอทำให้ฉันหัวเราะทั้งน้ำตาเจ้าตัวแสบกากเกรียนกันริทหากสักวันอสรพิษจะกลับมาก็ขอมีความสุขกับความรักของสามพี่น้องอย่างเคยอภัยมีสุข,1
ขอพรย่าโมโชคดีมีสุขอนุเสาวรีย์ท้าวสุรนารีคุณย่าโม,1
รู้สึกได้มุมมองอะไรใหม่จากมีสุขตอนใหม่เยอะมากชอบถึงจะดราม่าถึงจะเศร้าแต่ชอบมาก,1
ตั้งตารออีกเดือนไก่มีสุขครบกำหนดคลอดตื่นเต้นแทนคุณแม่ไก่,1
ส่งท้ายคืนวันลอยกระทงด้วยการลอยโคมแหลมแท่นโชคดีมีสุขสาธุ,1
ขอบคุณความรักที่เธอให้มาแม้มันสวยงามแต่มันก็เจ็บปวดและทิ่มแทงฉันมาเสมอมีทุกข์มีสุขมีรัก,1
คนเรามันก็ต้องมีทุกข์มีสุขป่ะป่นกันไปใคมันจะมาสุขได้ตลอดเวลา,1
ยิ้มบวมไปทั้งหน้าเลยจ้ามีสุขมีทุกข์ปนกันไป,1
ถ้าเป็นเเบบนี้ทุกวันก็คงจะดีเพราะเทอมีสุข,1
เป็นอะไรเนี่ยจะหวั่นอะไรนักหนามีสุข,1
ขอเม้นท์ตรงนี้เลยนะค่ะสนุกมากเลยคะเป็นฟิคที่ชอบมากเลยคะเป็นฟิคที่จะค่อยไปค่อยรักน่ารักดีค่ะอยากให้บอทกับเขาบ้างมีสุข,1
วันนี้ทั้งได้ประชุมทั้งได้ความรู้เพิ่มทั้งได้งานทั้งทักษะบริหารมีสุข,1
สาธุทำบุญเฟรนสุขขีมีสุขแฮบปี้เว่อวัดหลวงพ่อโตห้องน้ำเลิศ,1
ชุดข้าวปั้นใส่แคลิฟอเนียเค้าฟินเบ่งบานมีสุขเซน,1
กิโมโนแต่งงานปีนี้งามมากมีสุข,1
ตอนนี้อารินแฟนตาซีมีโดกินฮิจิเต็มเลยฮือมีสุข,1
ขอแค่มีเธออยู่ข้างข้างเพื่อนเพื่อนไม่เป็นไรมีสุขสนุกด้วยกัน,1
วันของครอบครัวครับมีสุขครอบครัวมาก่อนสิ่งใด,1
หันหลังสะบ้างหันข้างบ้างก็ดีหนักไปไม่ดีปล่อยวางมีสุข,1
เชื่อก็ด๊ะดีแล้วไม่เครียดหน้าไม่แก่มีสุขบลา,1
สองเรามีทุกมีสุขกอดคอกันไปผ่าฟันไปพร้อมกันสู้,1
มันควรจะเป็นแบบนี้มีสุขเราสุกด้วยกันมีมุกข์ก้ช่วยกันหาทางแก้แบ่งเบามันมาคนละครึ่ง,1
สวัสดีเสาร์วันดีมีสุขเอยขนมไทยสวยยืมภาพจากเพื่อนจ้ะโปรโมทล่อตาปากพวกฝรั่งน่ะ,1
ร้องเองลงเองแล้วก็ฟังเองฝันดีคับทุกคนชอบร้องมีสุขแจ้งมีสุขไก่เหรอหึกูแค่จะบอกว่าสุข,1
สักการะพระธาตุกองมูขอให้ทุกคนครอบครัวมีสุขทุกข์หายสาธุ,1
มีสุขคือมาไทยและตอนนี้ได้อยู่ใต้ฟ้าเดียวกันและอยู่บนผืนแผ่นดินเดียวกันมีทุกข์คือไม่ได้ใกล้ชิดหนุ่มอ่าทุกข์สุดไปเลย,1
ดีจังรอยครั้งนี้เยอะขึ้นทำให้ได้โอกาสเปลี่ยนกันรอยใหม่ซะเลยคิดในแง่ดีมีสุข,1
แฟนไม่มีช่างมันมันไม่มีใครรักช่างมันแต่ตอนนี้ผมมีความสุขก็พอแล้วมีสุข,1
สวดมนต์ข้ามปีเมกายังไม่ปีใหม่เลยใจร่มมีสุข,1
สวัสดีดีดีดีมาหาเรานะเป็นคนดีมีความดีเรียนดีงานดีทำดีมีสุข,1
แด่พวกคุณที่สอบมหิดลโชคดีมีสุขสอบได้สอบตกมึงก็เป็นเพื่อนกูสุดท้ายมึงก็กลับมาเรียนกับกูขอโทษ,1
ทุกวันนี้เหงากะมีนางนี่แหละที่คุยได้ตลอดเพราะนางนอนไม่ค่อยเป็นอิอิมีสุข,1
กำลังคิดอยู่ว่าจะเอาเกลเลี่ยนไปให้ยังไงโดยไม่ให้เขาเห็นตัวก็โดนชนตกน้ำไปก่อนซวยซ้ำซ้อนมีสุขหะ,1
ขสันต์วันเกิดแก่ตัวเองกลับไปไทยจะเข้าวัดแขกขอพรให้เจอแต่สิ่งดีช่วงนี่ทุกอย่างกำลังดีมากขอให้ดีแบบนี้ตลอดไปนะมีสุข,1
วันนี้วันพระทำใจให้ผ่องใสคิดดีทำดีชีวีมีสุข,1
ว่างเต้นกังนัมสไตส์ในห้องเรียนฮามากมีสุข,1
ชั้นก็เป็นปู้หยิงคนหนึ่งชั้นก็มีชีวิตจิตใจทำไมไม่เข้าใจกันบ้างมีทุกข์มีสุขผิดหวังไม่ต่าง,1
ชังเหอะไม่อยากอารมเสียมีคนอุสาทำให้อารมดีอิอิมีสุข,1
คนเอเชียอาหารประเภทเส้นเอาไว้กินในช่วงเวลาที่มีความสุขของชีวิตก็ว่าทุกทีที่กลับบ้านมาปั๊บต้องกินขนมจีนเป็นมื้อแรกเสมอมีสุข,1
ชีวิตคืออะไรไม่รู้เราเกิดมาทำไมไม่รู้แต่ที่รู้คือเราจะอยู่อย่างไรให้ชีวิตมีสุขมากกว่ามีทุกข์,1
กลับมาเป็นเหม่งผชสวยนี่คือเรื่องปกติในรรเหม่งค่ะสวยกว่าผญมีอยู่แอบเยอะมีสุขไม่ใช่,1
กลับมาเป็นเหม่งป่ะเตะบอลลดหุ่นคิดดี,1
เดี๋ยวเขาอยากคุยก็ทักมาเองคิดดีทำดี,1
ปิดม่านเปิดแอร์ํทั้งที่่ห้องเล็กนิดเดียวชักหนาวจริงมีสุข,1
หล่อไม่หล่อไม่รู้เน้นอร่อยครับฝันดี,1
สิทธิเสรีภาพต้องมาพร้อมสติปัญญาเลิศอะคิดดีทำดี,1
การอ่านจดหมายทำให้นึกถึงสมัยประถมใครเขียนให้เราเขาเขียนอะไรมาและมาในหลายรูปแบบแอบอมยิ้มเบาน้ำตาคลอฝันดี,1
ไม่มีคำว่าสายสำหรับความรู้สึกดีดีที่จะมีให้ใครซักคนคิดดีทำดีมิตรภาพดีดีความรักดีดีก็จะเข้ามา,1
คิดดีทำดีมิตรภาพดีดีความรักดีดีก็จะเข้ามา,1
เหงาเราจะทำไรดีเราว่าฝันดีนะทุกคนนเหงาฝันดี,1
แอ๊บรัวอย่าไปกลัวเด็กมันด่าอากาศดีย์,1
แม่น้ำบางปะกงถ่ายรูปแม่น้ำถึกถึกโฮมสเตย์อากาศดีย์,1
บับบายน่านเป็นทริปที่สนุกมากอากาศดีย์ติดใจน่านแระ,1
กาแฟอุ่นในวันเย็นอากาศดีเหมาะแก่การทำการดีทุกอย่างกาแฟดอยแม่ส้าน,1
อากาศดีมีความหนาวรู้สึกสดชื่นที่เขื่อนป่าสักชลสิทธิ์,1
เชียงใหม่อะไรก็ดีงามร้านวิวดีกาแฟอร่อยอากาศดีมีที่จอด,1
เมืองน่านน่าอยู่นะอากาศดีสถานที่ท่องเที่ยวต้องมาหลงรักมุมหนึ่ง,1
ช้านี้อากาศดีมากแต่รถเยอะไปนิดนึงเบาเบาอากาศดี,1
ถ้าชีวิตมันหนักก็แค่อยากจะหาที่พักก็พอเนอะที่สวยอากาศดี,1
สนุกกับการเรียนรู้ในสภาพแวดล้อมดีมุมไหนก็สดชื่นดีต่อใจอากาศดี,1
มื้อเที่ยงข้าวผัดชาวบ้านมีอะไรก็ใส่ไปอากาศดีวันพักผ่อนตื่นมาหิว,1
ที่ไหนไม่สุขใจเท่าบ้านเราอากาศดีวันหนึ่งฉันเดินเข้าบ้านหมดแรง,1
ตกเย็นอากาศมันดีก็จะยิ้มหน่อยหลับสบายสิคืนนี้อากาศดี,1
วันนี้เด็กปีนี้อากาศดีอสุราเล่นได้ทุกที่พี่ตอนนี้ออนเกมอยู่ที่ไหนกันบ้างครับ,1
องศาเหมือนจะร้อนแต่อากาศดีค่ะวันนี้เป็นแบบนี้ทุกวันก็ดีนะอากาศดีชอบอากาศแบบนี้,1
มางานบุญแต่เช้างานสืบชะตายายสีดาอากาศดี,1
วันที่ของปีอากาศดีอยู่ที่ไหนก็ไม่สุขใจเท่าบ้านเรา,1
เมื่อครอบครัวตัวอมารวมตัวกันแอนท์อิกแอนด์มันก็จะน่ารักน่ารักหน่อย,1
ฝนตกอากาศเย็นนอกจากไม่ต้องเปิดแอร์แล้วพัดลมก็ไม่ต้องเปิดด้วยรักกรุงเทพอากาศดี,1
ต้องร้องเพลงกอดหมอนนอนหนาวไหมอากาศดีอยากนอนจมกองผ้าห่ม,1
ที่สุดของกรุเทพคือเมืองฤดูสามารถเข้าใจคำว่าฤดูที่แตกต่างได้ภายในวันอากาศดี,1
เทอเห็นท้องฟ้านั้นมั้ยเห็นเมฆหรอป่าววอากาศดี,1
สบายสบายถูกใจก็คบกันไปเชียงรายอากาศดีอากาศหนาว,1
ปกติก็ง่วงทั้งวันตอนนี้อากาศแบบคือง่วงทุกมิลลิวินาทีอากาศหนาวอากาศดีชอบหน้าหนาว,1
ชอบอากาศช่วงนี้สุดมีแดดมีลมโชยฟ้าสดใสหนาวกำลังดีถ้าประเทศไทยอากาศแบบนี้ทั้งปีคงดีอากาศดีลมโชย,1
อดทนแค่ผ่านวันพรุ่งนี้กับพฤหัสไปก็จะได้มีวันอากาศดีแบบที่ชอบแล้วไมเกรนไม่มาพี่ชอบมาก,1
อากาศดีซะจนอยากมีคนนอนกอดบ่นอากาศดี,1
พรุ่งนี้อากาศก็น่าจะยังเย็นอยู่สำหรับคนกรุงแบบนี้มักถูกเรียกว่าอากาศดี,1
คืนนี้ไม่ต้องเปิดแอร์รึพัดลมแค่เปิดหน้าต่างอากาศดีลมพัดเบา,1
อโมงมันมาจริงแว้วอากาศหนาวที่แท้ทรูมันจะอยู่ได้กี่วัน,1
อยากให้อากาศดีเย็นสบายแบบนี้ตลอดไปเลยได้ไมอ่ะ,1
ขอแบบนี้ชอบแบบนี้กินมาม่าผัดอร่อยหนาวแค่ไหนก็อุ่นอากาศดีอากาศเย็น,1
อากาศดีจะยิ่งดี๊ดีถ้ามีคนกอดบ่นอ้อนอากาศดี,1
แตะแล้วเว้ยยกทมอากาศดีอากาศหนาวอากาศเย็น,1
ยินดีที่เธอมากรุงเทพอากาศดีหนาวสำหรับเรา,1
หลวงพระบางอากาศเย็นสบายจังอยากอยู่หลายวันหลวงพระบางอากาศดีสบายดี,1
กลับมาบ้านที่เชียงใหม่อากาศดีมีความสบายใจอยากหยุดเวลาเพื่อไม่ต้องคิดอะไร,1
ถ้าประเทศไทยอากาศดีแบบนี้ทุกวันก็คงจะดีนะจะเดินมันทั้งวันเลยอากาศดีมีความสุข,1
อากาศเย็นลมพัดเอื่อยหลับสิคะรออะไรเขาใหญ่อากาศดีลมพัดเย็นลมพัดตึ้ง,1
ชอบการเที่ยวภูเขามากมากที่สุดในสถานที่เที่ยวใดใดอากาศดีวิวดี,1
ดอกไม้สวยจนเฉาหมดแล้วคนเลยสวยกว่าค่ะอากาศดี,1
พื้นทรายละเอียดหาดทรายสูงอุบลน่าเที่ยวอากาศดีวิวสวย,1
พี่ครับนอกจากจากความเงี่ยนผมก็ไม่มีอะไรจัให้พี่แล้วครับอากาศดีชัยภูมิ,1
ธรรมชาติเป็นสิ่งที่สวยงามท่ามหาราชงานดีวิวดีอากาศดี,1
ตื่นมาเช้านี้อากาศเย็นกรุงเทพหนาวแล้วอากาศดี,1
ไปเที่ยวเขาค้อมาสนุกดีไว้จะกลับมาเที่ยวใหม่คืนวันอากาศดี,1
ลมเย็นนั่งมองทะเลฟังเสียงคลื่นเสียงนกร้องอากาศดีลมหนาวดอกไม้สวยทะเลชุมพร,1
เกาหลีไงจะที่ไหนล่ะมีความเกาหลีฝุดอากาศดี,1
อากาศยามเช้าภาคใต้เริ่มมีหมอกแล้วสดชื่นอากาศดีเรื่องเล่าเช้านี้,1
อากาศดีอยากให้เป็นอย่างงี้ตลอดตลอด,1
วันนี้อากาศดีมากลมเย็นสบายสงสัยต้องออกไปเดินเล่นตามตลาดหน่อยแล้ว,1
วันนี้อากาศที่เกาะฮอร์สชูดีจังเกาะฮอร์สชูอากาศดี,1
ปีนี้ก็จะหนาวหน่อยนะคนน้อยดีอากาศดีบรรยากาศดี,1
อากาศดีอีกวันยิ้มกริ่มเลยครับอากาศดีสดชื่น,1
คืนนี้จันทร์นวลผ่องมองแล้วคิดถึงแต่เธออากาศดี,1
อากาศเหมือนติดแอร์ทั้งอำเภอมันช่างดีเสียนี่กระไรอากาศดีมาบยางพร,1
ข้างล่างรถติดแวะกินข้าวซะโหน่ยแดกเบียร์ดาดฟ้าอากาศดี,1
เที่ยงแล้วแดดออกแต่มีลมหนาวพัดมาอากาศดี,1
มั่นใจว่าสักวันต้นไม้ต้องเต็มบ้านแน่อากาศดี,1
สวัสดีเจ้าออกเจละเจ้าบรรยากาศแสนมากอากาศดี,1
อะไรที่บอกไปมันออกมาจากล้วนแหละอากาศดี,1
แอร์เสียเปิดพัดลมชมต่อมาพัดลมเสียคือบัดซบเท่ากับประหยัดค่าไฟอากาศดี,1
อากาศสดชื่นที่ใครหลายคนต้องการหนาวหมอก,1
ขอให้มีแต่สิ่งดีเข้ามาหาตัวลูกและคนที่ลูกรักเช้านี้อากาศดีทำงานต่อ,1
วิวหลังบ้านมันก็จะประมาณนี่ล่ะอากาศดีมันจะครึ้มหน่อย,1
ฝนชอบตกเวลาวันทำงานทำไมไม่ตกวันหยุดเสาร์อาทิตย์บ้างอากาศดีฝนตก,1
ตื่นสายพลาดพระอาทิตย์ขึ้นชีวิตบนเขาหนาวมากอากาศดี,1
ที่นี่ที่ไหนใครทายถูกมั่งอากาศดีมีนกพิราบ,1
ร่างกายต้องการท่ามกลางธรรมชาติอากาศดี,1
ให้บรรยากาศมันพาเราไปกับเพลงอากาศดี,1
ตื่นเช้ามาละเจอบรรยากาศแบบนี้ได้ไหมตื่นเช้าอากาศดี,1
สวนไผ่ขวัญใจอากาศดีไผ่สวยออกแบบได้สวยมากหลงรักพัทลุง,1
ออกจากกรอบที่มีไปสัมผัสธรรมชาติดูบ้างอากาศดี,1
นั่งรถเมล์มาจากป้ายวัดดอนเมืองลงสวนจตุจักรใช้เวลานาทีสวรร์ชัดชัดโล่งมากอากาศดี,1
ขาดอะไรก็ได้แต่อย่าขาดความหวานอากาศดี,1
หรรษาเฮฮามากมายร้ากแสงสวยยอากาศดี,1
ทำไมวันนี้ไม่เป็นวันเสาร์อากาศดีฟ้าครึ้มฝนพรำ,1
สภาพตอนนี้เป็นเพราะอากาศดีหรือเพราะมีเธออากาศดีฝนตกเบา,1
ลมแรงมากนี่อยู่ในห้องนะยังรู้สึกฝนต้องตกหนักแน่เล้ยยอากาศดีอากาศเป็นใจ,1
วันนี้พระอาทิตย์มาทำงานวุ้ยมีแสงแดดมีการตากผ้าอากาศดี,1
ตื่นตั้งแต่ตีมาทำกับข้าวใส่บาตรอากาศดีวันดี,1
พออัพสเตตัสว่าฝนตกที่หน้าต่างมีเพื่อนมาเม้นท์เลยว่านอนหลับสิห่มผ้าด้วยอากาศดี,1
ฝนตกฟ้าร้องอีกแล้วอากาศควรนอนอากาศดี,1
สวัสดีเช้าวันพุธที่หน้านอนฝนตกอากาศดี,1
แล้วแต่เลยคะตัวใครตัวมันขี้เกียจสาธยายมันจะยาวจบฝันดีอากาศดี,1
ท้องฟ้าก็สวยงามพระอาทิตย์ตื่นสายพระจันทร์หล่นหายไปหายไปทางหลังบ้านดักแก่อากาศดี,1
ความคิดถึงมันทรมานเเต่เมืองน่านมันอยู่ไกลอากาศดีความคิดถึงยิ้มคนเดียวเป็นบ้า,1
หน้าตางี้พี่ก็มีเชื้อจีนนะเออเชงเม้งงานเช้าอากาศดี,1
เพิ่งสังเกตว่าโต๊ะที่ต่ออยู่เป็นรูปแผนที่ประเทศไทยวิวดีอากาศดี,1
เมื่อเช้ามืดที่บ้านฝนตกตกหนักมว๊ากลมแรงมว๊ากอากาศดี,1
ที่นี่เริ่มหนาวแล้วสินะเจ้าดอกไม้ตอนนี้เธอไปอยู่ไหนฝนตกอากาศดี,1
เค้าพูดกับเราไว้แบบไหนเค้าก็ใช้คำนั้นแหละไปแถคนอื่นอากาศดีฝนตกไม่ต้องร้อนตัวนะ,1
เมืองกาญจนบุรีอากาศดีจังจิตอาสาอากาศดี,1
ร่วมด้วยช่วยกันเพื่อตัวของเราทุกคนครับอากาศดีสุขภาพดี,1
ปลาหมึกแดดเดียวปากน้ำปราณอากาศดีแดดแรง,1
วันที่ฝนตกอากาศดีอารมณ์ได้ทักมาคับบสารคามสายอ่อย,1
วันที่อากาศดีทำให้มีความรู้สึกดีจิตใจก็สดชื่นแจ่มใสรู้สึกมีพลังบวก,1
ก็ยังยืนยันว่าเต๋อใหม่มีสิ่งที่เหมือนกันคือรอยยิ้ม,1
หลงรักที่นี่หลงรักเมืองนี้อากาศดีเมืองสวยอาหารอร่อย,1
อากาศแบบนี้กูนอนทั้งวันอ่ะอากาศดีขี้เกียจนอน,1
แอบมองเทอยุวน่ะจ๊ะแต่เธอไม่รุ้บ้างเลยละมุนไปอีกรอยยิ้มกัน,1
นอกจากในฝันแล้วก็หาเสพจากสื่อนี่แหละรอยยิ้ม,1
แพ้รอยยิ้มเธออยิ้มของเธอเป็นเหตุให้ฉันใจสั่นรอยยิ้ม,1
ชีวิตเกือบทุกเรื่องสุดท้ายแร้วขอแค่รอยยิ้ม,1
แค่เธอยิ้มก้ทำให้ใจฉันละลายรอยยิ้มแอบชอบ,1
รอยยิ้มของพี่มันทำให้หนูตกหลุมรักแอบชอบรุ่นพี่รอยยิ้ม,1
รอยยิ้มคือสิ่งหนึ่งที่ทำให้โลกนี้สดใสน่าอยู่ขึ้นโดยเฉพาะรอยยิ้มของคนที่เรารักรอยยิ้ม,1
อยากหยุดเวลาตอนที่เธอยิ้มรอยยิ้ม,1
ความสุขของเรามีไม่กี่อย่างแต่หนึ่งในความสุขนั้นคือรอยยิ้มสภาวะทิ้งตัวทิ้งไว้ในจุดที่มีความสุข,1
วันนี้คงมีความสุขเเล้วนะที่เคยสำหรับที่ผ่านมานั่งรถเล่นในเมืองทานข้าวเดินห้างรอยยิ้ม,1
ภายใต้รอยยิ้มที่สดใสแต่ความจริงข้างในใครจะรู้,1
จะยิ้มให้มากที่สุดเท่าที่จะทำได้เพราะบางทีเราก็อาจจะยิ้มไม่ได้อีกเเล้วความสุขรอยยิ้มความรู้สึกของวันนี้,1
รอยยิ้มที่ทำให้โลกสดใสน้องตุนตังค์รอยยิ้ม,1
จะมีให้เสมอความรักความสุขรอยยิ้มเสียงหัวเราะ,1
ขอแค่ทำให้คุณยิ้มได้จะฐานะไหนมันก็ดีทั้งนั้นรอยยิ้ม,1
รักก็คือรักไม่ต้องถามหรอกว่าทำไมถึงรักจีบความรักความสุขรอยยิ้ม,1
ทำไมทุกอย่างต้องพังลงพร้อมกันด้วยรอยยิ้ม,1
ยิ้มนิดยิ้มหน่อยยิ้มไม่บ่อยแต่ยิ้มทุกวันรอยยิ้ม,1
เหนื่อยเเล้วขอพักก่อนเเล้วสัญญาจะสู้ต่อสัญญารอยยิ้ม,1
เเค่รอยยิ้มเพียงเล็กเเค่เสี้ยวเดียวทำให้เรามีความสุขขนาดนี้รอยยิ้ม,1
ใจที่ดีอัตราแลกเปลี่ยนใดก็ไม่จำเป็นมุมรอยยิ้มรู้สึกดีราตรีสวัสดิ์,1
รอยยิ้มอาจจะเป็นคนที่ใครรักแต่ไม่ได้เป็นคนที่ถูกเธอรักโฟกัสความสุข,1
ทำไมนะรอยยิ้มเด็กคนนี้ทำให้เราติดบ่วงได้ขนาดนี้ยิ้มสดใสแบบนี้นานนะหนูมันน่ารักมากสำหรับหนูแบมแบม,1
ถึงจะพยายามทำตัวเป็นผู้ใหญ่แค่ไหนความเป็นเด็กในใจก็ยังอยู่รอยยิ้ม,1
บางทีก็ชอบตกหลุมรักคนจากรอยยิ้มรอยยิ้ม,1
สวัสดีปีใหม่คับทุกคนขอให้มีรอยยิ้มกันตลอดปีนะค้าบบ,1
จะปีไหนก็รอเธอโสดอยู่นะรอรอยยิ้มของฉันปีใหม่,1
กุ้งหอยปูปลาจัดไปความสุขรอยยิ้มรู้สึกเบิกบาน,1
ยิ้มของคุณก็แปลกดีนะทำให้เราหลงรักคุณได้ขนาดนี้แฟนหลงรักรอยยิ้ม,1
กำแพงที่คิดว่าแข็งแรงรอยยิ้มมีเรื่องอะไรก็ยิ้มเข้าไว้,1
ขอโทษขอบคุณและรอยยิ้มสิ่งที่ทำให้โลกมีความสุขได้,1
ทุกคนมันมีจุดน่ารักของตัวเองแหละรอยยิ้ม,1
ความทรงจำที่ดีมักทำให้เรายิ้มได้เสมอความสุขความทรงจำรอยยิ้ม,1
ลูกเกิดแล้วแม่ของลูกยังหาที่เกิดไม่ได้เลยรอยยิ้มพื้นที่ส่วนตัว,1
ชอบรอยยิ้มคุณจังเลยแอบชอบรอยยิ้มคนคุยรักข้างเดียว,1
นั่งเพลินง่วงเลยฟุ๊ปโต๊ะกำลังจะหลับละมีมือปริศนามาลูบหัวอร๊ายเอ็นดูคะคุนเขิลไปหนึ่งทีรอยยิ้ม,1
สักวันหนึ่งเราคงจจะได้เจอกันอีกรอยยิ้มความรู้สึก,1
เธอเป็นต้นเหตุทำให้เราเป็นรอยรอยยิ้ม,1
คนทุกคนย่อมมีเหตุผลในการเลือกที่จะทำเข้าใจตามฝันกำลังใจรอยยิ้ม,1
ใบไม้ยังมีเปลี่ยนสีชีวิตต้องมีเปลี่ยนไปรอวันเวลาหมุนไปรอยยิ้ม,1
อดีตนั้นไม่สามารถเปลี่ยนแปลงลืมแก้ไขหรือลบออกไปได้เราทำได้แค่เพียงยอมรับมันเท่านั้น,1
ขอบคุณคับที่ไปเป็นเพื่อนเป็นประโยคที่น่ารักจังรอยยิ้มชะโงกหน้า,1
น้องชายที่แสนน่ารักกับพี่สาวที่แสนสวยรอยยิ้ม,1
เค้าอยู่ข้างนี่ไงเค้าไม่เคยไปไหนไม่เคยทิ้งเธอเค้าไม่มีวันทำมันหายไปหรอกรอยยิ้ม,1
ชอบรอยยิ้มของพี่จังแอบชอบแอบชอบรุ่นพี่รอยยิ้ม,1
ได้เห็นตัวเทอยิ้มได้ตัวฉันก็อุ่นใจเศร้ารอยยิ้ม,1
บริจาคอ่ะได้บุญแต่อ่อยคุณอ่ะได้อะไรรอยยิ้ม,1
โลกใบนี้ยังมีมุมดีให้มองเสมอความรักความสุขรอยยิ้ม,1
เป็นคนนึงที่ชอบมองเวลาคนอื่นยิ้มเห็นแล้วมันมีความสุขตามความสุขรอยยิ้ม,1
แค่ได้เห็นหน้าคุณฉันก็ยิ้มอย่างไม่มีเหตุผลแล้วคำคมคำคมความรักรอยยิ้ม,1
รอยยิ้มเป็นใบเบิกทางการทำงานเป็นใบเบิกเงิน,1
บทสนทนาระหว่างเรารอยยิ้มคนโดนงานดูด,1
จะคอยเป็นกำลังใจให้เทอหายเหนื่อยรึป่าวอย่างน้อยซันก็ทำงานเหนื่อยกว่าวิวเยอะสู้สู้สู้นะค่ะรอยยิ้ม,1
ตอนนี้คุณเป็นของฉันอย่างเป็นทางการแล้วรอยยิ้มความรักก็เช่นกันรักแฟนแท็กแฟน,1
ความสุขเป็นเพียงทัศนคติหนึ่งเราจะทำให้ชีวิตเศร้าสุขหรือเข้มแข็งขึ้นอยู่กับการเลือกที่จะเป็นความสุขความทุกข์รอยยิ้มคราบน้ำตา,1
อยากให้คุณอยู่เป็นรอยยิ้มของเราไปนานรอยยิ้มความรักก็เช่นกันรักแฟนแท็กแฟน,1
ไม่ได้คุยหลายวันคิดถึงนะเนี่ยไอตูดรอยยิ้ม,1
เป็นคนเดียวที่คิดนานมากว่าจะปัดดีมั้ยดีใจนะที่ได้รู้จักกันวันนั้นแล้วยังคุยถึงวันนี้,1
ก็เหนื่อยนะแต่ผลที่ได้มันทำให้หายเหนื่อยรอยยิ้ม,1
หานิยายมือสองขอราคารวมส่งหรือมีใครอยากแจกยินดีเน้อนิยายแจ่มใสมือสองแจ่มใส,1
ต้นไม้ที่เขียวสดใสไม่ต่างอะไรกับชีวิตผมตอนนี้สดใส,1
มีความสุขในทุกวันรู้กาลเทศะมีมารยาทดีงามไม่ดีดสดใส,1
และแล้วพี่ก็ได้ดอกไม้สดมาประดับบ้านสดชื่นสดใสชื่นตาชื่นใจ,1
ขำจีซองทุกฉากเลยยน่ารักสดใสกระรอกน้อย,1
พยาบาลลงเวรเดินกันขวักไขว่ในส่วนของเภนั้นเข้าชมที่แล้วสดใส,1
ผ้าอนามัยที่ประเทศแคนนาดาซองใส่น่ารักมากโอ้ยเป็นการเป็นเมนส์ที่มีความสุขสดใสวัยรุ่น,1
เสาร์ที่สองของเดือนมกราคมหรือเนี้ยวัยเด็กสดใสรักเด็ก,1
ยิ่งบทเรียนยากขึ้นเท่าไหร่ถ้าเราผ่านมันไปได้เราก็จะยิ่งเก่งขึ้นเท่านั้นโทนฟ้าสดใส,1
การทลายกำแพงบางอย่างลงมันมีผลดีกับตัวเราสวัสดีปีใหม่สิ่งดีดีขอให้มีทุกคนเบิกบานสดใสร่าเริง,1
อาทิตย์ครอบครัวสำคัญที่สุดพักผ่อนคลายยาวไปจ่ะอิอิสดใส,1
คิดถึงรอยยิ้มแบบนี้ชะมัดรอยยิ้มนี้ร่าเริงสดใสตาสระอิ,1
ภาพก่อนเป็นหนูทดลองให้พี่ละเลงหน้าร่าเริงสดใส,1
ความสดใสนี้ขอซื้อได้ไหมสดใสตี๋คนขี้เเกล้ง,1
สดใสน่ารักเข้ากันดีม่ะปีใหม่แล้วใครยังไม่มีของขวัญ,1
ชอบความบานปลายนี้มากค่ะสดใสได้แต้มปลแต่ไม่รู้แต้มอะไรเหมือนกันค่ะ,1
บรรยากาศเช้าของเมืองโคราชสดใส,1
ความสดใสนี้แจกวอลเปเปอร์แจกวอลแจกเฮดแจกความสดใสสดใสน่ารัก,1
วันอังคารก็สีชมพูไงชมพูบานเย็นสดใส,1
ตอนนี้รู้สึกสบายใจมากทุกอย่างเป็นไปด้วยดีสบายใจสดใสสดชื่น,1
อันนี้ไงอันนี้ไงมัดทั้งวันถูกใจที่ฝุดสดใสสตร้อสตรอแบรี่,1
กูสวยนะเเต่พวกมึงไม่เข้าในความสวยของกูเท่านี้เองน่ารักสดใสสวย,1
ทำบุญรค้าสิ่งใหม่เข้ามาในชีวิตและครอบครัวด้วยเถิดสดใสสาธุ,1
โทนสีสุดโปรดกับห้องนอนแสนรักโทนสีสีสันสดใส,1
สีฟ้าริ้วขาวสดใสอ่อนน้อมห่วงใยด้วยใจบริสุทธิ์สดใสอ่อนน้อมห่วงใยบริสุทธิ์,1
ทำบุญใส่บาตรให้พ่อหลวงรัชกาลที่องค์สาธุเป็นคนใจบุญสดใส,1
ท้องฟ้ายามเช้าธรรมชาติแคปชั่นสดใสบรรยากาศ,1
เราสามารถโสดสดใสสวยสูงวัยมีลูกโดยไม่ต้องท้องได้ในเวลาเดียวกันรีวิวทำให้พี่มีความสุข,1
แม้จะตีสามแล้วสดใสก็ยังมีอะไรให้กินตลอดไม่ต้องถามว่าทำไมเด็กมอบูอ้วนสดใสทีมบูรพา,1
ร้านยังเปิดให้แซ่บอยู่นะคะดึกมาซดน้ำซุปร้อนแซ่บกันหน่อยมาทีมบูรพากินไรดีมอบูสดใสโอโห้มอบู,1
เราอาจจะเป็นดวงดาวที่ไม่สดใสเท่าดวงดาวดวงอื่นเราดวงดาวสดใสไม่เท่า,1
ขอก้อยมาออกทุกวันเลยได้ม๊ายสดใสน่ารักจริงจัง,1
ทำให้คุณร่าเริงยิ้มสวยสดใสและมีความสุขยิ้มสดใสจากภายในสู่รอยยิ้มบนริมฝีปาก,1
คิวคยูทีมอาหารสดใสคิวตี้พายนักเต้นทรงพลังเขย่าโลกด้วยความน่ารัก,1
เพียงคุณเปิดใจคุณจะมีน้ำหอมที่เอกลักษณ์ตนให้เราดูแลคุณค่ะน้ำหอมเครื่องสำอางค์ผู้หญิงสดใสหอม,1
จะในที่ฝึกงานก็เกรงใจฝึกงานวันแรกสดใส,1
ต้องบอกว่าคัมแบคปีนี้สดใสทั้งบริษัทสดใส,1
แค่รักแค่ใส่ใจก็ไปไหนไม่รอดแย้วงับสดใส,1
อยากได้แว่นรุ่นนี้คนใส่ก็ดีจังสดใสแว่นสวยเป๊กผลิตโชค,1
เห็นพี่เด้นสองเวรแล้วใจเต้นตึ๊กตั๊กใต้ความน่ารักใสซื่อสดใส,1
ชอบที่มินมุงใส่เสื้อสีเหลืองจริงช๊อบชอบสดใส,1
รู้สึกมีความสุขเป็นพิเศษตอนได่ขับรถที่ล้างเสร็จใหม่สดใส,1
แจกความสดใสกันตอนสายสดใสน่ารักน้องยอร์ช,1
วันเสาร์เราก็อยู่โรงเรียนก็บ้านพักครูอยู่ในโรงเรียนสดใส,1
ตื่นเช้ามาหลังล้างหน้าเสร็จอย่าลืมบำรุงด้วยการทาหน้าจะได้สดชื่นสดใส,1
คือเพื่อนเราแต่งโทนแจ่มมากเว้ยสดใส,1
รอยยิ้มของเธอทำให้วันหม่นของพี่สดใส,1
เสียงหัวเราะของหนูทำให้โลกของแม่สดใสปิติหัวเราะสดใสยิ้ม,1
จะรอเฮียที่ท่าน้ำทุกวันเลยน้ะเป๊กผลิตโชคสดใส,1
ท้องฟ้ากทมสดใสเนอะจะกลับไปเที่ยวใหม่นะสดใส,1
น่ารักเจ้าของร้านบริการดีฝรั่งหล่อบอกต่อด้วยสดใสอร่อยไปแดกอร่อยบอกต่อ,1
น่าจะยังมีคนคิดแบบนี้อยู่บนโลกบ้างแหละสดใส,1
เช้าวันหวยออกที่แสนสดใสซื้อลอตเตอรี่หนึ่งใบด้วยใจหวังเดินทางสู่ดินแดนแสนวิไล,1
ถ้าชอบอะไรเพรียวขาวสดใสสะอาดเรียนเชิญส่องร้านนี้นะค่ะรู้สึกเป็นที่รัก,1
มิวซ์กับพอร์ชคือดอกไม้ในสวนของพี่สดชื่นสดใสเบิกบาน,1
แฟนจบไปมีแต่อดีตเรียนจบไปมีแต่อนาคตสดใส,1
เป็นโรคเสพติดร้อยยิ้มเค้าสดใสน่ารักขนาดนี้ฮรือหายไปรู้มั้ยทรมานเจมส์มาร์,1
ธรรมมะบวกชาติคือธรรมชาติสงบสะอาดบริสุทธิ์สดใส,1
หน้ายิ้มตลอดเวลาก็มีพอลล่ากับเต้ยจรินพรนี่ล่ะสดใส,1
มาเชียร์วอลเล่ย์บอลสาววัยทีนไทยนำฮ่องกงเซ็ทสดใสวอลเลย์บอลหญิงทีมชาติไทย,1
ยิ่งกว่าความเศร้าคือเหงาทั้งที่มีแฟนสดใสยิ้มไว้แคปชงแคปชั่นอ่อนแอก็แพ้ไป,1
จากที่เคยอยู่ฟีดแรกตอนนี้ไม่เห็นฟีดเลยจ้าสดใส,1
เป็นผู้หญิงที่เวลายิ้มโลกทั้งโลกเหมือนหยุดหมุนไปเพราะเธอละมุนสดใสชอบหญิงไทยไม่แพ้ใครในโลก,1
ประโยชน์ของการนอนก่อนทุ่มสุขภาพดีใต้ตาไม่ดำสดใส,1
ควันหลงวาเลนไทน์ดอกไม้จากคุณโฟร์สดใส,1
นอนสามทุ่มครึ่งตื่นทุ่มนอนตีสี่ตื่นอีกทีเจ็ดโมงสดใสมาก,1
ควันลงภาพนักเตะตอนเดินทางไปเมืองเซบีย่าเมื่อวานนี้สดใส,1
แบบโมบายลายเก๋สีสวยช่วยแต่งแต้มสีสันสดใส,1
ตามหาความสดใสฉดฉัยชูวิวัปปาาก็ว่ากันไปสู้นะฮับชะอึ้บฮึ้บสดใส,1
รักรอยยิ้มของตัวเองมันบอกว่าฉันมีความสุขสดชื่นสดใส,1
มีความสดใสดีใจจุงมีกุ้งล่ะตัวเลขสวยจะตายป่าวไม่รุ้สดใส,1
เรามาโยกมาโยกกันเรามาเต้นมาเต้นกันสดใส,1
ข้างไข่ข้นอร่อยงะสดใสทีมบูรพาข้างคอนโดวิสดอม,1
เทอเห็นท้องฟ้านั้นไหมสดใสเขาค้ออากาศดี,1
แบบไหนที่เรียกว่าอ่อยบอกหน่อยจะได้ทำสวัสดีวันจันทร์สดชื่นสดใส,1
ใครที่มองหาโลชั่นเผื่อผิวพรรณอย่างแท้จริงลองผิวจะชุ่มชื่นสดใส,1
คงเป็นเรื่องราวของการซักรองเท้าสีขาวเมื่อวันก่อนเพื่อจะเดินลุยฝนในวันนี้สะอาดสดใสรัก,1
สดใสกิจกรรมที่ทำแล้วลืมทุกอย่างมุ่งมั่นมาก,1
นั่งรอพระตอนเช้าจิตใจสดใสทำบุณบริษัทเฮงรวยปังกันทุกคนน้าทำบุณสดใส,1
ชอบมากติดปรัชญาการทำงานไว้ห้องน้ำร้านสดใส,1
เหนื่อยพอเห็นรูปนี้ก็อารมณ์เปลี่ยนทันทีเลยสดใส,1
เมื่อวานนี้เจอเธออีกแล้วเจออีกครั้งก็พรหมลิขิตละนะติดเพ้อสดใส,1
แจกความแบ๊วสดใสก่อนเข้านอนมีความเต็มบนใบหน้าขอบคุณภาพจากพี่แยมค่ะแบ๊วสดใส,1
มอนิ่งค่ะเจมส์มาร์น่ารักสดใสคิดถึงแต่เช้าเลยน๊า,1
เจอนางกี่ครั้งก็สนุกทุกครั้งเพราะนางคือเอมมี่สายฮาสดใสฮาได้ใจจริง,1
เป็นคนหน้าสดนะจ๊ะสดใสปีแล้วยิ้มให้แก้มปริฉีกจนหน้าบาน,1
ต่อจ้ากิจกรรมวันรูปเป็นเดือนฟ้าใสขวบเดือนวัน,1
ไปไหนก็มีแต่คนถามคนขอถ่ายรูปมันก็จะหล่อหน่อยสีนิลดวงดี,1
วันนี้คนเกิดวันพุธจะมีโชคด้านการเงินน้าส่วนคนเกิดวันอังคารดวงการงานจะดีแล้ววันอื่นจะดวงดี,1
แชร์ไปมีเสน่ห์แน่นวลมีเสน่ห์ดูดวงราศีดวงดี,1
กระจายเต็มกระดานไม่มีใกล้บิงซักแถวกุมขมับดวงดี,1
ดวงดีตลอดปีงานดีเงินดีความรักพุ่งชีวิตพลิกจากร้ายกลายเป็นดี,1
ถูกเป็นกะเค้าเหมือนกันนะดวงดีโชคหมาน,1
มะจริงอ่านหนังสือสองอาทิตย์เองไม่ได้เรียนมหกดั้วดวงดี,1
ชีวิตบทใหม่เริ่มต้นละนะดวงดีต้องเลือกเองดวงดี,1
ยูริอาจจะจับฉลากได้มาคนสึดท้ายก็ได้ดวงดี,1
ผู้ไม่เคยได้อะไรจากการรีทวิตเลยดวงดี,1
รู้สึกโคตรโอเครเวลาไม่อ่านนสเเล้วสอบผ่านดวงดี,1
เปลี่ยนตัวเองเพื่อเธอเท่าไหร่ก็เหมือนไร้ค่าเปลี่ยนใจรักใครคนใหม่ยังง่ายกว่ามอนิ่ง,1
ถึงหน้าจะไม่เรียวแต่มีรักเดียวนะจ๊ะมอนิ่งทำงานสู้,1
วันนี้แฟนยอมเต้นด้วยกันแหละอีกวันจะแต่งงานแล้วยังคงอ้วนพุงป่องทั้งคู่กินดีอยู่ดี,1
ต้องในร่างกายเหมือนรถไขมันก็เหมือนน้ำมันหมดเร็วจุงอย่างงี้ก็ได้กินดีอยู่ดี,1
กลับมาบ้านน้ำหนักขึ้นแก้มบวมขึ้นอีกกินดีอยู่ดีอยู่กทมอดอยาก,1
อ้วนกว่าทุกครั้งที่ผ่านมากินดีอยู่ดีกินทั้งวันทั้งคืนนั่งกินนอนกิน,1
เพื่อนกินหาง่ายเพื่อนออกกำลังกายหายากจริงลดน้ำหนักลดความอ้วนกินดีอยู่ดีฉันจะผอม,1
เมนูจานโปรดโปรดใครบ้างยกมือหน่อยเชียงใหม่ข้าวซอยกินดีอยู่ดี,1
หมาแถวบางซื่อนี่อ้วนท้วนสมบูรณ์ดีทุกตัวเลยว่ะกินดีอยู่ดี,1
คนนั้นนี่โชคดีเนอะไม่ต้องทำไรอะไรไม่ต้องพยายามเขากับรู้เรื่องราวของมึงหมดทุกอย่างโชคดีจังอิจฉา,1
เพื่อนแท้แท้จริงหรือป่าวดูกันได้ตอนเจ็บป่วยใครที่อยู่ข้างเราเสมอต้องรักษาเค้าไว้ให้ดีโชคดีจัง,1
ถ้าคุณทำดีเดี๋ยวคนเบื้องบนจะประทานพรให้คุณเองแล้วคุณก็จะอุทานว่าโชคดีจังโดยไม่รู้ตัว,1
มานั่งรอเวลาที่สตาร์บั๊คส์สั่งเครื่องดื่มไปสองแก้วพนักงานบอกว่าอีกแก้วรับอะไรดีคะซื้อสองแถมหนึ่งค่าโชคดีจัง,1
น้ำตาจิไหลเดินเอามือล้วงกระเป๋ากางเกงแล้วทำเงินหล่นมีคนเดินเก็บมาให้โชคดีจัง,1
ดูข่าวไทยมานาทีแม่งมีแต่ข่าวใช้ปืนยิงกันทั้งหมดโชคดีจังสยามเมืองยิ้ม,1
พี่แก้มน่ารักร้องเพลงคือดีงามมากบังเอิญเจอโชคดีจัง,1
ของขวัญต้อนรับปีใหม่ชิ้นแรกคือแฟนโชคดีจังขอบคุณครับ,1
พ่อแม่เราคิดว่าสิ่งที่เราเลือกคือสิ่งที่ดีที่สุดสำหรับเราโชคดีจัง,1
เรายังมีเพื่อนที่คอยเคียงข้างเรานะโชคดีจัง,1
อยากกินติมรถไอติมก็ขับมาหาถึงที่โชคดีจัง,1
ดีนะที่เราไม่ค่อยส่องไอจีไม่ค่อยไปไลค์ไม่เม้นเลยโชคดีจัง,1
อาจารสอนแค่เซคเดียวหรอวะโชคดีจัง,1
โลกนี้ไม่มีที่ไหนให้โอดครวญได้ดีเท่าที่บ้านอีกแล้วโชคดีจัง,1
ลุงกระต่ายได้ไปญี่ปุ่นกะต้อลโชคดีจังได้รูปมากมาย,1
เพื่อนไลน์บอกว่าให้ไปช่วยหาบ้านที่สิงคโปร์กะมันเลยหาตั๋วได้ในราคาบาทพร้อมโหลดกระเป๋าโชคดีจัง,1
ตั้งแต่เกิดมาเมื่อกี้เป็นการเห็นดาวตกที่ยาวที่สุดนานที่สุดสวยที่สุดโชคดีจัง,1
โชคดีแต่เช้าเลยมาถึงมีที่จอดรถในโรงรถด้วยโชคดีจัง,1
การแอบส่องคนที่เราแอบปลื้มนี้เจ็บนะอิจฉาแฟนเค้านะโชคดีจัง,1
หากในวันนี้โชคกีได้พบกับเทอปาดัปป้าโชคดีจัง,1
ระหว่างสั่งกาแฟลาเต้กำลังจะจ่ายเงินคุณลุงท่านนึงยื่นคูปองลดราคามาให้บอกว่าใช้นี่ซิโชคดีจัง,1
มิชชั่นสุดท้ายถ่ายรูปกับคนที่มาจากฟูกุโอกโชคดีจัง,1
หมือนบางคนที่เคยเจอแต่ผู้ชายคนนั้นก็เกือบไปละโชคดีจังผู้ชายนะ,1
กรี๊ดพี่หาญไม่มารอดจากซอมบี้แล้วนะคะโชคดีจัง,1
มาซือหม้อหุงข้าวเจออีเว้นขอดูด้วยคนละกันนะค๊าโชคดีจัง,1
ถือกล้องไปด้วยเจอเพื่ิอนช่วยสอนเล่นกับตั้งค่าให้นิดหน่อยโชคดีจัง,1
คือกำลังจะเข้าไปโหลดมาดูเปิดมาเจอกุหลาบคาบไปแล้วโชคดีจัง,1
ใครก็อยากมีแฟนที่จับมือเรามากกว่าเมาส์หรือโทศัพท์ทั้งนั้นแหละโชคดีจัง,1
ทำงานมาสองที่เจอแต่เพื่อนร่วมงานดีโชคดีจัง,1
แม่ไปหาผชอย่างพ่อมาจากที่ไหนแง่มโชคดีจัง,1
ข้าพเจ้าเกิดมาเพื่อเป็นแฟนคลับดูทีวีอยู่เดอะบอสซีรี่ส์ญี่ปุ่นทูพีเอ็มโผล่มาซะงั้นโชคดีจัง,1
กำลังรอรถเมล์ร้อนได้นั่งข้างหน้าข้างคนขับตากแอร์สบายโชคดีจัง,1
โชคดีที่เรียนกะอาจารย์บุปผามีคนแย่กว่ากูอ่ะเรียนแคลเป็นภาษาอังกฤษแต่ครูจีนสอบโชคดีจัง,1
โชคดีที่ความรักแทบไม่มีอิทธิพลอะไรเลยกับชีวิตโชคดีจัง,1
กำลังใจดีอ่ะขอบคุณคนรอบข้างมากน้าาโชคดีจัง,1
ได้รับพรจากในหลวงกลับมาทันพอดีเลยโชคดีจัง,1
เจอหมีควายน่ารักกว่าร้านที่ขายตามเน็ตอีกราคาพอกันแต่คุณภาพดีกว่ามากโชคดีจัง,1
ลองมาฟังหนึ่งในกลไกของจังหวัดปกครองตนเองครับโชคดีจัง,1
อย่างน้อยก็ยังไม่ลบไม่บล็อคโอโชคดีจังขอบคุณค่ะ,1
ลายเซ็นของชางมินที่เซ็นให้เจ้าของร้านขายก๋วยเตี๋ยวโชคดีจัง,1
วันนี้อยากได้แหวนใส่เล่นโชคดีที่ย่าให้มาหนึ่งวงนึกอยากได้อะไรช่วงนี้ได้ดั่งใจจริงโชคดีจัง,1
ก่อนกลับลงลิฟเจอลงลิฟพร้อมกัลพอดีโชคดีจังส่งเค้าด้วย,1
เรียนด้วยกันกับแฟนเลิกเรียนก็ทำการบ้านกับแฟนกลับบ้านก็กลับกับแฟนโชคดีจัง,1
พสกนิกรของพระองค์โชคดีจังได้เกิดบนแผ่นดินไทย,1
พี่คนนี้เขาดีจังได้แฟนที่ดีนับวันให้แฟนตัวเองคือเราเองยังไม่เคยนับโชคดีจัง,1
เมื่อวานทำพาสปอร์ตมีม็อบแถวนั้นก็เลยไม่มีซักกะคิวพี่พนงบอกว่าปกติคิวมีเป็นพันคิวโชคดีจัง,1
ทุกวันนี้ชอบทำหน้าตาเบื่อโลกมากแต่ก็ยังมีคนพยายามทำให้ยิ้มโชคดีจังขอบคุณนะ,1
เราคนนึงที่ไม่เคยเสียดายคนที่เสียไปแล้วเชื่อว่าฟ้าต้องมีเหตุผลที่ทำให้เค้าไม่เลือกเราโชคดีจัง,1
คุยกับพ่อก่อนนอนพ่อสอนอะไรเยอะเลยโชคดีจังเกิดมาเป็นลูกพ่ออรรถแม่ทิพย์รักจัง,1
น่าดีใจแทนวิคกี้เป็นคนที่น่าอิจฉามากที่มีเพื่อนดีรักมากขนาดนี้โชคดีจัง,1
ดีจังแค่ออกม่กินข้าวข้างนอกในสถานที่ใหม่ก้ทำให้เราเจอเนื้อคู่ซะงั้นโชคดีจัง,1
หวยออกแล้วบ้าจิงแม่ฉันถูกหวยหน่ะฮ่าโชคดีจัง,1
ถ้าเราไม่ได้ทำคลิปนั้นเราคงไม่ได้ร่วมงานกับพวกพี่เค้าโชคดีจัง,1
ที่ไหนได้วันนี้แม่เอามาให้ให้จริงค่ะบวกก่ะเงินยายอีกว้าวโชคดีจัง,1
เวลาเจอเรื่องแย่แล้วรู้ว่ามีแม่อยู่ข้างความเข้มแข็งมันมาเต็มเปี่ยมเลยอ่ะโชคดีจัง,1
ผมไม่เคยโดนแซะนะเพราะไม่รู้จักกับเค้าโชคดีจัง,1
วันนี้มาหาท่านชายแต่เจอวนัสโดยบังเอินโชคดีจังอิอิ,1
ชาวราศีกรกฎช่วงนี้เงินพรึบงานเพียบโชคดีจัง,1
เพื่อนบอกว่ารับใบจบพรุ่งนี้ห้ายย้อมผมสีแดงสีทองโชคดีจังกูย้อมสีส้ม,1
รายการสิบสองราศีบอกว่าราศีพิจิกจะเจอแฟนแบบหล่อสวยรวยโสดแต่แบบกูไม่โสดไงตอนนี้น้ำตาจะไหลขอแชร์นะคะโชคดีจัง,1
ไม่ใช่เราช่ะเราปากบางเฉียบมมซึมซับน้ำได้ถึงเท่าโชคดีจังปากเรียวบาง,1
ลืมโทรศัพท์อีกแหละวันพุธเหมือนเดิมเวลาเดิมที่เดิมได้คื่นเหมือนเดิมโชคดีจัง,1
หนูตั้งใจโดดก่อนที่จะรู้ว่าอาจารย์ยกคราสซะอีกฮ่าโชคดีจัง,1
แรงเงาที่น่าสงสารสุดคือลูกของนพนภาย้อนดูตัวเองครอบครัวอบอุ่นดีโชคดีจัง,1
เขาย่องมาตอนหนูหลับเขาจับเขาจูบแล้วเขาก็วิ่งหนีไปโชคดีจัง,1
เวลากินแกงอะไรที่มีมะเขืออย่าลืมพลิกข้างใต้มะเขือทุกชิ้นเผื่อมีหมูหลงติดเข้าไปมะกี้เจอหมูชิ้นใหญ่มากโชคดีจัง,1
ดูไลฟ์นี้รู้สึกว่ามันไม่ค่อยล้ำลึกเท่ากับไลฟ์สามคนที่แล้วฮู่ววโชคดีจัง,1
อยากขอบคุณทุกกำลังใจที่ให้มาตอนที่เราตกที่นั่งลำบากขอบคุณเพื่อนทุกคนโชคดีจัง,1
อาซาผมม้านั่งทำอะรัยยุ่ที่ไหนไม่รู้รู้แต่ว่าน่ารักน่ารักจัง,1
ขอบคุณนะคะเพื่อนใหม่ใจดีแค่ถามซื้อของยังไม่ทันสั่งด้วยซ้ำเธอยังให้คำแนะนำเยอะแยะเลยน่ารักจัง,1
โอชิคุณไข่เพิ่มอีกคนจะเป็นไรไปเนาะน่ารักจัง,1
จะเป็นลูกหมูเพราะคนดูแลดีอยากกินอะไรก็หามาไห้กินน่ารักจัง,1
ก่อนจะหมดวันเด็กก็ขอสักนิดเด็กชุดแดงน่ารักจัง,1
ชอบจังรอยยิ้มของคุณพีคนมีความสุขหน้าก็จะประมานนี้น่ารักจัง,1
ไม่ว่าจะไปไหนมาไหนโทรบอกตลอดเวลาไม่เคยต้องรอให้ถามน่ารักจัง,1
สั่งปุ๊บโอนปั๊ปหมิวจัดส่งวันนี้ด่วนทันทีจ้าน่ารักจัง,1
เพิ่งสังเกตเห็นว่าเขาเปลี่ยนชื่อไลน์ให้คล้ายกับชื่อไลน์ของเราน่ารักจัง,1
เพราะเธอเข้ามาเปลี่ยนให้ชีวิตฉันมีความหมายน่ารักจัง,1
คุณทองหยิบชื่อคุณทองหยิบน่ารักจังศรีอโยธยา,1
จริงงือไม่ต้องตอบกลับอะไรก็ได้นะน่ารักจัง,1
นึกว่าไม่มีใครคิดน้องยืนตัวลีบนิดหนึ่งยุ่ข้างหลังทั้งที่จิงน้องคือเจมส์จิรายุ่นะน่ารักจัง,1
น้องฟอร์จูนไปเล่นรับเชิญในซิกคอมยอดฮิตเป็นต่อด้วยน่ารักจัง,1
เมื่อเราเห็นดาวิกาคีบถ่านเพื่อจะกินหมูกระทะในพี่น้ำพราวเราก็พูดลอยขึ้นมาว่าน่ารักจัง,1
ดีจังวันนี้มีเด็กมาเก็บร้านช่วยด้วยแหละน่ารักจังรักพี่ต้องนะคะ,1
น่ารักจังยกมือขึ้นจะจี้ชิงทรัพย์อาจารย์เหรอครับมองมีด,1
ตื่นแต่เช้าเพื่อรีบมาเคลียร์งานและไฟก็ดับลงน่ารักจัง,1
สายสุดท้ายก่อนเข้านอนและเป็นสายแรกของเช้าวันใหม่น่ารักจัง,1
นรซื้อมาฝากนางบอกว่าเห็นครูติ๊กบ่นเหงาคิดถึงลูกน่ารักจัง,1
วันนี้อาจารย์ดีต่อใจทั้งจารย์ที่เรียนละจารที่ชอบโอ้ยน่ารักจัง,1
ได้เวลานอนแระฝันดีนะคะน้องหมีของพี่แกงส้มเด็กแว่นน่ารักจัง,1
หูยคุณแม่ปลาถ่ายภาพสวยจังเลยคร่าสงสารเจมชะไม่มีใครถ่ายให้น่ารักจัง,1
งืมความน่ารักนี้แทแทพยายามจะทำให้มี่หัวเราะแถมชวนมี่คุยใหญ่เลยน่ารักจัง,1
โมเมนต์โทรตู้หากันฝากข้อความผ่านเพจเจอร์มีรูปเขาไว้ติดกระเป๋าน่ารักจัง,1
เกือบแล้วค่ะดีน่ะที่คุณเจนแจ้งก่อนขอบคุณน่ะค่ะน่ารักจัง,1
พรุ่งนี้มีสอบแต่ไม่เห็นเพื่อนบอกเราเลยน่ารักจัง,1
อย่าเพิ่งเศร้าไปใจเย็นค่อยคิดนะลูกทาสหมาน่ารักจัง,1
บังเอิญเจอเต้จ้าจับมือเต้ไปเบาเต้เดือนเกี้ยวเดือนน่ารักจัง,1
มีความน่ารักหลานสาวลูกของน้องที่ออฟฟิศน่ารักจัง,1
เป็นที่ปรึกษาที่ดีเข้าใจดีโอบอ้อมอารีเมตตาน่ารักจังใครบางคน,1
น้องหมีเมื่อวานน่ารักมากค่ะแกงส้มพักเยอะนะคะคนเก่งยังไม่หายดีน้องหมีของพี่น่ารักจัง,1
ห๊ะวันศุกร์สีฟ้าก็มาริวมอร์นิ่งงค่ะรูปก็ต้องมาริวกิ้วคิดถึงเธอปังน่ารักจัง,1
ป๊าต้วนน่ารักอ่ะคสุขที่ยิ่งใหญ่ของคนเป็นพ่อนานได้เจอลูกชายทีแถมมีเวลาแปปเดวอีกน่ารักจังครอบครัวอบอุ่น,1
น่ารักมากปากแดงน่าบาสเด็กอ้วนที่แท้จริงน่ารักจัง,1
วันนี้มีความสุขรู้สึกว่ามีคนร้องเพลงไปยิ้มไปให้ดูยันจบคอนเลยน่ารักจัง,1
มีความถามและงอแงว่าเคยฝันถึงนางมั้ยน่ารักจัง,1
กว่าจะได้เจอคนที่ใจตามหาก็ยากจริงเห็นคลิปนี้แล้วยิ้มตามดูน่าทะนุถนอมน่ารักจัง,1
สำหรับบางคนเรามองว่าความคิดแปลกของเค้ามันน่ารักดีน่ารักจัง,1
ฮ่าาขอบคุณครับที่จำพี่ได้งานยุ่งวุ่นครับผมน่ารักจัง,1
ขับรถมาตั้งไกลเพื่อมานั่งเฝ้ากูแดกข้าวหน้าหอน่ารักจัง,1
เข้าห้องน้ำที่เทอมินอลต้องถอดรองเท้าด้วยนะจ๊ะน่ารักจัง,1
พอลงรูปหลุดนางอยู่นางก็ทักมาโอ้ยยนตกใจน่ารักจัง,1
ชอบอารมณ์แบบแอบมองคนที่ชอบมีความสุขในเวลาสั้นน่ารักจัง,1
คนบางคนธรรมดาแต่ทำให้เรารู้สึกพิเศษได้ตลอดเวลาที่คุยกันน่ารักจัง,1
แฟนชื่อแหวนคับมีคนเดียวรีกเดียวใจเดียวคับน่ารักจัง,1
จะคอลทำไมทุกคืนเนี่ยแบบนี้ก็คุยกับคนอื่นไม่ได้อ่ะดินั่นล่ะประเด็นหลักต้องคอลเฝ้าไว้เดี๋ยวอ้วนคุยกับคนอื่นน่ารักจัง,1
ชอบเวลาไปเที่ยวด้วยกันพอถึงเวลาละหมาดคุณก็จะเปิดกูเกิ้ลหาที่ละหมาดแล้วพาเราไปละหมาดน่ารักจัง,1
ขอบคุณที่ยอมเป็นตัวตลกเพื่อรอยยิ้มคนที่รักน่ารักจัง,1
ชอบก็ทักทำง่ายนะแต่มันยากตรงที่ว่าจะทำไงให้เขาชอบเรากลับนี่แหละน่ารักจัง,1
คิดว่าถ่ายใครที่ชอบพกกล้องก็เพราะจะได้เก็บเรื่องราวที่ชอบในแต่วันได้น่ารักจัง,1
ใส่ใจทุกรายละเอียดของเค้าแต่เค้ากลับเฉยชาน่ารักจัง,1
กูสั่งมากินออนไลนเขียนไปว่าขอซอสเพิ่มคะขอบคุณคะน่ารักจัง,1
เดี๋ยวนี้เขาพับเหรียญโปรยทานกันแบบนี้แล้วเหรอน่ารักจัง,1
พี่โซเขินครับงานนี้น่ารักจังประโยคเด็ดอแบนดอนบาร์,1
มัคคึไปทำไรตรงนั้นพี่สาวมัคต้องรักมัคมากแน่เลยน่ารักจัง,1
คนร้องมีความสุขคนฟังก็มีความสุขต่างคนต่างมีความสุขเนอะแกงส้มน่ารักจัง,1
ฉันก็ไม่ได้เลิศเลอแต่ว่าเธอทำให้ฉันเป็นคนสำคัญน่ารักจัง,1
มารุโกะจังน่ารักจังกำลังดูจิบิมารุโกะจังละครโทรทัศน์,1
มีความบังเอิญตอนที่กำลังไถทวิตแล้วพูดว่าน่ารักจังเลื่อนมาอีกหน่อยเจอทวิตน่ารักจังพอดีเลยง่าน่ารักจัง,1
สมตามฉายาเป้าไม่ขาดไม่ลงจากเวทีตอนนี้ขาดแล้วเลยลงได้ปิดใหญ่น่ารักจัง,1
ถ้าบอกกับเธอว่าชอบจะเรียกแอบชอบได้หรือเปล่าฮ่าน่ารักจัง,1
อะไรคือการเจอวีไวโอเลตที่แอร์พอตลิ้งลาดกระบังน่ารักจัง,1
อ้าวพี่กูเส้นเลือดในสมองแตกตั้งแต่เมื่อโธ่จุนเน่อย่าเป็นไรนะพี่ชายน่ารักจัง,1
เปิดรูปนี้ให้น้องดูน้องเราชมไม่หยุดเลยน่ารักจังสวยจัง,1
เจอหน้ากันยิ้มให้เหมือนเดิมแต่ไม่เหมือนเดิมอ่าาน่ารักจัง,1
คุโรโอะกำลังเรียกร้องความสนใจรุเปล่านะน่ารักจัง,1
ให้ดอกไม้ไปช่อนึงเพื่อนบอกเห็นเดินกอดกลับบ้านน่ารักจัง,1
ถ้าใครได้ไปงานวิ่งแบบนี้มีเยอะมากน่ารักวิ่งไปฟินไปน่ารักจัง,1
บางทีเราก็กลัวห่วงเค้ามากไปจนทำให้เค้าอึดอัดแต่เค้ากลับเชื่อฟังเราซึ้งใจน่ารักจัง,1
ไม่ต้องมาหรอกค่ำแล้วคิดถึงนะน่ารักจังงือบิดตัวแปดตลบ,1
ของเด็กอยากเล่นของเล่นพีรวัสต้องใจเย็นคับน่ารักจัง,1
ความตะมุตะมิในการนับงานของพี่หมอริทน่ารักจัง,1
พี่ผู้หญิงพับทิชชู่ใส่กระเป๋าเสื้อพี่ผู้ชายขณะกำลังทานข้าวกันน่ารักจัง,1
ไอ่หย่าหลังจากวันวาเลนไทน์เพื่อนกูที่โสดพากันถล่มทวีตกันใหญ่เลยน่ารักจัง,1
ไม่ว่าจะโพสเศร้าโพสมีความสุขพี่ก็ใส่ความรู้สึกให้ทุกโพสเลยน่ารักจัง,1
แลดูมีความชอบใจเหมือนได้เล่นอะไรสักอย่างเลยเจ้าก้อนน่ารักจังสักวันจะไปหาน๊า,1
วันเด็กนี้ไปเยี่ยมท่านนายกกันนะคะลุงตู่นายกเป็นคนตลกนายกน่ารักจัง,1
ทำไมเธอแม่งน่ารักจังพยายามไม่สบตาแต่เธอมองมาก็แทบพังน่ารักจังแกงส้ม,1
หนูอย่าได้ไหมพี่ใจไม่ดีน่ารักจังอุบลเมืองคนสวยของเค้าดีจริงความรักก็เช่นกัน,1
ไม่ได้ติ่งนะแต่ชอบฟังเพลงคนนี้ชื่อไรอ่อรูปน่ารักจัง,1
เป็นทิชชู่เปียกที่มีความหมายมากจริงตอนซื้อฉันคิดถึงแต่จะให้นายนัมจุนเงียบไม่เถียงต่อเลยแถมยังขอบคุณอีกน่ารักจัง,1
ขอบคุณสำหรับคำอวยพรน๊าขอให้น้องพีคมีความสุขเช่นกันนะน่ารักจัง,1
เวลาแห่งการรอคอยยามนานกว่าเวลาที่เราจะได้พบกันเสียอีกโอ้ยจะละลายทวิภพน่ารักจัง,1
งูเข้าห้องอีกละมันเห็นห้องกูเห็นสวนสัตว์รึไงว่ะละแม่งนอนอยู่ใต้หมอนกูด้วยน่ารักจัง,1
หนูหนาวขอความอบอุ่นโหน่ยมีความแวะทุกร้านน่ารักจังเนเน่แบท,1
วันนี้ดีใจนะคุณลุงโต๊ะข้างมีเพื่อนมานั่งกินข้าวด้วยน่ารักจังชีวิตดี๊ดี,1
ดีจังเลยนะคะลูกเกิดวันที่พิจิคุณแม่ก้เกิดธันวาน่ารักจัง,1
วันนี้พนงทวีกิจนี่ถามเรื่องทรัฟเฟิลไปตอบมาพูดจาดีแถมใส่ถั่วแดงให้เยอะมากน่ารักจัง,1
สตอรี่เพื่อนคือเด็กมันส่งให้มันฟังโอ้ยเขินตรงเป็นเพลงศลปเรานี้แหละงื้อน่ารักจัง,1
ถ้าหากรักนี้ไม่บอกไม่พูดไม่กล่าวแล้วเค้าจะรู้ว่ารักหรือเปล่าอาจจะไม่แน่ใจน่ารักจัง,1
โอ้โหแนะนำละเอียดมากขอบคุณมากนะคะน่ารักจัง,1
เคยบอกแฟนว่าไม่ได้เป่าเค้กนานแล้วน่ารักจังคุณเลขา,1
ก็เค้าน่ารักอย่างงี้นี่เล่าแฟนคลับถึงไปไหนไม่รอดน่ารักจังวันนี้ใช้คำนี้เปลืองอีกแล้ว,1
พี่หม่ำมาเยือนถึงที่ทำงานรูปคู่น่ารักจังหนังใหม่ของผู้กำกับสุดคิ้วสุดยอดสู้คับ,1
ใส่บาตรเช้ากับคุณแม่ที่บ้านสาธุด้วยกันคะใส่บาตรมีความสุข,1
วัสดีปีใหม่และส่งท้ายปีเก่ากับคำอวยพรของพระเอกศรรามมีความสุขสุขภาพดีิเฮงรวยเดินทางปลอดภัยกันนะคะทุกคน,1
วันนี้นอนบ้านแอมโกลเด้นทาวน์พระรามมีความสุขครอบครัวรัก,1
มีความสุขผมรักคุณผมรักคุณคุณทำให้ผมมีความสุขมีความสุขวัดอรุณ,1
จบฝึกงานแล้วเย้ขอบคุณมากค่ะสำหรับทุกอย่างมีความสุข,1
เลี้ยงมีตังดีอนาคตเจเจจะมีตังอีกปีมีตังจะคลอดนะคะมีตังค์มีเงินมีความสุข,1
ชอบเวลาได้ถ่ายรูปออกมาสวยรึไม่สวยแต่มันทำให้เราได้ยิ้มคิดดีคิดบวกมีความสุข,1
ขอบพระคุณลูกค้าทุกท่านน่ะครับที่ไว้วางใจอุดหนุนร้านเราน่ะครับขอบคุณนะครับมีความสุข,1
เด็กนอนแค่นาทีมี้เตรียมใจแล้วงอแงแน่ที่ไหนได้วิ่งป๋อเลยเราคนโตยังเหนื่อยที่เห็นวิ่งนี้ขี้ติดตูดอยู่ด้วยนะสถานที่พระฐาตุพุเต้าไหว้พระขอพรปักธูปถิงถิงแข็งแรงมีความสุขพม่าวันแรก,1
อิ่มมากเลยวันนี้นานทีเจอกันกับกอฟางขอบคุณสำหรับการชวนนะกินข้าวเย็นด้วยนะวันนี้มีความสุขเสพนมปั่น,1
ช่วงนี้เห็นยิ้มอ่อนบ่อยหน่อยนะธรรมดาของคนกำลังมีความสุขสุขของเราสุขที่ใจความสุขของเราใช้ซะ,1
ทานข้าวกลางวันกันย้อนหลังวันเกิดพ้มเเฮฟเปรี้ยงมีความสุข,1
คิดถึงสิ่งดีดีในสมัยเด็กเด็กมีความสุขที่ได้มาศึกษาหาความรู้ณโรงเรียนแหลมทองวิทยามีความสุข,1
มากกว่าการเล่นกีฬาคือการที่เราได้เจอเพื่อนพี่น้องอาจารย์ตลอดเวลาปีที่ได้ร่วมทีมกันนั้นได้สอนอะไรมากมายทำให้เราได้โตขึ้นและเข้มแข็งมาถึงทุกวันนี้ไม่ใช่เเค่ทีมแต่มันคือครอบครัวที่แสนอบอุ่นที่มีอาจารย์ค่อยดูแลให้คำปรึกษาให้โอกาสลูกทุกคนมีพี่ที่คอยสอนตักเตือนน้องมีเพื่อนที่คอยให้กำลังใจกันและมีน้องที่รักในครอบครัวนี้เหมือนกันครอบครัวยิ้มด้วยกันร้องไห้ด้วยกันมีความสุขด้วยกัน,1
จบทริปจังหวัดตากไปหาเด็กดอยปกากะญอมกราคมมีความสุขสนุกตื่นเต้นเหนื่อยดีใจที่ได้เป็นผู้ให้,1
อารมณ์ดีเพราะมีความสุขแพคกล้วยไข่เชื่อมวนไปมีความสุขเพราะงานที่ทำออกมาดีดังใจ,1
ขอบคุณครับทุกท่านสำหรับทุกคำอวยพรอันเเสนน่ารักสำหรับวันเกิดของพ้มซาบซึ้งเเท้จากหัวใจวัยเเฮฟเปรี้ยงมีความสุข,1
ชุดนี้คนข้างซื้อให้ไว้ใส่ไปทำงานขอบคุณครับมีความสุข,1
งานพี่แอมพี่มาช่าพร้อมศิลปินรับเชิญพี่มัมพี่ปีเตอร์พี่ดี้สนุกมีความสุข,1
ดีใจจังที่ชีวิตมีความสุขในทุกวันมันไม่ใช่เพราะคนอื่นซะทั้งหมดหรอกแต่เราเองที่ไม่เคยดูถูกชีวิตใครไม่เคยขอให้ชีวิตคนอื่นไม่มีความสุขไม่เคยตัดสินเค้าไม่เคยดูถูกความพยายามของคนอื่นเราไม่ใช่คนดีเราเคยทำผิดพลาดแต่เรายอมรับเราแก้ไขทุกคนที่เหลือในชีวิตดีกับเราหมดพ่อแม่เพื่อนคนรักมีความสุข,1
มาแบบไม่ทันตั้งตัวเค๊กวันเกิดมาก่อนวันมีความสุข,1
กับข้าวบ้านเกือบจัดเต็มแต่มีความสุขบ้านฉันเองมีความสุข,1
ทำบุญให้คุณแม่ครบวันมีความสุขรักและคิดถึงแม่เสมอแม่กุ้ง,1
เค้าเรียกร้องมาเราก็มีหน้าที่ซื้อและทำให้กินมีความสุข,1
เธออ้อนก็น่ารักดีแต่เธอโอนเงินเข้าบัญชีน่ารักกว่ามีความสุข,1
อากาศแบบนี้ก็นึกถึงซุปฟักทองร้อนข้นโรยชีสหน่อยมีความสุข,1
จบทริปทำบุญหลายวัดเลยวันนี้ขับผ่านนะกลับกทมได้โต่ยมีความสุขจุงรวยเฮงปังอยุธยามีความสุข,1
แต่งตัวสวยงามตามสไตล์นักกีฬารักสวยรักงามมีความสุข,1
หลังจากสอบเสร็จขอซื้อของติ่งเพื่อทำให้หายเครียดมีความสุข,1
บรรยากาศเย็นธรรมชาติกับวิถีบ้านเงียบสงบมีความสุขสดชื่น,1
บรรยากาศเย็นธรรมชาติกับวิถีบ้านมีความสุขขอบคุณที่ดูแลกันนะ,1
เช้าวันพักผ่อนเติมพลังออกกำลังกายสุขภาพดีมีความสุข,1
เทอทำให้ฉันยิ้มตลอดเวลาที่มาที่นี้ขนาดหลับตายังยิ้มเลยเป็นอะไรมีความสุข,1
จิบอะไรเย็นกับบรรยากาศแบบนี้มีความสุข,1
มีความสุขพอดีน้องไกด์ฝั่งนี้เค้าอยากมีปฏิสัมพันธ์เลยบอกว่าอย่างพี่นะไม่อยากแค่น้องขอพี่ก็ให้แล้วน้องไกด์แสงวรรณสุดหล่อแห่งท่าขี้เหล็กคนนี้พี่จองทุกงานที่มีเลยนะมีความน่ารัก,1
ยินดีกับแทยังด้วยเห็นรอยยิ้มเบ้แล้วก็มีความสุขยินดีต้อนรับสะใภ้วายจีคนใหม่คนแรกของบิ๊กแบงปริ่มใจมีความสุข,1
แต่งตัวสวยงามตามสไตล์นักกีฬารักสวยรักงามเป็นคนไม่เยอะโตแล้วจะทำไรก็ได้สวยงามมีความสุข,1
ทำบุญถวายหีบศพผ้าขาวจำนวนชุดขอให้ชีวิตดีมีโชคมีลาภสุขภาพแข็งแรงมีความสุขสาธุ,1
โครงการอบรมเชิงปฎิบัติการการเพาะเลี้ยงเนื้อเยื่อครั้งที่มีความสุข,1
บ้านเกิดของจอยคุณพ่อคุณแม่ปลูกต้นไม้กินได้หลายอย่างเลยเช่นมะม่วงละมุดมะยงชิดลร่มรื่นมากอากาศดี๊ดีมีความสุข,1
ขอบคุณที่ชวนเย๊ะโดยไม่หวงวิชาเลยแถมจะสอนการเย๊ะด้วยน่ารักที่สุดรักเพื่อนมีความสุข,1
แพนเซียคอลลาเจนอยากแอ๊บเด็กแค่ไหนก็เอาอยู่อยากให้ลองกันจริงนะคะผิวลื่นผิวนุ่มไร้ริ้วรอยนำเข้าจากญี่ปุ่นเข้มข้นมากค่ะมีความสุข,1
สวัสดีวันแรกของเดือนกุมภาพันธ์เป็นเดือนแห่งความรักและวันนี้วันหวยออกขอให้ทุกคนโชคดีเฮงเฮงรวยรวยกันทุกคนครับรับทรัพย์มีความสุข,1
สวัสดีเช้าวันที่เดือนกุมภาวันแห่งการเริ่มต้นเดือนใหม่เดือนเกิดและเป็นการเริ่มต้นธุรกิจใหม่วันนี้มาเปิดร้านแต่เช้าพร้อมกับใส่บาตรขอให้จากนี้ไปมีแต่สิ่งดีดีเข้ามามีความสุข,1
ขอให้บอกจัดหนักเสมอเอาไปเลยกล่องมดขอกล่องนึงนะมีความสุข,1
จุดเริ่มต้นเล็กจากการสะสมถ้วยชามของใช้ส่วนตัวบนโต๊ะอาหารจะสะท้อนความเป็นตัวตนของเจ้าของออกมาในรูปแบบต่างราคาและรูปแบบคงไม่ใช่ประเด็นแพงหรือถูกคลาสสิคหรือทันสมัยขึ้นอยู่กับความพอใจของผู้เสพย์ศิลป์ทั้งสิ้นเพราะอะไรในโลกนี้ล้วนเป็นสิ่งสมมติทั้งนั้นความสุขที่สร้างได้ด้วยตัวเองทุกวันที่บ้านคุณค่าที่เราทุกคนคู่ควรชุดจานส่วนตัวของข้าพเจ้าที่บ้านใช้ทุกวันมีความสุข,1
พี่ซิมกดถูกใจความคิดเห็นของเราด้วยโอ้ยภูมิใจมีความสุข,1
ขอบคุณพี่ภาสที่นำพากุ้งแม่น้ำโลละบาทและหมักไก่ไว้ให้ตั้งแต่เช้าขอบคุณนัทตี้ที่ตำส้มตำแสนอร่อยขอบคุณทุกคนทุกอย่างที่ทำให้ชีวิตได้มีสีสันชอบอร่อยจริงมีความสุข,1
จะตัดสินใจทำอะไรก็ให้แน่ใจว่าสิ่งนั้นทำให้คุณมีความสุข,1
มีความสุขก็ให้ทำต่อไปเพราะเมื่อใดที่เราทุกข์ใจเราจะได้,1
ชิลล์ชิลล์ไปคุยงานไปมีความยุ่งมีความสุขตั้งแต่ปีใหม่มาก็มีงานให้คุยให้ออกงานกันตลอดทำหลายอย่างเกิ๊นงานทุกอย่างทุกด้านไปได้ด้วยดีมันยุ่งจนไม่ค่อยมีเวลาส่วนตัวเบยแต่ก็สุขใจเข้าใจกันนะจ๊ะที่รัก,1
ขอแสดงความยินดีกับบุคลากรและนักศึกษาจากศูยน์ฝึกปฎิบัติการอาหารนานาชาติคว้ารางวัลการแข่งขันในรายการครั้งที่ณเมืองปีนังประเทศมาเลเซียมีความสุข,1
สุขใดเล่าจะเท่าการไม่มีโรคภัยไข้เจ็บการไม่มีโรคเป็นลาภอันประเสริฐมีความสุข,1
กรอบรูปลอยโปรโมชั่นของทางร้านทุกเดือนมีความสุข,1
มีความสุขวันที่มกราคมศูนย์ฝึกปฎิบัติการอาหารนานาชาติจัดอบรมหลักสูตรอาหารเอเชียและอาหารยุโรปให้กับบริษัทลัคกี้ยูเนี่ยนฟูดส์จำกัดโดยได้รับเกียรติจากอาจารย์นพสิทธ์ภู่ทองเป็นผู้สาธิตณอาคารโรงเรียนปฏิบัติการอาหารนานาชาติศูนย์วิทยาศาสตร์และวิทยาศาสตร์ประยุกต์ถนนสิรินธร,1
มีมากมีน้อยไม่สำคัญมีความสุขกับมันแค่นั้นพอ,1
มอนิ่งคร้าแม่แพทเฮียเรซมีความสุขสดชื่นสดใสทั้งวันนะคะ,1
ดีต่อใจอร่อยแซ่บขอบคุณมากมายค่ะแฮปปี้เบิร์ดเดย์ที่พิเศษอีกวันมีความสุข,1
เห็นรอยยิ้มเห็นเเววตามุ่งมั่นของพวกเขาเเล้วหายเหนื่อยเลยมีความสุข,1
อวดป๊าจะบอกว่าป๊าพูดอะไรนั่นคือพรอันศักดิ์สิทธิ์เอ๋งเอ๋งเอ๋งฮงฮงโฮงวมีความสุข,1
ช่วงเวลาที่มีความสุขมันมักจะสั้นเสมอมีความสุข,1
มีความสุขทำบุญสร้างวัดสร้างอาคารเรียนบริจาคคอมเพื่อใช้ในการศึกษาทำห้องน้ำวัดโรงเรียนแรกของปีนี้เฮงรวยสาธุ,1
มีความสุขวันเกิดปีนี้เราขอให้เพื่อนโชคดีการงานการเงินสุขภาพความรักและบริวารซึ่งล้วนเป็นกัลยาณมิตร,1
ขอบคุณอีกครั้งสำหรับความสวยงามต่างที่เติมเต็มบางส่วนในชีวิตมีความสุข,1
ขอให้สิ่งศักดิ์สิทธิ์คุ้มครองให้แคล้วคลาดปลอดภัยทุกสถานมีความสุข,1
ขอบคุณครูเจี๊ยบที่ช่วยจัดเรียงท่าและถ่ายรูปให้นะจ๊ะมีความสุข,1
ภาพฮาก่อนบ่ายคลายเครียดกับครูโป้งเหน่งมีความสุข,1
ทริปไหว้พระขอพรพม่าย่างกุ้งพระนอนตาหวานมีความสุขชอบพม่า,1
ที่สุดของคนคือการเป็นคนธรรมดาที่มีความสุข,1
มีความสุขร่ำรวยเงินทองอย่าเจ็บอย้าจนเด้อ,1
เลือกจดจำแต่สิ่งที่ดีมันจะทำให้ใจคุณมีความสุข,1
เก็บตกเที่ยวผามออีแดงครอบครัวมีความสุขคิดถึงมาก,1
ฟังแล้วก็กวนซอสบลูเบอร์รี่สำหรับบลูเบอร์รี่ชีสพายไปด้วยอย่างกะในหนังฝรั่งมีความสุข,1
น่ะเมิงมีความสุขมากรู้จักกันกว่าปีกูมีแต่ความหวังดีให้ขอให้เมิงเจอแต่สิ่งดีมีสติมีเงินมีความสุขก้าวคนละก้าว,1
ใครต้องการสร้างสีสรรให้ชีวิตอย่าลืมพาคนที่คุณรักไปด้วยแล้วเขาจะรักคุณมากกว่าเดิม,1
มีความสุข,1
ขอบคุณนะคะที่พาหวานไปเที่ยวกินอะไรอร่อยมีความสุขมากเลยค่ะมีความสุข,1
ขอให้มีมูลค่าดั่งแก้วแหวนเงินทองสารพัดนึกคิดปรารถนาสิ่งใดมีความสุข,1
มีความสุขเเต่เราก็ไม่ได้ของรางวัลเเต่ไม่เป็นไรจะติดตามผลงานพี่เคาเรื่อยรึกัน,1
สบายใจคลายความทุกข์สุขตามมาทุกเวลาพาชื่นใจมีความสุข,1
ความสุขที่มีด้วยกันเมื่อตอนไปเที่ยวในที่ไม่เคยไปมีความสุข,1
วันที่มคมีความสุขศูนย์ฝึกปฏิบัติการอาหารนานาชาติจัดอบรมอาหารไทยและการแกะสลักเบื้องต้นให้กับนักศึกษาจากจำนวนคนโดยอาจารย์พงศ์อนันต์ศิริแสงไพรวัลย์อาจารย์อภิวรรณฟักน่วมและอาจารย์ธณภรณ์คงชูเป็นวิทยากรสาธิตในเมนูถุงทองผัดไทบัวลอยเผือกและการแกะสลักผักเบื้องต้น,1
มีความสุขครึ่งเช้าของวันซ้อมผ่านพ้นไปอย่างราบรื่นการทำผมแต่งหน้ากันเองยังคงแป๊ะบ้านโป่งสบายจังหวะนางเข้าหอประชุมชั่วโมงควบรถตู้มุ่งหน้าพระรามไปดูกองถ่ายสู้กันไปยาวเป็นยอดมนุษย์ต้องทำได้ทุกอย่างเรื่องงานเรื่องส่วนถ้าใจได้อะไรก็ได้หมด,1
ครั้งแรกกับการไปจังหวัดสุพรรณบุรีเมืองสงบน่าอยู่ผู้คนน่ารักอาหารอร่อยมีความสุข,1
ก็ทำไรไม่ถูกมันก็จะบ้าบอชวนชนแก้วกินชากันในร้านขายของเก่ากันนิดส์มีความสุข,1
อ้อนอะไรคะคุณสามีถ่ายรูปไม่แคร์สายตาผปคคนอื่นเลยนะคะมีความสุข,1
ทำบุญทำทานกับสัตว์กะบายใจดีมีโอกาสจะไปทำเรื่อยนะมีความสุข,1
อาจจะงอแงบ่อยอาจจะน้อยใจเก่งแต่รวมแล้วก็รักพี่นะมีความสุข,1
เมื่อวานครับมีความสุขได้มีโอกาศไปสักการะขอพรสิ่งศักสิทธิ์ที่เจดีย์ชเวดากองเเละอีกหลายที่ในเมืองย่างกุ้งประเทศเมียนม่าช่างงดงามอร่ามทองเเท้มากว่าสองพันปีมีความสุขชอฟมากครัฟ,1
มุงหน้าไปลำพูนไปไหว้พระแต่ตอนนี้ถึงไหนแล้วบ่รู้คร้าบมีความสุข,1
เราจะมีความสุขอยู่คนเดียวไม่ได้เราต้องสร้างรอยยิ้มเเละความสุขให้ผู้อื่นด้วยมีความสุข,1
กลุ่มเพื่อนสาวหิมะสนุกแต่หนาวมากกเลยชาไปหมดเเล้วหิมะถล่มมีความสุข,1
เรื่องดีคือการเปิดเส้นทางบินตรงถึงเชียงใหม่ทำให้มีโอกาสลั้นลากับลูกมีความสุข,1
ขอบพระคุณลูกค้าทุกท่านน่ะครับที่ไว้วางใจอุดหนุนร้านเราน่ะครับมีความสุขมีความสุข,1
ลูกสาวคนสวยซื้อเป็นของขวัญคุณพ่อปลื้มทั้งคุณพ่อและคุณลูกมีความสุขยอดดีขายดีอันดับโลกยิ่งโดนเหงื่อยิ่งหอมขวดเดียวจบขอบพระคุณลูกค้าทุกท่านน่ะครับที่ไว้วางใจอุดหนุนร้านเราน่ะครับ,1
ขอบคุณพี่พี่ทุกคนที่มาร่วมปาร์ตี้สร้างสีสันกับพวกเราในวันนี้ด้วยนะคะมีความสุข,1
หนีแอ่วดอยดูดอกพญาเสือโคร่งบานณปางขอนห้วยชมภูมีความสุข,1
ปีกับอีกครึ่งหนึ่งพึ่งจะได้เห็นดอกของลูกนี้และมีความสุขสวยงาม,1
มีความสุขลองอ่านในตาพี่นะจ้ะถึงตาพี่จะเล็กเท่าเม็ดกั๋วจี๊แต่มองอ่านทะลุทะลวงมากนะจะบอกให้ไม่ต้องห่วงกัฟนู๋รู้และเข้าใจงัฟ,1
ทำใจให้สบายแล้ว,1
หลับตานอนได้พักกายพักสมองสุขภาพกายดีเดะสุขภาพใจก็ตามมาเนอะ,1
กราบขอบพระคุณผู้ใหญ่ใจดีที่พามาทานอาหารอร่อยในวันนี้นะคะมีความสุข,1
เเซ่บอีหลีเด้อบ่ายแบบนี้จกส้มตำปูปลาร้าพร้อมเสียงเคี้ยวมีความสุข,1
เป็นทริปที่สนุกสนานประทับใจมากมายมีความสุข,1
พี่สาวมีความสุขสดชื่นสมหวังเฮงรวยแข็งแรงตลอดมีความสุข,1
มาทำงานด้วยรอยยิ้มเช้ามามีวางอยู่ที่โต๊ะอาจจะเจอหัวใจของเธอข้างในมีความสุข,1
สิ่งเดียวที่ครูมอบให้ได้คือความปรารถนาดีมีความสุข,1
ย่าคิดว่าเร็วไปที่จะเรียนรู้เด็กมีความสนใจสร้างเสริมความฉลาดคิดฉลาดทำเล่นอย่างสร้างสรรค์มีความสุข,1
มีความสุขบางครั้งผู้หญิงก็ไม่ได้ต้องการผู้ชายที่เพียบพร้อมเฟอร์เพคสมบูรณ์แบบไปซะทุกอย่างหรอกนะเค้าแค่ต้องการผู้ชายที่รักเค้าเข้าใจดูแลเค้าได้และที่สำคัญอยู่ด้วยกันแล้วสบายใจเป็นตัวของตัวเองและ,1
บางครั้งการคลายเครียดมาในรูปของการกินมีความสุข,1
เพราะความรักมันโหดเลยอยากโสดเป็นธรรมดามีความสุข,1
จงฝากชีวิตไว้กับสติและปัญญาอย่าฝากไว้กับโชคชะตาที่มองไม่เห็นมีความสุข,1
เป็นกีฬาเพื่อความมีสุขภาพอนามัยดีนะครับมีความสุข,1
เหนื่อยสนุกมิตรภาพจะชาวบ้านตลอดข้างทางเด็กแต่ละโรงเรียเสียงเชียร์มีความสุข,1
แฮปปี้มีความสุขวันเริ่มทำงานแห่งสัปดาห์มีความสุข,1
ใครว่าชีวิตอายไม่ดีแลดูน่าเบื่อใครว่าชีวิตฉันนี้แหละดีที่สุดมีความสุข,1
อยากหลับตาอยู่ตรงนี้หยุดเวลาไว้ได้ไหมมีความสุข,1
ผมสวยผู้หญิงเราก็จะมีความมั่นใจและมีความสุขมากเว่อร์มีความสุข,1
มีความสุขเพียงแค่มีความสุขกับตัวเองไม่ต้องคิดถึงคุณอีกต่อไปมันเหนื่อยมากและเสียเวลาของฉันฉันดีกว่าคิดที่จะหาวิธีที่จะทำให้ตัวเองมีความสุขมากขึ้นอีกครั้งและสนุกกับวันของฉันอย่างใจเย็นโดยไม่ต้องคิดถึงคุณเพราะฉันรักตัวเองมากขึ้นและตลอดไปจะยังคงเป็นอย่างนั้นหวังว่าสิ่งที่ไม่แน่นอนจะเป็นอันตรายและคุณเป็นสิ่งที่ไม่แน่นอนฉันจะมี,1
อย่าทำตัวเองให้เป็นทุกข์แค่นั้นชีวิตเราก็มีความสุขและมีความสุข,1
ขอบคุณช่วงเวลาดีดีตลอดเวลาที่ผ่านมาที่ทำให้มีความสุขน้ะมีความสุข,1
มีความสุขสัปดาห์กับการอยู่ที่นี้มันได้เรียนรู้สิ่งใหม่การปรับตัวให้เข้ากับสิ่งแวดล้อมก่อนมาลำบากใจมากพออยู่ไปอยู่มากลับสบายใจยิ่งกว่า,1
มีความสุขนั่งมอไซร์ขึ้นรถเมล์แดดร้อนเดินช๊อปปิ้งกินกาแฟแกะหอยแครงรถกระป๋องหมี่กระเฉดแทะเล้งกลับบ้านไม่ถูกหลงกรุงเทพป๊าบ่นเออกลับแท็กซี่ก็ได้วันวันนึงทำอะไรได้ตั้งหลายอย่าง,1
ไม่ต้องเป็นคนดีที่สุดสำหรับคนทั้งโลกแค่เป็นคนดีให้เพียงพอกับตัวเองกับครอบครัวที่ตนรักมีความสุข,1
เหมือนอยู่ในทุ่งลาเวนเดอร์เลยมีความสุขชอบทุกรูปเลยลงมันหมดนี่แหละ,1
สิ่งดีดีสร้างได้ความคิดดีฝึกได้คนรอบข้างดีเลือกได้จะสุขหรืิทุกข์เลือกเอาชีวิตเป็นของเรา,1
สิ่งดีดีตั้งแต่จำได้ก้าวแรกในการเข้าทำงานในสายบันเทิงก็ทำงานร่วมกันตลอดมาแม้เวลาผ่านไปต่างคนต่างเติบโตแต่งงานมีครอบครัวเติบโตทางสายงานไปเป็นผู้จัดบ้างเราก็ยังคงได้ร่วมทำงานกันในสายงานบันเทิงต่างคนเติบโตไปตามหนทางของแต่ละคนแต่สิ่งหนึ่งที่ยังคงอยู่เสมอนั้นคือมิตรภาพที่ดีที่มีให้กันตลอดมา,1
มีความสุขกับตัวเองสิ่งดีดีกำลังจะเกิดขึ้นวู้ฮู้,1
สิ่งดีดีจงไหลเข้ามาชีวิตไหลรื่นการหางานไหลรื่นครอบครัวไหลรื่นความรักก็ไหลรื่นสาธุ,1
ความว่างเปล่าที่ไม่มืดมนจะมีแสงสว่างนำทางเราเสมอสิ่งดีดี,1
ความรู้สึกบางอย่างลักษณะมันคล้ายอากาศมองไม่เห็นสัมผัสไม่ได้แต่ก็ต้องหายใจเข้าออกทุกวันขาดไม่ได้สิ่งดีดี,1
ลองคิดดูว่าสิ่งที่เสียไปกับสิ่งที่ได้มาอะไรมันคุ้มกว่ากันสิ่งดีดี,1
บางอย่างไม่ยากอย่างที่คิดขอแค่ใจเรานั้นอย่ายึดติดสิ่งดีดี,1
เรื่องราวจากหลักพันบาทสู่หลักพันล้านวิงค์ไวท์ประสบความสำเร็จขนาดนี้ได้ยังไงติดตามและเป็นกำลังใจให้แป้งด้วยนะคะสิ่งดีดี,1
เตรียมพร้อมกับเจอโลกกว้างข้างหน้าปีถัดไปสิ่งดีดี,1
ขอบคุณที่ดูแลมาเติมเต็มสิ่งที่ขาดหายไปสิ่งดีดี,1
ที่ได้กลับมาประสบการณ์ที่เราหาไม่ได้จากตัวหนังสือจริงคะสิ่งดีดี,1
ขอบคุณทุกโอกาสที่เทอยื่นมาสิ่งดีดี,1
แป๊ปจะสิ้นปีขอให้พบเจอสิ่งดีดี,1
ใกล้จะพาเด็กไปเที่ยวแล้วสิ่งดีดี,1
สวัสดีวันอาทิตย์ชีวิตสุขสดใสอยู่บ้านก็สุขใจไปไหนก็โชคดีสิ่งดีดี,1
มิตรภาพที่น่ารักและทักทายกันตลอดสิ่งดีดี,1
คิดถึงและจะคิดถึงตลอดไปสิ่งดีดี,1
คิดถึงกันมากพอสิ่งดีดีเราคงได้เจอกัน,1
มีอยู่รอบรอบตัวคุณและพร้อมจะเดินเป็นเพื่อนคุณไปทุกหนทุกแห่งสิ่งดีดี,1
เป็นกำลังใจให้ทุกคนค่ะสิ่งดีดี,1
ให้ความสุขกับคนอื่นไม่ว่าในรูปแบบใดสิ่งดีดี,1
สิ่งที่เกิดจากความตั้งใจให้สิ่งดีดี,1
เริ่มจากการดูแลตัวเราเองด้วยสิ่งดีดี,1
จงทำตัวให้เหมือนนาฬิกาถึงแม้จะเดินวนแต่ก็เดินไปข้างหน้าไม่ถอยสิ่งดีดี,1
จงทำต่อไปไม่ว่าอะไรจะเกิดขึ้นสิ่งดีดี,1
ระหว่างทางอาจไม่ใช่ของเราแต่ปลายทางมันเป็นของเราสิ่งดีดี,1
สิ่งดีดีวันนี้มาทำบุญให้พ่อวัดชลอเป็นวัดที่พ่อชอบพามาทำบุญบ่อยจนเป็นวัดประจำที่ตัวเองกับแฟนเมื่อก่อนมาเกือบทุกครั้งที่อยากทำบุญมาตั้งแต่สมัยอุโบสถบนเรือหงส์ยังแค่เริ่มสร้างปัจจุบันสร้างเสร็จสวยงามหลังวัดเป็นคลองพ่อก็พาให้อาหารปลาเรียกว่าเป็นวัดที่มีความผูกพันธ์ด้านจิตใจวัดหนึ่งพอถึงวันพ่ออยากทำบุญให้พ่อที่จากไปก็นึกถึงวัดชลอทันที,1
ริมคลองที่เราชอบมานั่งมองพื้นน้ำสิ่งดีดี,1
วันนี้ตอนแรกนะจ้ะฝากติดตามกันด้วยสิ่งดีดี,1
ช่วงเวลาดีจะกลายเป็นความทรงจำที่ดีและช่วงเวลาแย่จะกลายเป็นบทเรียนที่ดีสิ่งดีดี,1
สิ่งดีดีโย่งนี้คือโฉมหน้าผู้บริหารของผลิตภัณฑ์พวกเรารอคุณอยู่เริ่มก่อนสวยก่อนรวยก่อนจร้าสนใจสั่งซื้อตัวเเทนจำหน่ายสอนการขายด้วยนะคะ,1
ลอยยิ้มแห่งชัยชนะไงล่ะสิ่งดีดี,1
มักจะเกิดขึ้นกะเราโดยไม่รู้ตัวสิ่งดีดี,1
กราบพระธุดงค์ที่มอบให้สิ่งดีดี,1
ส่งถึงกัลยาณมิตรทุกคนคะสิ่งดีดี,1
แค่คิดแบ่งปันสิ่งดีดีใจก็จะปลอดโปร่ง,1
สิ่งดีดีอรุณสวัสดิ์ช่วงนี้ดอกพุดออกดอกเยอะมากตัดแทบไม่ทันส่งความหอมสดชื่นเย็นใจมาให้ทุกคนคร่า,1
จัดหนักจัดเต็มมาทั่งวันให้ช่วยนะคะสิ่งดีดี,1
เพื่อนที่อยู่ข้างยามที่เรากำลังแย่เขาว่านั่นแหละเพื่อนแท้คำคมข้อคิดมิตรภาพ,1
เก็บไว้เป็นความทรงจำหน่อยละกันมิตรภาพ,1
เพิ่มสูงไม่ได้ยากอย่างที่คิดด้วยผลิตภัณฑ์เสริมอาหารที่จาทำให้คุณสูงพร้อมบำรุงในราคาสุดคุ้มเพียง฿มิตรภาพ,1
มิตรภาพหมดเวลาที่จะเตี้ยอีกต่อไปมาสูงกันเถอะอยากสูงต้องทานแคลเซียมน้องใหม่ที่ได้สารสกัดจากสารสกัดสำคัญในการผลิตอาหารเสริมเพิ่มความสูง,1
จากกันวันนี้เพื่อทำตามความฝันแล้วกลับมาพบกันพร้อมความสำเร็จที่ยิ่งใหญ่มิตรภาพ,1
รอยยิ้มหัวเราะมีความสุขเพื่อนมิตรภาพ,1
จิตใต้สำนึกที่มีถ้ากูรักกูไม่ทรยศก่อนแค่นั้นมิตรภาพ,1
การเดินทางมิตรภาพความทรงจำเขาใหญ่,1
ทำไมผมเหงาทำไมผมไม่เหมือนทุกวันที่เป็นมาเหมือนมันขาดอะไรไปในหลายอย่างจากที่เราเคยอยู่ด้วยกันนั่งเฮฮาด้วยกันแต่วันนี้มันกับดูเงียบมืดไปทุกทางผมได้รู้ว่าการได้อยู่กับพวกพี่มันทำให้ผมมีความสุขแต่วันนี้มันไม่มีแล้วแต่เรายังคงเหมือนเดิมฟลุ๊คบาร์ไซรัปมิตรภาพกูไม่เคยลืมมึงนายฟลุ๊คดอนแร่,1
กพปีมิตรภาพปวขอบคุณคนถ่ายรูปให้ด้วยนะครับ,1
ก็ถ่ายไปงั้นคึคึรรห้วยข่าพิทยาคมมิตรภาพ,1
ถึงจะน้อยแต่ก็เต็มน่ะจ้ะมิตรภาพจารย์ยิ้มหน่อยค่ะ,1
มิตรภาพที่ดีเกิดขึ้นได้เสมอมิตรภาพ,1
ตัวสูงแข็งแรงแบบนี้เอาใหม่จ๊ะจ่ายไม่แพงด้วยมิตรภาพ,1
แนนจอนเจฏจัดมิตรภาพของคำว่าเพื่อน,1
ครั้งหนึ่งในความทรงจำความภักดีมิตรภาพขอบคุณ,1
ขอบคุณสำหรับของขวัญน่ารักนะคะซันแทยุนมิตรภาพปียังเหมือนเดิม,1
พี่ไก่ลูกค้าประจำวันนี้ก่อนเข้ามาสอบถามสินค้าที่ต้องการทางไลน์พูดคุยส่งรูปสินค้าใหม่ให้ดูเชิญชวนพูดคุยได้ไปพันกว่าขอบคุณมากค่ะมิตรภาพ,1
น้องยังเด็กแต่รู้จักที่จะทักทายคนรอบข้างแล้วค่ะถึงแม้จะเป็นเรื่องเล็กของเด็กแต่ทำให้แม่ปุ้ยคิดถึงคำว่ามิตรภาพเริ่มจากสิ่งเล็กที่เรียกว่าทักขึ้นมาเลยค่ะ,1
ขอบคุณสาวและหนุ่มมากเว่อร์มิตรภาพศศยังไงก็ร๊าก,1
มิตรภาพจบทริปสองเกลออินสิงคโปร์ขอบคุณเพื่อนนูญมากสำหรับทริปนี้พาเราไปหลายที่เลยและเบื้องหลังรูปสวยสนุกสนานเฮฮากินอ้วนอิ่มประสบการณ์ถ่ายรูปฮินดูตื่นเต้นกรี้ดกร้าดแบกของต่อคิวซื้อหมูฟิตเนสว่ายน้ำรถเมย์ในตกการ์เด้นเบย์เท้าฟองสิงโตปลา,1
อย่างน้อยก็ทำให้รู้ว่าใครที่หวังดีกับเราจริงมิตรภาพ,1
จะไม่ได้เจอกันแล้วคิดถึงสายแข็งจังเลยแก๊งค์นางฟ้ามิตรภาพที่ดีอย่าลืมเค๊านะ,1
รู้แล้วอะไรที่ไม่ทิ้งเรามิตรภาพ,1
เรื่องราวระหว่างการเดินทางมิตรภาพรอยยิ้มไปเที่ยวกาญ,1
ทำไมอ้วนก็ชาวบ้านเขาผึ้งก็ขาวผอมไปสิมิตรภาพแฟนผึ้งเสยผมเท่ซะ,1
โอเอซิสมิตรภาพชอบในสิ่งเดียวกันเลียมโนลกัลลาเกอร์นี่มันกัลลาเกอร์ทุกรุ่นจริง,1
มิตรภาพก็เหมือนกับดอกไม้ถ้าเราดูแลรักษามันโลกนี้จะเป็นสวนดอกไม้มิตรภาพโลกสวย,1
กว่าปีที่คบกันมาไม่มีวันไหนที่ไม่ทะเลาะแต่รักมากขึ้นกว่าเดิมมิตรภาพ,1
น้องมุกหมวยหน้าร๊ากเอาใจไปเลยมิตรภาพ,1
บัดดี้จากเมืองรถม้าลำปางมิตรภาพเขาชนไก่,1
ไม่ต้องยืนในที่ดีที่สุดแค่ยืนในที่เราสุขก็พอแล้วดอยอินทนนท์มิตรภาพความหนาวความรัก,1
ขอบคุณนะที่ไม่เคยลืมกันมิตรภาพ,1
มันไม่ใช่แค่่การแข่งขันมันคือมิตรภาพ,1
จากวันนั้นถึงวันนี้ก็ยังเพื่อนกันมิตรภาพ,1
อยากให้ใครรักเราจงให้ความรักเค้าก่อนมิตรภาพ,1
มิตรภาพอยู่ที่ไหนเราก็มาเจอกันได้สินะ,1
รูปเยอะผ่านไปมิตรภาพความสุขครูถ่าย,1
หวัดดีตอนบ่ายค่ามิตรภาพโรงเรียนบ้านไทยสามัคคี,1
บ่มีดอกคุ่มีแต่หมุ่นิล้ะเก้บตกเพื่อนมิตรภาพ,1
มิตรภาพคำว่าเพื่อนไม่ใช่คบวันวัน,1
รักนะสาวมิตรภาพเพื่อนขอบคุนที่ค่อยยุข้างตลอด,1
ทริปอิ่มบุญมิตรภาพวัดฉลองวัดเขานาคเกิด,1
ภาพวันคืนสู่เหย้าเลี้ยงรุ่นช่างกลวิทยาลัยเทคโนโลยีดอนบอสโกอบอุ่นจริงมิตรภาพ,1
เพื่อนและมิตรภาพไม่ได้อยู่ที่ว่าใครจะมาก่อนมาหลังแต่อยู่ที่ว่าใครเข้ามาแล้วไม่ออกไปคิดถึงบ้าไอ้เกลอเห้อ,1
ขอบคุณสำหรับเค้กวันเกิดมิตรภาพ,1
สายสัมพันธ์มิตรภาพลาวไทยจีนเส้นทาง,1
นานจริงอะไรจริงปีที่ไม่ได้มาเจอกันมิตรภาพเพื่อน,1
สามหนุ่มสามมุมมิตรภาพที่ยั่งยืนจะเกิดขึ้นได้หากคุณรู้จักคำเหล่านี้ซื่อสัตย์จริงใจให้เกรียติเข้าใจและให้อภัย,1
นานแค่ไหนที่ไม่ได้เจอแรดเหมือนเดิมมิตรภาพ,1
ความรู้สึกบางอย่างลักษณะมันคล้ายอากาศมองไม่เห็นสัมผัสไม่ได้แต่ก็ต้องหายใจเข้าออกทุกวันขาดไม่ได้มิตรภาพ,1
บางที่บางเวลามีค่าความทรงจำมิตรภาพ,1
เป็นอีกเรื่องที่ประทับใจมิตรภาพน้ำตา,1
เก็บความทรงจำดีมิตรภาพไว้ให้มากที่สุดนะคะ,1
มิตรภาพจะกี่ปีก็ยังคงมีมิตรภาพที่ดีให้แก่กันงานคืนสู่เหย้า,1
จะวันเดือนปีถ้ามันใช่มันก็ใช่แต่ถ้าไม่ใช่จะนานแค่ไหนก็ไร้ค่ามิตรภาพ,1
ธรรมชาติมันดีแบบนี้นี่เองทำให้ยิ้มได้ทำให้สนุกได้และทำให้เรามองเห็นคนข้างอนุบาลมิตรภาพความสุขในวันนี้ความทรงจำ,1
รุปมันเยอะเหลือเวลาไม่ถึงเดือนก้จะจบมล่ะน่ะมิตรภาพ,1
ครูบอกว่าอาชีพในอนาคตมิตรภาพรุ่น,1
มิตรภาพดีเพียงไม่กี่วันก็ไม่อาจลบออกได้ถ้ามันเป็นความทรงจำดีมิตรภาพในช่วงเวลานั้นหลับให้สบายนะน้องปั๊มขอให้ไปสู่ภพภูมิที่ดี,1
ไม่จำเป็นต้องเป็นสถานที่ที่ดีที่สุดก็ทำให้ยิ้มได้กว้างที่สุดได้มิตรภาพ,1
มิตรภาพชีวิตก็เหมือนการลงทุนขาดทุนบ้างได้กำไรบ้างเป็นเรื่องธรรมดาอันไหนทำแล้วได้กำไรก็ดูแลรักษาไว้อันไหนขาดทุนบ่อยก็ควรปล่อยมันไปแล้วเริ่มต้นทำสิ่งใหม่ชีวิตมันก็มีแค่นี้โอกาศมีไว้สำหรับการเริ่มต้นใหม่เสมอ,1
จบแล้วปีเขาตะกรุดรังไว้เจอกันปีปีเขาชนไก่มิตรภาพ,1
สิ่งหนึ่งในใจมิตรภาพที่ไม่สามารถอธิบายด้วยคำพูดแต่สามารถสัมผัสได้ด้วยหัวใจ,1
ในรอบหลายเดือนกว่าจะครบทีมเพื่อนสนิทมิตรภาพ,1
คิดถึงนะคิดถึงทุกคนเลยมาอยู่นี้เหงามากมายยคิดถึงเสียงหัวเราะพวกแกจังเลยยความทรงจำที่ดีมิตรภาพ,1
ค่าของการเดินทางไม่ได้วัดที่ระยะทางแต่วัดกันด้วยที่มิตรภาพ,1
มิตรภาพอิสระภาพคนทั้งคนไม่เคยรู้จักกันต่าคนต่างที่แต่จุดหมายเดียวกันมิตรภาพระหว่างทางทำให้เราได้รู้จักกันภูกระดึงภูไทเวียงพิงค์,1
ขอบคุณที่ได้เจอเพื่อนดีแบบนี้ถึงแม้เป็นเวลาสั้นมิตรภาพ,1
โชคดีกับทางที่เลือกเดินมิตรภาพ,1
ล้านคนที่ฉันได้พบเจอแต่เสือกเอาใจฝากไว้ที่เธอแค่คนเดียวมิตรภาพ,1
คิดแคปชั่นไม่ออกแต่ถึงพวกมึงตลอดน่ะจ่ะมิตรภาพ,1
ความรู้สึกบางอย่างลักษณะมันคล้ายอากาศมองไม่เห็นไม่ได้เจอไม่ได้คุยแต่รู้ว่ามันยังอยู่ตรงนั้นตลอดไปมิตรภาพ,1
มิตรภาพเลือกมันว่าประสบการณ์ปีผ่านไปเวลาเดินเร็วจิงมันเป็นบทเรียนที่แสนยากและต้องใช้ความอดทนเป็นอย่างมากแต่ก็เป็นการเรียนรู้ที่มีคุณค่าพอที่ทำให้เป็นแรงผลักดันกับการก้าวเดินหน้าต่อไป,1
จากคนไม่สนิทกลายมาเป็นเพื่อนสนิทมิตรภาพ,1
การเดินทางแต่ละครั้งมันมีเหตุผลของมันเสมอมิตรภาพ,1
มันเรียกว่าความรักเป็นการเจอกันที่ครบทีมสุดครบเครื่องสุดมิตรภาพ,1
มิตรภาพมีผมเท่านั้นที่รู้สึกอยู่ฝ่ายเดียวหวังแค่คุณเขาใจผมผมเข้าใจคุณชีวิตผมหวังแค่เพียงสิ่งเดียวคือการเป็นมิตรไมตรีซึ่งกันและกันแม้สถานะจะต่างกันก็ตาม,1
ชอบรูปนี้ให้ความรู้สึกที่ต่างกันต่างกันที่วาระเวลาและคนข้างแต่มีสิ่งนึงที่ไม่ต่างกันนั่นก็คือมิตรภาพ,1
มิตรภาพช่วงเวลาแห่งความเศร้าเหงาและท้อฉันอาจไม่มีใครแต่ในยามที่ฉันอยากทำความดีอยากทำบุญอยากทำสิ่งดีฉันมีเพื่อนที่น่ารักขอบคุณที่สร้างกรรมดีร่วมกันฉันรักเธอเพื่อนต่างวัยที่หัวใจเดียวกัน,1
เริ่มต้นที่สระบุรีสิ้นสุดที่หนองคายมิตรภาพ,1
ดีแค่ไหนที่ได้รู้จักกันมิตรภาพ,1
มาถึงบ้านไม่ถึงชั่วโมงก็ชวนกูออกเลยจร้ากูก็ปฏิเสธใครไม่ค่อยจะเป็นด้วยมิตรภาพ,1
มิตรภาพธรรมที่สร้างสรรค์คือการลงมือทำเพื่อปรับปรุงพัฒนาตนแล้วนำไปใช้ให้เกิดประโยชน์ในชีวิตจริงความสมดุลแห่งตนการอยู่ร่วมกันอย่างลงตัวการยอมรับความเป็นธรรมชาติของกันละกันเพื่อนำไปสู่ความสันติสุข,1
อายุไม่ใช่ปัญหาขอจงมีความสุขขอจงพบแต่ความสุขมิตรภาพ,1
กว่าพี่ป๊อดโมเดิร์นด็อกจะมามิตรภาพ,1
ฟองมันขาวเนอะแด่มิตรภาพมิตรภาพ,1
ขอให้เจอแต่สิ่งที่ดีเข้ามาในชีวิตมิตรภาพ,1
ได้มั้ยดวงดาวช่วยดูแลเขาแทนฉันทีมิตรภาพ,1
การเดินทางสร้างมิตรภาพได้เสมอและอาจเป็นช่วงเวลาที่ได้เรียนรู้กันและกัน,1
ขอบคุณพี่น้องมิตรภาพอาจจะมาช้ากับคำนี้แต่รู้สึกยินดีและดีใจที่ได้รู้จัก,1
รูปหมูก็มีนะจับมือไว้แล้วไปด้วยกันมิตรภาพ,1
มิตรภาพเกิดจากความรู้สึกที่ดีภายในหัวใจไม่เอาเปรียบประนีประนอมรักใคร่,1
เพื่อนไม่ได้อยู่กับเราตลอดไปแต่เพื่อนอยู่ในใจเราตลอดกาลมิตรภาพ,1
รักมากรุไหมรักที่สุดเลยก็ว่าได้มิตรภาพ,1
มิตรภาพสำคัญกว่าสิ่งอื่นใดมิตรภาพ,1
เมื่อเรามีความซื่อสัตย์เก็บกระเป๋าส่งคืนลูกค้าชาวต่างชาติรัสเซียคำว่าขอบคุณที่ทำให้ทั้งพูดรับและผู้ที่พูดรู้สึกดีความซื่อสัตย์มิตรภาพความรู้สึกดี,1
อะไรที่ไม่ใช่ก็เทมันทิ้งไปเก็บสิ่งที่ใช่สำหรับเราไว้ก็พอมิตรภาพ,1
มาขอถ่ายรูปเเบบนี้เราเขิลนะรู้มั้ยมิตรภาพนศท,1
ฮัลโหลวันนี้เป็นวันคล้ายวันเกิดชะยังไงก็สุขสมอย่างที่หวังคำอวยพรก็เหมือนกะทุกปีเเหละแค่อ้าปากก็คงจะรุ้คบกันมานานและจะอยู่ตรงนี้ไปอีกนานแล้วก็อยู่ให้อวยพรไปนานนะเหมิดคำสิเว้ามิตรภาพกว่าปี,1
การเปลี่ยนแปลงหลายครั้งเราเจอกับคำนี้ทุกการเปลี่ยนแปลงมันสอนเราเสมอมันทำให้เราโตขึ้นเสมอการเปลี่ยนแปลงหลายครั้งก็มาจากตนเองหลายครั้งก็มาจากผู้อื่นแต่เมื่อสิ่งนั้นมีอิทธิพลกับชีวิตของเราก็เป็นหน้าที่ของเราที่ต้องบริหารจัดการต่อไปอย่าปล่อยให้ชีวิตลอยไปตามกระแสธาราจงกำหนดหนทางด้วยตนเองเมื่อตัดสินใจแล้วจงมุ่งมั่นและทำสิ่งนั้นให้สุดกำลังก้าวต่อไปหนทางยังอีกยาวไกลความสำเร็จที่เรารอคอยต้องอาศัยโฟกัสที่มั่นคงจงเป็นกำลังใจให้กันและกันและก้าวต่อไปตามที่ใจฝันความผูกพันมิตรภาพ,1
ใจแลกใจไม่ต้องอะไรมากม้ายมิตรภาพ,1
เมื่อมีความโดนอาจารย์และพี่แกล้งมิตรภาพ,1
มิตรภาพไม่จำเป็นต้องหาที่ไหนอื่นไกลแค่หยิบยื่นความรักให้กันก็พอมิตรภาพ,1
สิ่งสำคัญที่เรายังอยุ่ด้วยกันไม่ว่าจะทะเลาะจะงอลจะไม่เข้าใจกันแต่ก็ไม่เคยเลิกคบกับมันได้สักทีถึงวันนี้ต้องแยกย้ายกันแต่สัญญายังไงเราก็คือแก๊งค์เดียวกันตลอดไปไม่มีอะไรเปลี่ยนให้มันตราตรึงเก็บในใจจนไปถึงวันลาจากแม้กาลเวลาเปลี่ยนแต่สิ่งหนึ่งยังอยู่มิตรภาพ,1
มีน้อยแต่ใจเติมร้อยมิตรภาพของเพื่อน,1
ความเป็นเพื่อนไม่เคยเจือจางเรอยยิ้มมิตรภาพของเพื่อน,1
เคยรักยังไงก็รักอยุ่แบบนั้นม่เคยเพิ่มม่เคยน้อยลงมิตรภาพของเพื่อน,1
มิตรภาพของเพื่อนผมว่าสร้างโลกได้นะ,1
ซ่าสั่นจุดเริ่มต้นของผู้ชายคนบิ๊กแดนบีมมิตรภาพของเพื่อน,1
มิตรภาพของเพื่อนคงจะคิดถึงพวกเธอน่าดู,1
บอกว่าอย่าชวนมึงก็รู้ว่ากูปฏิเสธไม่เป็นมิตรภาพของเพื่อน,1
งานแต่งต้อมเพื่อนคนแรกของมหาลัยมีความสุขมั่กมากนะร๊ากฝุดมิตรภาพของเพื่อนจุ๊บ,1
รักเหมือนเดิมเพิ่มเติมแกอ้วนขึ้นกินให้มันน้อยหน่อยนะปลฝนมันถ่ายแบบไม่ตั้งหลักมันแกล้งเราอ้อมิตรภาพของเพื่อน,1
มิตรภาพของเพื่อนเอาชนจากวันนี้จะมีเราเราและนาย,1
มิทติ่งสบวมเหลืองฟ้ามิตรภาพของเพื่อน,1
มิตรภาพของเพื่อนขอให้อยู่แบบนี้ตลอดไปนะการมางานวันนี้ได้ความรู้สึกสมัยแรกที่มาได้อย่างดีบางครั้งหลายครั้งที่ถอดใจอยากวางมือในบางทีแต่ด้วยมิตรภาพคำนี้คำเดียวเราเลยยึดมั่นที่จะเดินหน้าต่อไปได้ขอบคุณนะเพื่อนที่ประคับประคองความรู้สึกดีกันมาตลอด,1
นานที่ไม่ได้เจอแต่ก็ไม่เปลี่ยนมิตรภาพของเพื่อน,1
คำว่าเพื่อนนั้นมีความหมายมิตรภาพของเพื่อน,1
แฟชั่นฤดูหนาวที่นี้กรุงเทพมิตรภาพของเพื่อนมีรอยยิ้มเสียงหัวเราะมีเรื่องราวแม้เพียงเวลาสั้นที่ได้เจอกันถือเป็นอีกหนึ่งความทรงจำก่อนสิ้นปีและต้อนรับปีใหม่บันทึกความทรงจำธันวาคม,1
เพื่อนก็คือเพื่อนเพื่อนกันตลอดไปมิตรภาพของเพื่อน,1
เสร็จสิ้นภาระกิจของปโทอย่างเราเหนื่อยแต่มีความสุขมิตรภาพของเพื่อน,1
เด็กมีรุ่นปีผ่านไปไม่เจอกันเพื่อนกันตลอดไปพรหมานุสรณ์มิตรภาพของเพื่อนรัก,1
คิดถึงอยากไปอีกมิตรภาพของเพื่อน,1
เพื่อนมีไม่ต้องเยอะก็ได้แค่ไม่ทิ้งกันไปไหนในวันที่เราต้องการใครสักคนเพื่อนคนพิเศษไปไหนไปกันมิตรภาพของเพื่อน,1
ชักชวนกันมาน้ำตกทีลอซูอุ้มผางตากมันเยี่ยมมากธรรมชาติสร้างสรรค์มิตรภาพของเพื่อน,1
ความทรงจำภาพนี้ตลอดไปมิตรภาพของเพื่อน,1
รักอาตี๋ที่สุดมาครั้งเดียวของฝากครบทุกคนรักเมื่อไหร่จะเจอกันอีกมิตรภาพของเพื่อน,1
เวลาเดินวนเวียนให้เรามาพบกันอีกครั้งในที่แห่งนี้ทั้งดีใจและใจหายในเวลาเดียวกันเพราะการมาพบเจอกันครั้งนี้ในที่แห่งนี้หมายความว่าเราจะแยกจากกันไปทำหน้าที่ของตนเองและไม่รู้เมื่อไหร่เวลาจะพาเรากลับมาพบกันอีกมิตรภาพของเพื่อนบัณฑิตเทคโนโลยีคหกรรมศาสตร์,1
สิ่งเล็กที่ยิ่งใหญ่มิตรภาพของเพื่อนความสุข,1
มิตรภาพที่ดีไม่เคยจางหายไม่ว่าเธอจะอยู่แห่งหนใดมีความคิดถึงเธอคนนี้เสมอน้องน้ำฝนคนสวยมิตรภาพของเพื่อน,1
จะใกล้ไกลกันแค่ไหนแต่มิตรภาพระหว่างเราจะอยู่ในใจกันเสมอมิตรภาพของเพื่อน,1
เมื่อก่อนต่างคนต่างไม่ชอบขี้หน้ากันนตอนนี้อ่ะหร่อไปไหนไปด้วยกันหมดจ้ากินไรก็กินด้วยกันเเถมเเย่งกันกินอีกสายฮามิตรภาพของเพื่อน,1
เหนื่อยแล้วที่จะง้อไม่มีแรงพอที่จะรั้งเพื่อนมิตรภาพของเพื่อน,1
เมื่อมันเกิดขึ้นแล้วสัญญาว่าจะรักษามันดีดีมิตรภาพของเพื่อน,1
เพื่อนกันตลอดไปมิตรภาพของเพื่อน,1
พลอยกับแพรวคู่แฝดน้องน้องน่ารักมิตรภาพของเพื่อน,1
เพื่อนปีก็ยังเหมือนเดิมมิตรภาพของเพื่อน,1
ไม่แท็กนะให้เห็นเองความทรงจำความรักคนของใจมิตรภาพของเพื่อน,1
มิตรภาพไม่เคยจางหายแม้เวลาจะนานแค่ไหนมิตรภาพที่ยาวนานมิตรภาพของเพื่อน,1
ข้อความเตือนเป็นเพื่อนกันปีแต่ความความจิงรู้จักกันเป็นปีตั้งแต่เรียนจนถึงทำงานทุกข์สุขหัวเราะด้วยกันตลอดคิดถึงนะยูว์มิตรภาพของเพื่อน,1
มิตรภาพของเพื่อนมิตรภาพของพี่น้อง,1
กี่ปีแล้วนะกับมือนี้ที่ไม่เคยปล่อยมิตรภาพของเพื่อน,1
ก็จะมีความคิดถึงอยู่หน่อยนานจะได้เจอกันทีเพื่อนเก่าแต่ไม่แก่มิตรภาพของเพื่อน,1
ใจกลางเมืองสุดแสนจะไกลห่างเธอแต่ต้องทำตามความฝันมิตรภาพของเพื่อน,1
เรียบร้อยนอนได้ฝรั่งเงาะชมพู่เพื่อนบ้านซื้อมาฝากเยอะมากกินไปบ้างเล้วสามีไปช่วยต่อก๊อกน้ำบอกไม่รับพี่เค้าก็ไม่ยอมเอามาตั้งให้ถึงในบ้านเลยบอกต้องรับนะคะตั้งใจซื้อมาฝากขอบคุณนะคะมิตรภาพของเพื่อนบ้าน,1
เก็บตกฝันดีคับมิตรภาพของเพื่อน,1
อนุโมทนาสาธุกับพระเกรทด้วยค่ะอิ่มบุญอิ่มใจมิตรภาพของเพื่อน,1
งานสวยเหมือนเดิมร้านเดิมเพิ่มเติมคือมิตรภาพดีดีอุดหนุนกันจนสนิทกันเป็นเพื่อนกันไปละมิตรภาพของเพื่อน,1
อยากลงเยอะกว่านี้มิตรภาพของเพื่อน,1
กลับนราธิวาสแล้วน่ะค่ะมีความคิดถึงบรรยสกาศและมิตรภาพดีคิดถึงมากมายมิตรภาพของเพื่อน,1
เวลาจะผ่านไปนานแค่ไหนแต่ความรู้สึกก็ยังอยู่ในใจเสมอถึงเวลาที่ต้องแยกย้ายกันไปคนล่ะทิศล่ะทางมิตรภาพของเพื่อน,1
คะเพื่อนมีความสุขในทุกวันมีรอยยิ้มให้ตัวเองมีความหวังให้กับใจมีสุขภาพที่แข็งแรงนะแม้จะห่างกันยังห่วงใยเสมอมีรอยยิ้มเมื่อนึกถึงกันมิตรภาพของเพื่อน,1
อีกไม่กี่วันเองสู้มิตรภาพมิตรภาพของเพื่อน,1
พรุ่งนี้เราเริ่มต้นกันใหม่เป็นเพื่อนกันใหม่ศึกษากันใหม่เนอะมิตรภาพมิตรภาพของเพื่อน,1
วันเวลานำพาให้เรามาพบกันมิตรภาพของเพื่อน,1
มิตรภาพของเพื่อนมีความคิดถึงกัน,1
เพื่อนมิตรภาพมิตรภาพมีหลายรูปแบบคิดถึงเพื่อนทุกคนคิดถึงเพื่อนตอนเรียนอนุบาลยันประถมมัธยมคิดถึงเพื่อนตอนเรียนสมัยปวชปวสคิดถึงเพื่อนตอนเรียนปอตรีคิดถึงเพื่อนร่วมงานเก่าแม้ปัจจุบันจะไม่ค่อยได้พบเจอแต่คิดถึงเสมอนะมิตรภาพของเพื่อน,1
มและมเราก้ยังยุด้วยกันมิตรภาพของเพื่อน,1
มิตรภาพของเพื่อนเรื่องเล่าตลกของกุลกับหญิง,1
ให้ภาพมันอธิบายเองงมิตรภาพของเพื่อน,1
ที่ตรงกลางช่องว่างของฟามรักมิตรภาพของเพื่อน,1
กลับถึงบ้านโดยสวัสดิภาพทริปไฟไหม้สายบุญมิตรภาพของเพื่อน,1
คิดถึงผญตัวเล็กผิวดำผมหยิกหน้าตาขี้เหร่คนนั้นเนอะมิตรภาพของเพื่อน,1
จบแล้วนะปวสขอขอบคุณมิตรภาพของเพื่อน,1
อยากจบแต่ไม่อยากจากมิตรภาพของเพื่อน,1
มาอยู่โคราชใหม่คิดโน่นนี่สารพัดจะมีเพื่อนคอยไปนั่นนี่มั้ยน๊าจะมีเพื่อนไปกินข้าวมั้ยน๊าเพราะไม่รู้จักใครไม่รู้จักทางในโคราชเลยแต่ตอนนี้มาอยู่โคราชครบปีละขอบคุนเพื่อนสาวคนสำหรับมิตรภาพดีสำหรับความจิงใจเพิ่งรู้จักกันแต่เหมือนรู้จักกันมาเป็นปีพูดคุยได้ทุกเรื่องด่ากันได้เตือนกันได้ไม่ตอแหลใส่กันไม่หวังผลประโยชน์ใดรักเมิงคนมิตรภาพของเพื่อน,1
ให้จดจำเอาไว้พรุ่งนี้จะเป็นอย่างไรมันจะโหดร้ายสักเท่าไรก็ช่างมันที่สุดของชีวิตหากแม้ไม่เป็นอย่างฝันแต่ถึงยังไงสุดท้ายอะไรคงไม่สำคัญวันนี้มีเราเท่านั้นพอมิตรภาพของเพื่อน,1
รักแบบไม่มีคำบรรยายใดมิตรภาพของเพื่อน,1
อยู่กันไปแบบนี้นานนะมิตรภาพของเพื่อน,1
อย่างที่ฉันคบกับเธอนั้นเข้าทียิ่งคบก็ยิ่งดียิ่งเข้าใจจะกี่คำถามสุดท้ายก็คือเธอมิตรภาพของเพื่อน,1
เจอกันครั้งแรกของปีมิตรภาพของเพื่อน,1
ชิววันหยุดกับเพื่อนไกลแค่ไหนก็มาหากันได้มิตรภาพของเพื่อน,1
นิมนุษย์ฉันเบื่อแกมิตรภาพของเพื่อนที่ต่างกัน,1
ที่ไหนไม่สำคัญสำคัญว่าใครอยู่ตรงนั้นผู้ร่วมเดินทางมิตรภาพของเพื่อน,1
ต้อนรับสิ่งดีในปีความรักในครอบครัวมิตรภาพของเพื่อน,1
อยากเล่นกับคนข้างถ้ายิงมาอีกมุกนึงผมจะคิดจริงแล้วนะมิตรภาพของเพื่อน,1
ความสุขของการให้มิตรภาพของเพื่อน,1
จะแต่งวิดีโอต่อมีนแต่คลิปงานแต่งพี่พอลลี่เด้งขึ้นมาเลยแต่งประดับไว้อีกสักอันมิตรภาพของเพื่อน,1
ขอบคุณกระเช้าผลไม้เยี่ยมแม่จากเพื่อนรรเฉลิมขวัญสตรีมิตรภาพของเพื่อน,1
มิตรภาพของเพื่อนวันนี้เป็นวันที่เป็นสุดท้ายของการก้าวก้าวคนละก้าวขอเป็นส่วนเล็กของการก้าวในวันนี้เพื่อช่วยให้ตูนบอดี้สแลมไปถึงจุดหมายปลายทางคือโรงพยาบาลบางสะพานประจวบคีรีขันธ์ก้าวที่นี้ขอก้าวไปพร้อมกับณปภาภาคินคู่จิ้นคลาสสิคแม้จะเป็นก้าวเล็กก็ขอร่วมกัาวไปพร้อมกับทุกคนด้วยคะ,1
เพื่อนจะอยู่ที่ไหนก็ยังเป็นเพื่อนมิตรภาพของเพื่อน,1
ยังจำกันได้ไมทุกคนภาพตอนมมิตรภาพของเพื่อน,1
หลายความสัมพันธ์ห่างหายไปแต่ความสัมพันธ์ที่สำคัญที่เธอและฉันช่วยกันประคองกันไปมิตรภาพของเพื่อน,1
มิตรภาพที่ฉันมีมิตรภาพของเพื่อน,1
ที่แห่งนึงพาเรามาเจอกันที่แห่งนึงทำให้เราได้ดูแลกันมิตรภาพของเพื่อน,1
คนที่สามต่อจากผู้ชายมิตรภาพของเพื่อน,1
กาลเวลาไม่เคยเปลี่ยนมิตรภาพของเพื่อน,1
คนที่ทำผิดและรู้ตัวว่าผิดแล้วสัญญาว่าจะไม่ทำอีกก็สมควรที่เราจะให้อภัยเสมอมิตรภาพของเพื่อน,1
จบทริปเล่นน้ำสวนลุงเล็กเขื่อนขุนด่านมิตรภาพของเพื่อน,1
ขอบคุณสำหรับคนแต่งรูปให้มิตรภาพของเพื่อน,1
มิตรภาพของเพื่อนมันช่างยิ่งใหญ่,1
ไม่มีอะไรเเน่นอนเเม้เเต่คำว่ามิตรภาพของเพื่อน,1
ประถมมต้นจนมีซะมีลูกแล้วมิตรภาพของเพื่อน,1
ความทรงจำทริปนครนายกความสุขผ่านไปเร็วเสมอมิตรภาพของเพื่อน,1
มีเเต่เพื่อนมิตรภาพของเพื่อน,1
เมื่อเวลามันผ่านไปแล้วไม่สามารถย้อนกลับมาได้มิตรภาพของเพื่อนก็เช่นกัน,1
ความรักสวยงามเสมอมิตรภาพของเพื่อนก็เช่นกัน,1
มิตรภาพของเพื่อนความทรงจำวัยเด็กของฉันถึงแม้ว่ามันจะหลงเหลือแค่ภาพเดียวแต่ภาพและความทรงจำในวันวานมันยังคงหมุนเวียนอยู่มันยังไม่จางหายไปไหนเลย,1
คริคริแกล้งเพื่อนก็พอมิตรภาพของเพื่อน,1
มิตรภาพของเพื่อนรสชาติไม้เรียวของคุณครูมันคงอยู่ความรู้สึกยังอยู่เลยและอีกมากมายเล่ายังไงก็ไม่หมดหลอกเฮ้ออยากย้อนเวลากลับไปจังเลยแต่มันคงเป็นไปไม่ได้คิดถึ,1
จนได้เรื่องว๊ายมิตรภาพของเพื่อน,1
รักเราไม่เก่าตามมิตรภาพของเพื่อน,1
มิตรภาพของเพื่อนไม่เจอกันนานแค่ไหนก็เหมือนเดิม,1
มิตรภาพของเพื่อนคือผมเป็นผุ้หญิงคนเดียวอิอิ,1
มอร์นิ่งจ้าฟื้นร่างกันเลยทีเดียวรูปงานคินเมื่อคืนเดี๊ยวทยอยลงให้น๊ารอตากล้องฟื้นคืนสติก่อนบอกเลยดูน้องแล้วคิดถึงบรรยากสศสมัยเอเอฟมิตรภาพของเพื่อน,1
เจอกันในความมืดมิตรภาพของเพื่อน,1
เรื่องไอจีปลอมเบลเค้าก็ลงว่าไม่ใช่ของคิมเราก็แค่เข้าไปขอบคุณที่เบลล่าช่วยมิตรภาพของเพื่อน,1
แดดแรงแต่อบอุ่นมิตรภาพของเพื่อน,1
อ่านบทสัมของนฤบดินทร์ท่อนนี้แล้วซึ้งอ่ะมิตรภาพของเพื่อน,1
ประสบการณ์ที่เงินซื้อไม่ได้มิตรภาพของเพื่อนอะไรจะดีเท่านี้ไม่มีอีกแล้ว,1
ช่วงเวลาแห่งความสุขมักจะผ่านไปเร็วเสมอมิตรภาพของเพื่อน,1
เพราะรักไม่ใช่เหล้าที่เมาแล้วจะไม่เจ็บเอ้าชนดูกันรึยังเข้าแล้วนะสุขเศร้าเหงามันฮาน้ำตาร่วงอยู่ในเรื่องนี้เลยมิตรภาพของเพื่อนความรักรักหมดแก้ว,1
มิตรภาพของเพื่อนการเดินทางที่แสนพิเศษ,1
มาลุ้นลูกสาวทั้งลูกกิ๊ฟลูกจุงปุ๊ปลุ้นมากมิตรภาพของเพื่อน,1
ของคุณครอบครัวมิตรภาพของเพื่อน,1
มิตรภาพของเพื่อนก็ไม่ได้มีอะไรมาก,1
คืนถิ่นสู่บ้านหลังที่สามคิดถึงสถานที่นี้บ๊ายบายละแมความทรงจำดีมิตรภาพของเพื่อน,1
แฮปปี้ฝุดฝุดเก้าปีแล้วมั้งมิตรภาพของเพื่อน,1
มิตรภาพของเพื่อนเค้าไม่มีวันลืมหรอกนะ,1
ขอฝากเพลงรอเธอให้อภัยมิตรภาพของเพื่อน,1
มาดูคุ้มค่ามากพ่นไฟใส่กันเพลงเพราะมากหัวเราะซึ้งมิตรภาพของเพื่อน,1
ลาก่อนกลับแล้วบ้านพะเยามาอยุ่ตั้งแต่วันที่กลับไปใช้ชีวิตคนกรุงแล้วคิดถึงปีหน้ามาใหม่สงกรานต์ล้านนาสนุกมากมิตรภาพของเพื่อน,1
เรามาร่วมกันสร้างปรากฎการณ์และพลังอันยิ่งใหญ่ให้โครงการก้าวคนละก้าวกันนะคะอยู่ที่ไหนก็ร่วมบริจาคได้ค่ะมิตรภาพที่น่ารัก,1
งานรวมรุ่นมากดีใจที่ได้เจอกันมิตรภาพที่น่ารัก,1
คิดถึงพี่สองคนนี้จังเลยคะสู้คะมิตรภาพที่น่ารัก,1
เพื่อนที่น่าจดจำมิตรภาพที่น่ารัก,1
ก็เพื่อนฉันสวยมิตรภาพที่น่ารัก,1
มากกว่าคำว่าขอบคุณมิตรภาพที่น่ารัก,1
ขอบคุณนะคะแฟนคลับพปที่น่ารักทุกคนมิตรภาพที่น่ารัก,1
ตรุษจีนขอให้เฮงขอให้รวยกันทุกคนจ้ามิตรภาพที่น่ารัก,1
เชื่อมโยงกับพี่ปุ้ยลูกค้าประจำคร้ามิตรภาพที่น่ารัก,1
มิตรภาพใหม่เกิดขึ้นได้ด้วยรอยยิ้มและความใส่ใจคร้ามิตรภาพที่น่ารัก,1
พี่ทีมงานสต๊อกมีแต่รอยยิ้มให้น่ารักที่สุดขอบคุณคร้ามากคร้ามิตรภาพที่น่ารัก,1
มีความน่ารักเจ้าหญิงมากลูกโป่งมิตรภาพที่น่ารัก,1
ปาร์ตี้เรืองแสงมิตรภาพที่น่ารัก,1
ขอบพระคุณพี่ทุกคนค่ะมิตรภาพที่น่ารัก,1
งานหมู่คณะเราต้องมีมิตรภาพที่น่ารัก,1
ห่วงนางเหลือเกินแต่กระต่ายเก่งมากคร้าสุดยอดมิตรภาพที่น่ารัก,1
เหมือนก่อนเป็นคนแสนดีมาวันนี้เป็นคนขี้เหล้ามิตรภาพที่น่ารัก,1
เห็นเงาในตาชั่นไหมเห็นเธออยู่ในนั้นไหมมิตรภาพที่น่ารัก,1
ขอบคุณนะค่ะน้องสาวเลี้ยงฉลองปีใหม่พี่ก่อนเลยมิตรภาพที่น่ารัก,1
อยู่เคียงข้างกันไปตลอดนะมิตรภาพที่น่ารัก,1
งานจบรูปก็จะเยอะหน่อยมิตรภาพที่น่ารัก,1
มิตรภาพที่น่ารักขอบคุณสำหรับของขวัญปีใหม่นะคะ,1
พี่กายเจอกันตั้งแต่คลาสแรกจนคลาสล่าสุดเราขอติดรถมอไซค์จากไปลงที่ประหยัดไปฮรี่มิตรภาพที่น่ารัก,1
ทำบุญก่อนวันเกิดมิตรภาพที่น่ารัก,1
งานเลี้ยงย่อมมีวันเลิกลาแต่เราจะหวนคือมาพบกันใหม่มิตรภาพที่น่ารัก,1
พออากาศจากํเป็นํเตรียมแปลงร่างมิตรภาพที่น่ารัก,1
ช่วงเวลาของความสุขขอบคุนที่ทำให้หนูยิ้มได้มิตรภาพที่น่ารัก,1
เพิ่ลพลังจะได้มีกำลังใจสู้ต่อไปขอบคุนนะมิตรภาพที่น่ารัก,1
ปลถ่ายกะขุ่นเจ้แองจี้มิตรภาพที่น่ารัก,1
ขอบคุณมิตรภาพสำหรับปี้นี้ผ่านทุกข์สุขมาด้วยกันเยอะมากอยู่ด้วยกันทุกวันอยู่มากกว่าอยู่กัยครอบครัวอีกมิตรภาพที่น่ารัก,1
อัมพวานิงายมิตรภาพที่น่ารัก,1
คิดถึงร๊ากกไอดอลหน้าเด็กตลอดกาลมิตรภาพที่น่ารัก,1
เบิร์ดเดย์เซอร์ไพรส์ขอบคุณทุกคนนะคะครอบครัวมินิมอลที่น่ารักมิตรภาพที่น่ารัก,1
มิตรภาพที่น่ารักยืนตงจับกล้องเอียงหัวแล้วแชะ,1
เก็บไว้ในความทรงจำมิตรภาพที่น่ารัก,1
โชคดีนะทุกคนอีกเดือนเราจะมาพบกันใหม่มิตรภาพที่น่ารัก,1
ขอบคุณที่ดูแลผมเป็นอย่างดีมิตรภาพที่น่ารักขอบคุณกับของขวัญที่น่ารักขอบคุณพี่เพื่อนน้องชาวกับของขวัญปีใหม่,1
ขอบพระคุณคุณหมอทุกท่านค่ะกราบงามมิตรภาพที่น่ารัก,1
งานแจกลายเซ็นปฏิทินช่องมิตรภาพที่น่ารัก,1
เมื่อเขาทักทายกันมิตรภาพที่น่ารักคิมญ่าก็ต้องเข้าใจนิดนึงเนอะ,1
มิตรภาพเกิดขึ้นได้ทุกที่มิตรภาพที่น่ารัก,1
ถ่ายหลังกินเสร็จมันก้จะบวมหน่อยมิตรภาพที่น่ารัก,1
คนนี้ที่รักเอ๊ยเพื่อนรักมิตรภาพที่น่ารัก,1
ก่อนจากกันขอสัญญาฝากประทับตรึงตราจนกว่าจะพบกันใหม่มิตรภาพที่น่ารัก,1
เป็นเพราะความเข้าใจถึงได้อยู่กันนานมิตรภาพที่น่ารัก,1
ระยะทางไกลไม่เป็นอุปสรรคมิตรภาพที่น่ารัก,1
ญาญ่ากะมิ้นนี่มิตรภาพที่น่ารัก,1
มิตรภาพที่น่ารักความสุขมีอยู่รอบตัว,1
มีความสุขมากมายมิตรภาพที่น่ารักสุขภาพดีหลายร่ำรวยเงินทองและมิตรสหายที่ดีนะคะสุขสันต์วันคล้ายวันเกิดค่ะพี่บอม,1
ร่วมร้องเพลงพระราชาในนิทานมิตรภาพที่น่ารัก,1
ขอบคุณพี่น้องทุกสื่อทุกแมกกาซีนที่มาแอ่วปายด้วยกันนะคะมิตรภาพที่น่ารัก,1
แก๊งค์นี้รวมตัวเมื่อไหร่น่ารักทุกคนมิตรภาพที่น่ารัก,1
เจอกันปีละครั้งมิตรภาพที่น่ารัก,1
ขอบคุณพี่และน้องสาวมากนะมิตรภาพที่น่ารัก,1
มิตรภาพที่น่ารักระหว่างทางเราได้พบเพื่อนใหม่น้องอาทิตย์กับน้องกรก่อนกลับน้องบอกว่าพรุ่งนี้เจอกันใหม่นะครับ,1
หนุกไม่หนุกถามใจเธอดูมิตรภาพที่น่ารัก,1
มิชชั่นคอมพลีทในที่สุดก็ได้ปะแป้งจนได้มิตรภาพที่น่ารัก,1
ประทับใจในความน่ารักวนไปค่ามิตรภาพที่น่ารัก,1
ขอบคุณไปยังเจ้าภาพคืนนี้ให้ทั้งที่พักให้ทั้งอิ่มท้องมิตรภาพที่น่ารัก,1
พระนางเฮฮาคิมมี่น่ารักดูเอ็นดูน้องมิตรภาพที่น่ารัก,1
ความทรงจำที่ดีมิตรภาพที่น่ารัก,1
นานแค่ไหนแล้วไม่ได้สนุกขนาดนี้มิตรภาพที่น่ารัก,1
มื่อเด็กถูกจับได้ว่าวางแผนจุ๊บแก้มพี่บีมิตรภาพที่น่ารัก,1
โมเม้นน่ารักของพระนางมิตรภาพที่น่ารัก,1
หอมแก้มพี่บีหลังพระนางร่วมประมูลรูปพี่บีบาทมิตรภาพที่น่ารัก,1
มิตรภาพที่น่ารักขอบคุณสำหรับดอกไม้จากพี่สันติที่หอบมาจากชัยภูมิขอบคุณมากเลยและผ้าพันคอลายหมากเบ็งสวยจากหนูแซงบึงกาฬด้วยนะคะแต่ละคนพามาไกลมากของขวัญรับปริญญาจากเพื่อนอาสาทำถนนบนดอย,1
แสบวางแผนประมูลภาพพี่บีมิตรภาพที่น่ารัก,1
โมเม้นเขิลอายของพระนางหลังหอมแก้มพี่บีมิตรภาพที่น่ารัก,1
มิตรภาพที่น่ารักกพชีวิตณบ้านยิปซี๊ขณะที่กำลังดูดวงออนไลน์อยุ่นิ๊น้องสาวคนสวยน้องตั๊กก็นั่งสดับตรับฟังคำแนะนำไปด้วยแต่น้องตั๊กดูจบไปแล้วนะน้องตั๊กจะเปิดร้านคร้าอิอิ,1
สิ่งดีที่เข้ามามิตรภาพที่น่ารัก,1
ขอบคุณของฝากจากโคราชน่ะจ๊ะน้องแนนมิตรภาพที่น่ารัก,1
หล่อจริงหล่อจังมิตรภาพที่น่ารัก,1
มิตรภาพที่น่ารักว่าด้วยเรื่องของกล้วยและความน่ารักของคนกินกล้วยณปภาชอบกินกล้วยหอมภาคินก็ชอบกินกล้วยหอมชอบกินกล้วยเหมือนกัน,1
ชอบมากค่ะน้องเมย์ส่งมาให้เมื่อกี๋นี้ตากล้องถ่ายภาพได้สวยธรรมชาติมากมากมิตรภาพที่น่ารัก,1
บาสเดย์รักคับตลอดไปมิตรภาพที่น่ารัก,1
มิตรภาพที่น่ารักจากเพื่อนร่วมทีมและลูกค้าค่ะ,1
ขอบคุณที่เข้ามาเป็นส่วนหนึ่งเพิ่มเติมเรื่องราวดีในชีวิตมิตรภาพที่น่ารัก,1
ดีใจไม่คิดว่าจะมีรูปคู่กันอย่างวันนี้จริงมิตรภาพที่น่ารัก,1
มิตรภาพที่น่ารักรู้ว่ายังได้เจอกันอีกดึกแต่วันนี้เช้าสุดท้ายเด็กในสังกัดที่น่ารักก็ยังมากินข้าวเป็นเพื่อนทั้งที่เป็นวันหยุดเจ้ไม่อยู่แล้วดูแลกันดีนะเด็ก,1
มิตรภาพบริสุทธิ์มิตรภาพที่น่ารัก,1
เลี้ยงส่งนู๋นาปาจิงโกะมิตรภาพที่น่ารักงานเลี้ยงย่อมมีวันเลิกลามิตรภาพของเราไม่มีวันจางหายโชคดีนะเพื่อนถึงตัวจะไกลแต่ก็จะคิดถึงนาตลอดไปน๊าาจุ๊ฟจ๊วฟจ๊าฟ,1
ขอบคุณนะที่มาเป็นกำลังใจให้เค้าขอบคุณจริงที่สละเวลามาเชียร์เค้าเม้ามอยปาร์ตี้กันมิตรภาพที่น่ารัก,1
ขอบคุณทุกคนนะคะรักจุ๊บมิตรภาพที่น่ารัก,1
โลกสดใสทุกทีที่เจอะเจอกันความคิดถึงของฉันทำงานเสมอไม่เคยเบื่อสักทีที่เจอหน้าเธอโปรดรู้ไว้นะเธอคือคนสำคัญมิตรภาพที่น่ารัก,1
เก่งร้องเพลงดีมีเสน่ห์เอนเตอร์เทนเยี่ยมเป็นธรรมชาติต่างมีตัวตนที่แตกต่างแต่ลงตัวครบรสมิตรภาพที่น่ารัก,1
ความสุขในวัยเด็กมิตรภาพที่น่ารัก,1
แก๊งนี้ที่คิดถึงมิตรภาพที่น่ารัก,1
เพื่อนเกาหลีลูกที่น่ารักมากอุตส่าห์รอทั้งที่เป็นวันสอบมิตรภาพที่น่ารัก,1
ขอบคุณมิตรภาพที่น่ารักมิตรภาพที่น่ารัก,1
มือที่ปลอดภัยของคนที่ไว้ใจมิตรภาพที่น่ารัก,1
ต่างคนทำหน้าที่ของตนให้ดีที่สุดมิตรภาพที่น่ารัก,1
การให้ใจใครไปแล้วได้ใจกลับคืนมาเราควรเก็บและรักษาใจเหล่านั้นไว้อย่างดีจริงไหมมิตรภาพที่น่ารัก,1
ไม่ว่าตอนนี้เธอจะอยู่ไหนรักของฉันจะส่งไปจนถึงเธอใต้แผ่นฟ้าแห่งนี้คงไม่ไกลกว่าใจจะพบกันมิตรภาพที่น่ารัก,1
ชอบรูปบนพี่น่ารักกันทุกคนเลยมิตรภาพที่น่ารัก,1
สามทหารเสือสาวมิตรภาพที่น่ารัก,1
อย่างบอกไม่ถูกทุกอย่างอยู่ที่ตัวเรา,1
ทุกครั้งที่ได้อยู่ด้วยขิดื้อน้อย,1
ถ้าชีวิตมีแต่ความทุกข์ต้องหาความสุขใส่ตัวเรามีความสุขที่ได้อยู่กับครอบครัวลูกหลาน,1
อยู่ที่นี่อยู่ตรงนี้จะไม่มีไปไหน,1
อยู่กับลูกสองคนมันก็สิเป็นจั่งชี้ละบ้าบอบ่เคยเหงาแม่ลูก,1
มีมากมีน้อยไม่สำคัญเท่าเรากับสิ่งที่มีอนุบาล,1
ง่วงมากใช่มั้ยคะลูกนอนสบายเลยย,1
ทำบุญวันเกิดวัดเลยวันนี้อิ่มบุญแท็คแม่,1
อยู่กะแฝดน้อยเนี่ยพรุ่งนี้ทำงานแล้วนะ,1
เดินช้าอย่างมีสติดีกว่าถลำไปลึกจงหาทางออกม่ได้,1
ตำแหน่งที่ใช่คือตำแหน่งที่เรายืนอยู่และ,1
กลับจากทำงานรอรับลูกกลับจากโรงเรียนมันก็จะฟินแบบนี้แหละ,1
อยู่กะพวกนางทั้งวันไม่ค่อยเหนื่อยเท่าไหร่แค่วุ่นวายสุด,1
อาหารถืกปากทำบ่เป็นก้ล้างผักนั่งเบิ่งนู๋จะอ้วนแล้วนะ,1
ถ้ากินเหล้าแล้วยังเหงามากินเรากะได้นะ,1
เราเลือกจำเฉพาะเรื่องที่ทำให้เรา,1
กับรอยยิ้มเก่าขายบ้างไหมขายแพงแค่ไหนเราก็จะซื้อ,1
ช่วงเวลาดีเวลาที่ได้อยู่ใกล้,1
ช่วงเวลาที่มีความสุขมักผ่านไปเร็วเสมออยู่พร้อมหน้าพร้อมตาพ่อแม่ลูก,1
แวะทำบุญแป๊บนึงนะสวยมากก่อนเดินทางกลับเข้าสู่หมวดทำงาน,1
ขอบคุณสำหรับวันหยุดที่ทำให้เราได้อยู่ด้วยกัน,1
เรื่องควบโรงนี้สองเรื่องควบพิเศษสี่สิบบาท,1
ชอบจัดจ้านเผ็ดแต่แบบนี้มันโหดเกิ๊นนะเชี่ยอีคนขายทำร้ายตูชัดกิ๊นมะได้,1
จะตีแล้วค่ะหน้ายังไม่ได้ล้างเครื่องสำอางค์หายเกือบหมดจะตียังจะมาถ่ายรูปอีกหน้ากลมหน้าบานปลงแล้วจงอ้วนต่อไป,1
ทางบ้านถามก็บอกสบายดีใครถามก็บอกสบายดีแต่จริงคือเจ็บคอเหมือนจะป่วยกินยานอนดีกว่าเหมือนเรียกร้องความสนใจ,1
เก่งไหมคะกินจนน้ำหนักแล้วค่าอร่อยทุกอย่างแปรงฟันแล้วกินขนม,1
คล้ายว่าไม่มีคนสนใจเลยทำท่าบ้าก็ยังไม่มีใครสนใจอีกหมวกใครน่ารักจุงเบยประเทศไทย,1
กินข้าวคนเดียวดูหนังคนเดียวชินแล้ว,1
จารบอกไห้เอากะติกน้ำมา,1
ตัดผมตัดสิ่งร้ายออกไปจากชีวิต,1
มะวานบ่นใส่แตะกากไปทำงานตกเย็นมีคนใจดีซื้อมาให้ละบอกให้ใส่ไปทำงานเด่วขอบคุณค่า,1
ไม่ได้ขอให้ใครมารักตัดผมใหม่,1
ปิดฉากอวสานมยุรากินยาฆ่าตัวตายในละครมารยาสีรุ้งฉากนี้เทคเดียวผ่านค่ะเพราะอิโนเต็มคอทรมานจิงรัยจิงจบเคลียร์คัท,1
วันพักผ่อนนอนทั้งวันแม่บอกว่าตื่นมาพักบ้างเปงห่วงกลัวเหนื่อยไม่มั้ง,1
ชานมโคตรมุกเห็นว่าชอบกินไข่มุกแม่จัดให้เลย,1
น้องหมูหลิวโดนขโมยความรัก,1
โล่งสบายหัวมว๊ากตัดสั้นไม่ได้รัก,1
ณตอนนี้และต่อไป,1
กล่องรักลูกซินะ,1
กะให้เปิดร้านเลยดิเยอะมากจริงรึเปล่าพี่ชายแต่ขอบคุณมากครับ,1
อกหักรักตัดผมจ้าเกี่ยวป่ะว่ะ,1
น้องมันเศร้าไอเราเลยปลอบแบบหนัก,1
ช่ายบางแสนถุยแปป,1
เนื้อย่างเบา,1
ขอบคุณครับไลค์เลย,1
นู๋ผมสั้นแล้ว,1
มีคนซื้อมาให้บอกว่าเห็นกินแต่เหล้าเบียร์กินนมบ้าง,1
กินเหล้ารอคุณศิวา,1
กุ๊ดไนท์นะคะทุกคนและกราบขอบพระคุณผู้ใหญ่ใจดีจากใจจริงสำหรับที่มีคนบอกว่ามันอร่อยที่สุดในโลกตรงไหนคิดจะให้กินยันภพหน้าเลยเหรอคะที่รักจัดเต็มไปมั๊ยกราบน่ารักรักนะคะแพงนะเกรงใจน้ำตาไหลเครียดเลยรึป่าวยังสงสัย,1
ดูสิมันน่ากินม๊ายอร่อยแบบไม่ปรึกษาใครเปลี่ยนลุกบ้าง,1
อิ่มหนำสำราญกลับบ้านดีกว่า,1
ตัดผมรักกันไว้เถิดเราเกิดร่วมแดนไทย,1
เวลาเครียดจะทำอาหารกินเองวันนี้ก็เป็นหนึ่งวันที่เครียดโมโหเซ็งชีวิต,1
พึ่งตื่นรอบที่ของวันนี้ย้อมผม,1
ตัดผมไม่มีเข้ามาสักทีแอ๊บเด็กอีกครั้ง,1
ตัดจนได้,1
ว่างจัดไม่มีรัยทำตัดผมสั้น,1
ตัดผมสั้นรักอะป่าวมีคนถามจริงแล้วแค่อยากแอ๊บเด็กบ้างฮ่า,1
นี่คือยอดคะน้าผัดกุ้งหรือกุ้งผัดยอดคะน้า,1
อุ้ยหนาวจังเยย,1
กินขนาดนี้กินบุฟเฟ่ดีก่าไหมพ่อกล่าวป๊าใครหว่าน่ารักแท้พาไปกินอิอิ,1
ออกกำลังกายรักแง่ว,1
นมสดอุ่นก่อนนอน,1
กล้าพูดเลยถูกฝุดในประเทศไทยแว้ว,1
หงุดหงิดไข้ร้อนนักสุกี้้เตาแก้สจัดซะอร่อยแห้ะน้ำจิ้มแม่เด็ดโล่งเลยผักไปไหนมีแต่้ครื่องลอยฟ่องเอเคก็เอมเคเจอได้,1
คิดถึงอากาศต่ำกว่าองศาชอบอยากกลับไปเล่นสโนบอร์ดเอารูปมาคลายร้อนไปก่อน,1
ฝันดีทุกคนสรุปว่ากูผู้ชายจริงไหมคาดผมเพื่อผมมันยาวไงดูไปดูมาแม่งเท่ห์ว่ะ,1
คืนนี้เมิงกะกูเป็นหมูแช่เย็นชัวร์เปิดแม่มให้ช่ำ,1
ตัดให้ขาดเลยชับชับชับคนบ้านางตามมาติดผมสั้นโลก,1
จัดซักตั้ง,1
อารมเปลี่ยววอยากเมาปั๊วชอบนอนหันหลังให้,1
ตาต่ายน้อยของขวัญจากแม่กระปุกออมสินจำได้ให้สมัยขวบตอนนี้ยังให้แม่บอกอ้อมเมิงเก็บเงินเหอะหรือไม่โต,1
บ่นว่าหิวเวลาเรียนเพื่อนใจดีเอาสาหร่ายมาให้กินอร่อยกินคนเดวเพื่อนมองหน้าถามว่าเอาหมดกระเป๋า,1
ลั้นช์วิธฟิชผักชี,1
อย่าหักโหมนะแอมเดี๋ยวจะผอมเร็วเกิน,1
บอกแม่ค้าว่าขอถั่วลิสงเยอะเยอะนางเลยจัดให้เอ่อม,1
เปิดเทอมวันแรกเพื่อนปริ้นตารางเรียนให้ตั้ลล้าก,1
มันซื้อมาให้กูสูงขึ้นทุกวัน,1
พักสายตาเถอะนะคนดีนอนตรงนี้,1
ซื้อนมขวดแต่ดูแม่งให้หลอด,1
ตอนแรกว่าจะไม่อายพอมึงเม้นท์เท่านั้นแหละอายเลย,1
ดอกเด้วกูตบ,1
กินสองแก้วแม่มโสดโสดโสดโสดไว้สบายดี,1
ขอเสียงกรีดร้องเอ้ยเสียงปรบมือให้กับพรุ่งนี้วันจันทร์ด้วยค่าเอฟเฟ็คเสียงปรบมือรัว,1
คือทวงเนื้อลายไปประมาณรอบ,1
ง่วงก็บอกดีก็ได้ป่ะวะเดี๋ยวจะพาขึ้นนอน,1
เมื่อแบมไปกอดเนียร์มาร์คเลยนัวเนียไปกอดยูคแทน,1
พูดถึงอาบุษอีกละดี๊วสาไปดูแลพงษ์ชัยดีกว่า,1
คือพิมบอกไปว่าขอซอลเพิ่มเยอะนะคับ,1
โดนใจสุดหลังจากตามหาซื้อไม่เคยเจอเลยต้นมะพร้าวสุดหอมของฉันชอบกลิ่นนี้ตั้งแต่มีรถคันแรกใครขึ้นรถก็ต้องถามถึงขั้นต้องโทรหาลูกพี่กอฟช่วยหาซื้อให้ออยหน่อยของที่อื่นหอมแค่อาทิตย์กลิ่นก็หายนี่อยู่เป็นเดือนคะ,1
พูดกะว่าเธอมันน่าหนวกหูละดูมันตอบฉันจะรูดซิปปากค่ะ,1
ขอบคุณโชคชะตาพาให้พบกับบัดดี้ดี,1
โอ้ยซาบซึ้งจังเลอถอนคำพูดมะกี้ละ,1
อรแหน่พี่หน่องนี่ไม่คิดจะห่างพี่นุชเลยใช่ปะหน่องแหม่อรว่าแต่คนอื่นเขาไมไม่ดูตัวเองมั้งละนั่นเกาะยิ่งกว่าปลาหมึกอีกนะคู่แก,1
งานจิกกล้องแตกต้องมาสีแสบงานแต่งกัปตันธีไม่มีรูปบ่าวสาวถ่ายกันเอง,1
ชีวิตกลับสู่สามัญผมทรงแอ๊บเด็กมันได้ผลข้างบ้านบอกเด็กจนจำไม่ได้,1
นางน้อยใจนางกลัวเรารักหลานนางมากกว่า,1
รอบแรกรอบสองก็ได้ปกตินะแต่รอบสามนี่สิเอิ่ม,1
รักหรือป่าวไม่รู้รู้แต่เพ้อเจ้อมาจะสามอาทิตย์ละทิฐิมันกินไม่ได้,1
ส่งมาทั้งทีส่งมาถุงแค่นี้,1
นางยอมตื่นเช้าอีกนิดเพื่อการนี้ยอมรับว่าเปงเหยื่อการตลาดรีบแทบหน้าฟาดประตูร้านหมดหรอคราบเหลือเปงลังค่ะสาขาบ้านนอกม่ายมีครายเห่อเท่าพี่หรอกค่ะทั้งลังปะคะ,1
ณตอนนี้ตอบอะไรใครไม่ได้ทั้งนั้นไม่รู้อะไรเลยรอคุยอย่างเดียวได้อะไรกับงานนี้,1
มาเด้อตำป่าบาทแพงนะแต่ดูปริมาณอื้อยอม,1
บอกของซอลเยอะนะค่ะจัดมาเยอะจริง,1
ข้าวยำไก่แซ่บกูปะนี่,1
เรากำลังเลียนแบบท่าคนนึงค่ะ,1
บอกอยากกินช้อคโกแลตดูพี่แกทำ,1
ด้วยความที่ชอบกินเผ็ดมากเลยบอกขอพริกเพิ่มหน่อยคะเอิ่มม,1
ขุ่นพระไม่เต็มไปเลยละ,1
นานไปนะเหมือนเดิมมึง,1
สงสัยให้กินแทนข้าวขอบคุนมากน๊า,1
มันใหญ่มากโอ้ย,1
กูปะเนี่ยรองเท้าคู่เดียวใส่ถุงให้ซะใหญ่เบย,1
อากาศหนาวกับน้ำปั่นเย็น,1
เสต็กอกไก่เวฟง่ายเบาไม่มัน,1
จะดีหรอให้พอร์ชคุมกระทรวงศึกษาธิการ,1
นู๋น้ำหนึ่งดูทกันน่าดูขอให้ยิ้มนิดเดียวเอง,1
เที่ยงนี้กินข้าวกับน้ำปลา,1
ขอฟักเยอะค่ะพี่,1
นี่กูพูดถึงขนาดนี้แล้วยังไม่รู้อีกเร้อ,1
ชอบคุนนะปลาวานเชค,1
เอิ่มอิน้องฟู,1
ดูทำเข้ากันชัดไม่ให้ออกก็ทำนอนหน้าเสนอขนาดนั้น,1
ร้อนร้อนแบบนี้จัดสักแก้วมั้ยสดชื่นที่สุดเลยกดมากินกันทั้งบ้านพนักงานมองหน้า,1
สั่งขนมจีบ฿ขอกากหมูเยอะผลออกมาแบบนี้ขนมจีบหาย,1
รักแฟนนรักอุ้ยฟก,1
ให้คนงานที่บ้านตำส้มตำให้กินบอกพี่จ๋าขอเผ็ด,1
ผจสดิฉันไฮโซใส่สูทคัทชูส้นสูงหน้าสวยกันให้ตายไปข้างนึงค่า,1
หน่อยน่าแชร์หลายคนจะได้หายเรว,1
บางทีการที่สอบเลื่อนระดับได้ก็ไม่รู้ว่าโง่หรือฉลาดชอบการบ้านเยอะบังคับเราแบบอย่างกะเด็กน้อย,1
หนาวมั้ยไม่หนาว,1
งานเสริฟเเค่นี้ชิวมากไม่เเย่เร้ยย,1
สวยงามมากค่ะ,1
สวยทั้งนั้นเลย,1
ฉากหลังสวยท่านั่งโคตรกุลสตรีค่ะ,1
หน้าเหมือนกันมากเบย,1
เพื่อนเราถ่ายรูปเราได้สวยมาก,1
ถามแฟนว่าดูกันกี่รอบ,1
ทุกรอบเลยเหรอรวย,1
ใลค์กูนี่โครตอลังการ,1
เจอกันบ่อยมาก,1
แฮปปี้มันเดย์นอนพอมั้ย,1
เยอะมาก,1
ขอบคุณเจ้าของหมวกนะจ๊ะไม่ร้อนเลย,1
กินให้กับข้อสอบคณิตและชีวะค่ะ,1
ชีวิตดี้ดี,1
ผมมาต่อจากพวกคุณเนี่ยครับรอผมกลับไปก่อนนะครับพวกคุณตอนนี้ผมคิดถึงพวกคุณมากเบยอยากจะกลับเเต่เเม่งก็มันส์,1
ไม่ได้เจอกันนาน,1
ใครอ่าปลอมตัวได้เหมือนพี่แบมมากเลย,1
ตกปลาได้ใหญ่มากก,1
พรุ่งนี้สอบฟิสิกส์หรอจิ๊บสบายมากจริงจริ๊ง,1
ร้อนตัดออกให้หมดเลยเลยสั้นจุงเบยปอร์เช่ก็ไม่ได้,1
พรุ่งนี้สอบตามด้วยรายงานควิสการบ้านขอเยอะ,1
เดินมาคนเดียวดีจังเลย,1
อูมามิชัดสลัดทูน่าลดความอ้วนตรงไหนเรียกว่ากินให้อ้วนดีกว่าเพิ่มน้ำหนักครัช,1
ชิววเว่ออถรุ้ยยชีทณจุดนี้ร้องไห้แป้ปปฐานคะแนนผู้เจียมตัว,1
บ่องตงนี่ฟินเลอชีวิตดี๊ดี,1
เฌอแตมเป็นหมาที่ให้ความร่วมมือในการถ่ายรูปมากไม่ต้องบังคับไม่ต้องปลุกปล้ำเต็มใจอยู่นิ่งมองกล้องไม่ขัดขืนใดดูได้จากภาพ,1
ดูทำตัวเค้ากินหมดช้ะให้ผชหมดล้ะ,1
ตกเลยไหนก็ป่วยแล้วตกเยอะ,1
ง๊ายยง่ายย,1
กล้องสดดล้ะม้ะที่มันสวยย,1
กระจกรรก็ใสไปนะบางที,1
เหลาจะอือต่อยกันป่าว่างซะจนไม่มีเวลาทำอะไรเลย,1
ทำงานเดะลูกคนรวยเรียนต่อทำไม,1
ลูกค้าเยอะจังเลยเหนื่อยเหลือเกินงานยุ่งมาก,1
ได้คุยวันล่ะประโยคพอใจแบ้วว,1
ยิ้มให้งานทั้งหมดเลย,1
สุขใดเล่าจะเท่าทำงานวันอาทิตย์,1
อยากเรียนคิดถึงโรงเรียนแย้ว,1
ลูกค้าเยอะมาก,1
ทุกวันเรานอนตรงกลางน่ะวันนี้ต้องนอนข้างหลังสามีหราอะไรยังไงเว้นที่ว่างให้เราขนาดนี้เราคงผอมมากสิ่น่ะ,1
อารมดีรถไม่คิดเลยจริงนะ,1
วันนี้รถไม่ค่อยติดเรย,1
น้ำแก้วนี้ณแอร์พอร์ตเกือบบาท,1
อยู่ด้วยกันมาเกือบเดือนเพิ่งได้ไปเที่ยวด้วยกันครั้งแรก,1
รู้สึกว่าคอมรรไม่ค่อยจะมีฝุ่นน่ะค่ะอาจารย์,1
มอนิ่งน้ายู่รรแล้วว,1
อากาศดี๊ดี,1
ไปแล้วโน๊ตบุคมะดันคีย์บอร์ดค้าง,1
เข้าค่ายหรอผมนี่มีความสุขจาง,1
มันลดใช่มั้ยขอสองของโปรดดอาหารลดความอ้วนน,1
ใครอยู่หน้าหน้าบานเย้ถ่ายรูปทั้งวันก่อนย้ายชั้นรอบที่สองสนุกสนานจิงครัช,1
กินอิ่มแล้วเรียนต่อนี่นรกมากอ๊ะะะคำนับอาจารย์ไม่รู้กี่รอบภาษาอังกฤษทั้งเล่ม,1
แถวบ้านเรียกอวบระยะร้ายแรงแบบนี้ไม่อวบล่ะมั้ง,1
มันคือการแบบองศาชิว,1
หุหุหุหุหุมันบอกว่ารุปนี้กูสวยมากกูไม่อยากกันซีนมึงนะเนี่ยสวยมากกูเนี่ย,1
ทำการบ้านวนปค่ะตัวหนังสือสวยมากก,1
คลองกลางกรุงบรรยากาศดีมากไปเที่ยวกันชอบมากเรือหางยาวชมวิวกลิ่นหอมฝุด,1
หนาวจิงคับลำปางหนาวมากก,1
อะไรเอ่ยรูปเดียวมีคนถูกทำร้ายถึงคนด้วยกัน,1
อย่าเข้ามานะความรัก,1
อากาศจะร้อนไปนะบางทีเมื่อวานก่อนองศามาวันนี้เหลือองศาตกลงอากาศแปรปรวนหรือตรูพัง,1
ที่หนึ่งเลยค่า,1
นอนดูเนื้อคู่นอนดูฮอร์โมนสบายใจไปอีกสบายสบายสบายจริงกูเนี่ย,1
เอิ่มฉลาดขึ้นเยอะเลยค่ะต้องกราบขอบพระคุณนะคะ,1
เคมีในสายเลือด,1
อยากกินหมูกะทะทำไงดีคนที่บ้านไม่พาไปอาบน้ำเข้านอน,1
โนิทนิเงีทุแอ๊,1
ตกอีกสิคะฝนนตกลงมาอีกพี่เพิ่งเอารถเข้าศูนย์ล้างมาใหม่เอี่ยมเลยค่ะตกมาอีกค่ะ,1
อย่าว่าเก๊าเบยยรูปเก๊าเยอะวันไหนไม่เห็นรูปเก๊าจะคถ,1
สดชื่นจัง,1
องศาที่นครสวรรค์เอิ่มร้อนกว่านี้เหอะ,1
นิด้าสถาบันดีที่จอดรถเพียบวนขึ้นมาจอดชั้น,1
พี่ก๊อตตัวเป็นช่างภาพที่น่ารักมากถ่ายอะไรของตัว,1
อยู่คนเดียวสบายจะตาย,1
ขอบคุณรูปจากน้องแพทค่ะปุยจ๋าคิดถึงหนักมากยังจำครั้งแรกที่เจอนางไได้ร้วอิ้งใส่รัวสกิลยูวดีกว่าโด้ไอรับประกัน,1
แดดลำปางนี้อุ่นจิง,1
ทำงานแบบไม่มีเวลาเลิกชีวิตดี้ดี,1
ใครอยากรู้การใช้เครื่องมือการวิเคราห์ทางเคมีถามเนสได้น่ะ,1
เดินคนเดียวไม่เห็นเหงาเลย,1
ฮึบขอนาทีพี่บอก,1
คลีนมากเลยครัช,1
เห็นมีคนถามมาเยอะว่าทำไงให้ขาใหญ่อ้วนเหมือนอีฟคะอีฟมาตอบปัญหาที่สาวข้องใจคือกินมันหลังตีทานช็อคโกแล็ตมากขนมนมเนยอย่าขาดอย่าเบรกของทอดล้วนกำลังกายไม่ต้องออกค้ะกินละนอนเลยเพราะมันจะสะสมเป้นไขมันได้ดีเลยแค่ทำตามนะคะได้ผลค้ะทุกวันนี้หมาละคนรักอ้วนตามหมดแล้วค้ะ,1
กินอะไรก็หร่อย,1
เฮ้ยบวมข้างไปเลยดิจะได้มีชั้นเท่ากัน,1
ดูดู๊ดูดูนางทำของเล่นเต็มบ้านไม่เล่นเผลอแป๊บเดียวนางว่าไฮไลต์มาละเลงแก้มเลย,1
แม่งี้บอกแล้วไงว่ารอบนี้มามี๊ไปอ่านโจทย์เฉยแล้วจะรีบมาหา,1
รักกูกันจังน่ะของฝากแต่ละอย่าง,1
อากาศร้อนก็ตัดผมสิตัดเลยตัดเลยฉับฉับฉับ,1
บอกลูกว่าดูไอแพดไกลเดี๋ยวสายตาเสียดูลูกทำสิ,1
คือแบบแฟนชอบว่าแมนยูของพี่,1
หนาวมากใช่มั้ย,1
มองเห็นฉันไหมฉันถ่ายรูปตัวเองตอนอยู่ในตู้เสื้อผ้า,1
หมากล่องเอาที่นอนนู๋ไปซักจับขายสวนเบยนี่,1
กูรอดตายแล้วมะละกอเต็มต้นเล้ยลูกใหญ่คอด,1
ดืี่มน้ำจากก๊อกซะเลยแม่นุจเหรอขายน้ำแต่ไม่มีน้ำให้ลูกกินน่าสงสาร,1
ง่วงงก้ไปนอนเห้อะ,1
มาช่วยแม่ที่ฟาร์มแม่ชอบบอกว่าไม่ระวังตัวเดี๋ยวก้ดำหมดหรอกใส่แม่งให้หมดจะดำอีกมั้ยคอยดูอิอิ,1
เกรียนป่ะคับ,1
อากาศร้อนแล้วยังเจือกกินของร้อนอีกเว้ออ,1
หน้ากวนตีนสาสอ้วนมากเขานัดตีเช้าเกินไป,1
เปลี่ยนไปรักคนที่รักฉันและยอมรับที่ตัวฉันเป็น,1
หวัดกินง่อยแดกรับคริสต์มาสซดสไปร์ทน้ำแข็งแม่งเลย,1
เค้าบอกว่าหนูเป็นกระเทย,1
อีเนยแย่งไปสาปแช่งมัน,1
เสาร์อาทิตย์หนูรักคุณมาตลอดเลยค่ะตั้งแต่เป็นเด็กพกขวดนมตอนนี้พกก็ยังรักคุณเหมือนเดิมมากขึ้นทุกวันหมายถึงกูนี่ล่ะ,1
หน้าสดฝันดีพรุ่งนี้วันจันทร์แล้วหรอว๊าตูยังไม่พร้อมเลยนะไม่พร้อมลาออกแม่งใคร,1
รอไม่ไหวศูนย์ลำใยไร้กำหนด,1
ในขนาดที่กูนอนป่วยแต่แม่ส่งรูปมาแล้วกำลังจะว่ายน้ำมีความสุขจังอยากไปด้วยสอบเส็ดจะไป,1
ใครบังคับว่าอตกต้องอัพอาหารน้ำเปล่า,1
งานไม่ค่อยยุ่งหรอกแค่ใช้คอมเครื่อง,1
ยิ้มรับแดดยังยังจะร้อนได้อิก,1
อยากมีรูปคู่บ้างอะไรบ้างนี่แหน่ะทำแบบนี้ก็ได้ว้า,1
ฝนตกออกไปไหนไม่ได้ดี๊ดีเยิฟหิวข้าว,1
เบาก่อนไปยิมไดเอทกันเถอะ,1
กูหยั้งมางาม,1
น้ำหนักเสียงทะลุเอิ่ม,1
ดีมากเลย,1
มีต่อท้ายเสมอนะแปลว่ายอมเยี่ยมเริ่ดดีมากเรามักพบเห็นบนโลกออนไลน์ซึ่งฝรั่งเขาใช้เสียดสีประชันเวลาจะทำอะไรเลียนแบบแต่ทำออกมามันไม่ได้เป็นไปตามคาดตัวอย่างเช่นในรูปจะทำแต่สิ่งที่ออกมาเป็นตัวอะไรก็ไม่รู้กากเลยฝรั่งเขาก็บอกกันขำว่าเป๊ะเว่อร์อ่ะ,1
เงียบคนเดวอีกเดือนกว่าสอบสบายใจ,1
ประโยคเจ็บน่าตาดีขนาดนี้ทำไมไม่มีแฟน,1
บอกเลยน้ะถ้ากูเป็นมึงกูแม่งโครตดีใจ,1
ไม่สวยหรอกงั้นอะ,1
เห็นหน้าตาแบบนี้แต่อีกปีผมก็เรือตรีนะคร้าบ,1
คือจะหายไปเลยน่ะไม่มีอาลัยอาวรณ์หรือคำพูดสวยหรูใดทั้งสิ้นมีอไลแรงกว่าแดดอีกไม๊,1
มันไม่มีความหมายอะไรชั้นก็แค่ไปเจอผู้ชายคนอื่นเป็นปกติชั้นรั้งเทอไว้ไม่ได้แล้วเพราะฉะนั้นอย่าหันหลังกลับมา,1
ในวันที่ไม่มีใครอย่างน้อยก็ยังมีแมว,1
บัตรนรนั๊นร๊าก,1
เชียงใหม่อากาศหนาวมากหิมะตกเลยอ่าปลเสื้อผ้านี้หนาวแล้วหรอ,1
นี่เดี๋ยวจิไปชอปปิ้งที่ตามประสาคนมีตังหนะ,1
ปิ๊ซ่าาลงรูปของกินตอนกลางคืนยั่วตัวเองอิ่มมากอร่อยลืม,1
หน้าสดฝันดีพรุ่งนี้วันจันทร์แล้วหรอว๊าตูยังไม่พร้อมเลยนะไม่พร้อม,1
โคมไฟจำเป็นช่วยตูได้มากอ่ะเห้มองเห็นชัดแจ๋วเลย,1
ใจถูกทิ้งสมเป็นไงล่ะชุชิ,1
ต้องกินยาเพิ่มจากเดิมต่อมื้ออีกเท่านี้ดีใจจุงเบย,1
รักเธอนวัตกรรม,1
ยิ้มรับฟิสิกส์แสนรัก,1
เมสงามสวยอ่ะฟังชั่นลงตัวเป๊ะแน่งานนี้ตาย,1
ขอนำเสนอภาษาใหม่ของนักเรียนชั้นมที่สามารถบูรณาการภาษาไทยและอังกฤษให้อยู่รวมกันได้อย่างลงตัวเลยทีเดียว,1
กรดไหลย้อนแผลในกระเพาะจัดไปรออะไรกระชากวิญญาณสิคะ,1
คนเราพออกหักมักทำตัวไม่ดีทั้งที่รู้สึกว่าคนอื่นไม่ได้เกี่ยวรัยเลย,1
ชีวิตนี้ดี๊ดีเนาะเพราะไม่มีใครใส่ใจ,1
ชะนีสายกิน,1
ทำได้เพียงคิดถึง,1
ใครมะรู้เดินดีดดิ้งอยู่ที่ลาสเวกัสผมถ่ายรูปมา,1
เค้าสั้นตัดผมแล้วน่ะ,1
เปรี้ยวเยี่ยวเล็ดกันไปเล๊ยชอบ,1
กดซื้อเหรียญไม่คิดบัตรแม่ดึกสติไม่ค่อยอยู่กับร่องกับรอย,1
ขอบคุณแดดร้อนของวันที่และเช้าอันหนาวเหน็บของวันที่ที่ทำให้การอบรมธรรมมะวันลดเหลือนาทีและอยู่โรงพยาบาลเกือบวันและทำให้มีในวันนี้ขอบคุณครับ,1
ฟินเนสปุกาดหยุดวันนุงแม่มไม่ได้ป๊ะกันจ๊าดเมินคิถุง,1
ทานแค่นี้พอ,1
เอิ่มนิ้ว,1
เตือนตัวเองไว้เข็ด,1
บ้านมาเดทกับสามีในเดอะซิม,1
หิวมากคำเดียวเลยตอนนี้,1
กินมันเข้าไปอะไรคือดีงาม,1
เค้าเรียกอะไรไม่รู้รู้เเต่ว่ามันแพงไม่ได้เเพงธรรมดาแพงมากคาบละ฿,1
เก็บเงินไว้ซื้อบัตรคอนบาทกับบาทดีกว่าชั่วโมงแลกกับบาทชิวเน๊อะ,1
วิ่งเข้าวิ่งเข้าวันอาทิตย์ก็วิ่ง,1
ฮ่ามีบัลลังก์ยุโรปก็พอแล้ว,1
การอยุ่คนเดียวและมีเรื่องแย่ให้เราคิดพอเราคิดอะไรไม่ออกมันอาจจะทำให้เราแวะคิดในทางที่ไม่ดีหรือคิดสั้น,1
ถ้าไม่ให้หนูกินหนูจะโดดลงหม้อจริงด้วยในหม้อมีกุ้งหอยปูปลาแต่กุนจะโดดไปเป็นเนื้อหมาในหม้อด้วย,1
โม่อยากจะสื่อว่าอะไรลูก,1
มีฟามสุขกะของหย่อย,1
งานจะดีถ้ามีความสุขกินไปด้วยทำวิจัยไปด้วยคือดีอ่ะ,1
แต่พี่ขอเหล้าเข้ม,1
บางครั้งความหวานก็ช่วยให้เราอารมณ์ดีได้เหมือนกันความรักก็เช่น,1
ฉลองความฟิน,1
เทมปุระเหอ,1
หนาวนักใช่ไหมกินไอติมซะเลย,1
จะกินให้น้ำหนักขึ้นสักโล,1
ทำงานรอดูฟาส,1
ชีวิตทุ่มแล้วลงเมนูของหวานได้,1
คิดถึงจังเวลาอยู่กะเด็กมันมีความสุขแบบบอกไม่ถูก,1
ชีวิตดีคือชีวิตที่ไม่มีความทุกข์,1
ขอบคุนที่ทำห้วันเกิดปีนี้ของชัน,1
มื้อดึกคืนนี้มาเพิ่มความหวานก่อนนอน,1
ธรรมชาติที่แท้จริงหายใจเข้าลึกแล้วกลั้นใจนิ่ง,1
ยุบ้านกับหลานมันก็จะเป็นแบบนี้แหละ,1
ลงบ้างนะภาพแรกของปีกับการกินเสมือนหนึ่งว่าปีกุน,1
ไม่ได้ตามหาผู้ชายที่ดีเเต่ตามหาผู้ชายที่อยู่ด้วยเเล้ว,1
ชีวิตคนเราก็มีเท่านี้แค่กินอิ่มนอนหลับก็พอแล้ว,1
เลื้ยงกินกันกับครอบครัวสุขสันต์วันปีไหม่,1
ในส่วนของวันสุดท้ายที่อยู่บ้านนั้นไปนาไปกินข้าวนาก่นปูจนมือแตกขี้ตมเบิด,1
ไม่ต้องยืนในที่ที่ดีที่สุดแค่ยืนในที่ที่เรา,1
มีมากมีน้อยไม่สำคัญเท่าเรากับสิ่งที่มี,1
ดีใจจังที่เกิดมาพอมีหัวคิดดีอยู่บ้าง,1
ถึงจะไม่ได้ไปไหนแต่ก็มีความสุขได้เหมือนกัน,1
วันแรกของปีมีคนที่เรารักและรักเราที่สุดมาอวยพรก่อนไปทำงาน,1
เซอร์ไพร์จากครอบครัวขอบคุณนะคะดีใจมากเลย,1
ทำบุญออกพรรษากับข้าวคือปลาอยู่ในบ่อ,1
ทุกเช้าที่เราตื่นทุกครั้งที่ได้ยืนอยู่หน้ากระจกพร้อมกับลูกค้ายินดีต้อนรับนะคะ,1
มกราคมปีเต็มที่ก้าวเข้ามาอยู่ที่นี้,1
เราจะไปปล่อยเต่าด้วยกันณหาดไม้ขาวจภูเก็ต,1
นอกจากเป็นแม่ทูลหัวแล้วยังเป็นแม่บ้านด้วยนะรับสักที่มั้ยคะอยู่กับอาหาร,1
ภาพบอกความรู้สึกก็จะประมาณนี้แหล่ะค๊าการเริ่มต้นใหม่ที่ดี,1
ทำไปเพื่ออะไรไม่รู้แต่ที่ทำอยู่,1
กินข้าวอิ่มเราก็คลานออกมาคถความหลังเด้,1
ความสุขไม่ได้อยู่กับเราไปตลอดเพราะฉะนั้นต้องทำให้ตัวเอง,1
คือการได้อยู่กับครอบครัวของขวัญวันเกิดลูกชายปันโย,1
วันหยุดเราไม่หยุดชีวิตแม่ค้าทำไปอย่าบ่นเพื่ออนาคตครอบครัว,1
วันเกิดนางเลยพานางเลาะความฮาทุกครั้งที่อยู่ด้วยกันขอบคูณปีที่มีความหมาย,1
จุดหมายไม่ได้อยู่ที่ปลายทางแต่มันอยู่ล่ะหว่างทางที่ไป,1
มีความสุขและภูมิใจกับสิ่งที่เราทำภูมิใจในสิ่งที่เราทำโอเคป่ะ,1
ไม่ต้องสุดกว่าใครไม่ต้องสวยกว่าใครขอแค่ขับมันไป,1
เป็นช่วงเวลาที่ยิ้มได้เต็มที่หัวเราะได้เต็มร้อยและอ่อยผู้ได้เป็นพันอุ้ยลั่น,1
ไปไหนไปกันทุกครั้งที่ได้อยู่กับนาง,1
ถึงจะอยู่ด้วยกันแค่เวลาสั้นแต่ก็,1
มาร่วมงานบุญคนเยอะมากงานบรรพชาอุปสมบทหมู่,1
สวุสดีจ้าววันพฤหัสบดีสีแสดสดใส,1
ใครคือผู้หญิงโชคดีที่สุดก็เรานี่แหละลูกน่ารักสามีน่ารักพ่อแม่น่ารักกัลยาณมิตรดี,1
อรุณสวัสดิ์ค่ะทุกคนสุขทุกข์อยู่ที่เรากำหนดปล่อยวางบ้างอย่าไปยึดติดกับมันมากนัก,1
แค่นี้ก้พอมีแค่เราไม่มีใครอั้ยเตี้ยขี้งอล,1
ไม่จำเป็นต้องยืนอยู่ในจุดที่ดีที่สุดแค่,1
เมื่อมาถึงจุดนึงของชีวิตเราก็ไม่ได้ต้องการอะไรมากไปกว่าความสบายใจอยู่กับธรรมชาติและวิถีชีวิตที่เรียบง่าย,1
ทันป่ะเก็บตกลอยกระทงเก็บไว้ในความทรงจำ,1
กาลเวลาคือเครื่องพิสูจน์ส่วนใบมะกรูดคือเครื่องต้มยำแฮร่,1
เพื่อนเก่าบรรยากาศเดิมที่เคยอยู่นั่งคุยเรื่องเมื่อก่อน,1
จะมีสักกี่คนที่เราอยู่ด้วยแล้ว,1
เหนื่อยน่ะแต่ก็เพราะเรารู้ว่าสิ่งที่ทำอยู่เพื่อคนที่เรารัก,1
ทุกครั้งที่ได้อยู่กับเพิ่ลรักน๊ะ,1
อะไรที่เราทำแล้วมีความสุขไม่ได้ทำให้ใครเดือดร้อนก็ทำไป,1
ทริปขอนแก่นเด้อคะเด้อเช้าจรดเย็น,1
รักที่สุดก็ผู้หญิงที่ขึ้นชื่อว่าแม่คนนี้แหละแม่พากินช็อปเที่ยวไปอีกวัน,1
สุขสันต์วันหยุดค่ะสวมหมวกเรียนรู้อยู่เสมอ,1
สวัสดีจ้าพี่ตื่นยังคะวันนี้สายนี้ทำขนมหวานทานดีมั้ยคะ,1
วันที่น่าเบื่อมันน้อยกว่าวันที่เรา,1
ครอบครัวที่ใหญ่ยิ่งยังไม่ครบขาดสมาชิกอีกประมาณกว่าคน,1
ครั้งแรกที่ได้ลอยกระทงกับน้องชาย,1
ถึงแม้ว่าวันนี้เรายังทำไม่ได้ดีที่สุดแต่ถ้าเรามันก็ดีที่สุดล่ะ,1
เครียดนะเลยต้องหาอะไรที่ทำให้เรายิ้มได้,1
วันนี้พี่น่ารักถึงเราจะไม่ได้เจอกัลบ่อยสำหรับวันนี้ก็เจอกัลใหม่เดือนน่าน่ะผุ้ชายมีหนวด,1
อยู่กับธรรมชาติจนชินอากาศดีที่บ้านเราหัวเช้าฟินที่สุดก่อนไปทำงาน,1
แล้วเราจะสวยไปด้วยกันอุ่ยหน้ากากโอชิ,1
ทุกครั้งที่ได้อยู่ใกล้ธรรมชาติ,1
ไม่จำเป็นต้องเหมาะสมหรือคู่ควรที่สุดแค่เวลาอยู่ด้วยกันแล้ว,1
ขอบคุณยูนิลีเวอร์เน็ทเวิร์กที่ดูแลพวกเราดี๊ดีคะ,1
สานฝันจะเสร็จหรือไม่เสร็จอยู่ที่ตัวเรากับของเราดีกว่ามีความสุขกับของคนอื่นหรือวัตถุคนอื่น,1
เรื่องเล่าของพวกเราอยู่ท่ามกลางมิตรภาพเสมอ,1
เป็นผู้หญิงต้องอดทนผู้ชายเดินชนอุ๊ยชื่อรายคร๊ะ,1
อย่างน้อยคนที่บ้านก็ไม่เคยหักหลังหรือโกหก,1
บุหรี่ก็เลิกเหล้าเบียก็เลิกพุสาวกะเลิก,1
แอฟในโทรศัพร์สามารถทำหัยเราหัวเราะตัวเองดาย,1
วันนี้อากาศเป็นใจพาเด็กแว่นมาหมู่บ้านแมวนางบอกมาที่นี่ห้ามถ่ายหมาเพราะเรามาหมู่บ้านแมวพ่าม,1
อาหารวันหยุดกินจนพุงหลามโตมากับผักน้ำพริกกะปิ,1
น่าตากะสิเป็นแนวนี้หละน่ากินบ่,1
อย่าเอาตัวเองไปเปรียบเทียบกับใครเพราะเราก็คือเราเป็นตัวของตัวเอง,1
วันนี้มีผู้ชายเลี้ยงข้าวอิอิอิ,1
รู้เเค่ว่าอยู่ใกล้เค้าเเล้วเรา,1
ออร์เดอร์รอบนี้ปลายทางกทมคับจัดส่งเรียบร้อยนะครับ,1
สมกับคำที่ว่าที่ไหนก่มีความสุขไม่เท่าบ้านเรา,1
ชีวิตใครก็ชีวิตมันเราก็อยู่ในส่วนของเรา,1
ของที่มีค่าต้องอยู่กับคนที่เห็นคุณค่า,1
คนถ่ายก็ถ่ายไปคนทำงานก็ทำงานไป,1
ไปส่งแม่ไปอบรมแล้วก้กลับนอนรอกินมื้อเย็น,1
จงคิดถึงสิ่งสวยงามที่ยังคงอยู่รายรอบตัวและ,1
ครอบครัวพ่อเอกสิทธิ์และแม่เมย์,1
อ่านหนังสือบ้างสับเปลือกมะพร้าวไว้ปลูกเมล่อนบ้าง,1
จุดที่เรายืนอาจจะไม่ใช่จุดที่ดีที่สุดแต่ถ้ามันทำให้เรา,1
เราคือผู้อยู่เบื้องหลังคือผู้สรรสร้างเพื่อคนอื่นได้สุขสม,1
เห็นแบบนี้กะเข้าวัดเด๋อคับสาธุ,1
ที่มีแกอยู่ข้างกันเสมอเซอร์ไพรส์ตลอด,1
แค่ใจเราคิดว่ามันก็จะมีความสุขมีความรักได้ไหมใจจ๋า,1
ขอบคุณฟ้าที่มอบพรสวรรค์นี้ให้แก่ฉัน,1
ชอบเป็นผู้ให้มากกว่าเป็นผู้รับ,1
ไม่จำเป็นต้องยืนในจุดที่ดีที่สุดแค่,1
บรรยากาศดีคักบรรยากาศแบบนี้หาได้แต่บ้านเฮานิล่ะ,1
ร่ายกายไม่ใช่ของเราสิ่งเดียวที่นำติดตัวเองไปได้นั่นคือบุญกับบาปเพียงเท่านั้น,1
พ่อบอกว่าบ่คิดวาจะมีลูกเป็นลิงทุกครั้งที่กลับบ้าน,1
ทุกครั้งที่ได้กับบ้านอุดรซิตตี้,1
ทุกครั้งที่มาบริจาคโลหิตอนุโมทนาบุญนะคะ,1
ในลานธรรมร่วมสวดมนต์เย็นและฟังธรรมเทศนาพระอาจารย์จรัญอนังคโณอนุโมทนาบุญกับทุกท่านค่ำคืนนี้สาธุค่ะ,1
สภาพหลังขายของเสร็จหัวฟูปวดขาปวดแขน,1
ทุกครั้งเมื่อได้เห็นอุปกรณ์ช่วยชีวิตผู้ประสบอุบัติเหตุในเบื้องต้นที่อาตมาได้นำทุกท่านร่วมทำบุญกุศลในครั้งนี้,1
วันเด็กเขาเป็นเด็กที่ไม่ชอบไปไหนอยากอยู่แต่ในบ้านหน้าจอคอมแชตกับเพื่อนชาวต่างชาติเกมส์ที่มีสาระเป็นภาษาอังกฤษดูทีวีก็ดูแต่หนังซีรี่ที่เป็นภาษาอังกฤษ,1
ที่ได้ทำแม้มันอาจจะไม่ได้หรูหรา,1
ทีมงานผลงานผ่านด้วยดีเพียงวันเราทำได้,1
แพ็คของเตรียมไปตักบาตรข้าวสารอาหารแห้งเช้าวันพรุ่งนี้ณหมู่บ้านปรีชา,1
แบ่งปันเพื่อเพื่อนมนุษย์มีมากมีน้อยช่วยกันไปสาธุคะ,1
สุขใจทั้งผู้รับมอบอุปกรณ์การศึกษาขนมตุ๊กตาหมวกไหมพรมลให้เด็กดอยศูนย์การเรียนชุมชนชาวไทยภูเขาแม่ฟ้าหลวงตะพิโจอำเภอท่าสองยางจังหวัดตาก,1
สุขกายทั้งวันนะครับอรุณสวัสดิ์ครับผม,1
วันนี้ได้ไปไหว้พระทำบุญสายบุญก็มา,1
ก็จะมีความสุขใจหน่อยทุกครั้งที่ได้กลับมาแม่อาย,1
มาเที่ยวงานวัดใหญ่ต่อด้วยไหว้หลวงพ่อพระพุทธชินราช,1
ชีวิตที่บาล๊านซ์งานเงินครอบครัวและเวลาแม้ไม่มีข้อไหนมากมายแต่ข้างในนั้น,1
มากี่ครั้งเย็นทุกครั้งสบายใจ,1
ยามค่ำค่ะฝันดีมีความสุขตลอดคืนนะคะพรุ่งนี้วันพระค่ะอย่าลืมตื่นขึ้นมาทำบุญใส่บาตรกันนะคะ,1
อนุโมทนาบุญนะคะทำบุญสะเดาะเคราะห์,1
ทุกครั้งที่ได้เจอหน้ามีความสุขทุกครั้งที่ได้อยู่ใกล้กัน,1
แค่ได้ยินเสียงก็ยังดีน้าก็คิดถึงหนูเหมือนกันนะครับน้องข้าวกล้อง,1
ทุกครั้งที่ได้ทำบุญพอมีแรงและกำลังสู้งานคืนนี้,1
สุขธรรมในวันศุกร์สวดมนต์ปฎิบัติธรรมทุกวันศุกร์ตลอดปีตลอดไป,1
ไปส่งไม้หน่อยไม้ไปโรงเรียนแล้วไม่ร้องที่มีเราคนเก่งมากแล้วสวัสดีคร๊าฟจุฟ,1
กลับแล้วจ๊ะแล้วพบกันใหม่เกาะพะงัน,1
อิ่มบุญมากคะอิ่มท้องด้วยโรงทาน,1
นายยิ้มเพราะนายมีความสุขรอยยิ้มนายนะตตะวัน,1
เมื่อได้เจอกันทางตาเมียงไม่ครบทีมขาดสองรอบหน้าจะพาไปทั้งหมดเลยสี่พี่น้องมาเจอสมกับความคิดถึงคุยกันลั่นบ้าน,1
กลับบ้านก็ขอบคุณทุกสิ่งที่ผมได้รับนะครับ,1
ที่เรายังรักกันตี้เสร็จแร้วกลับบ้านกันคับ,1
สบายกายวันปุ๊ดความป่วยไข้จงคลายความสบายดีจงมาหาน๊าไปเท่วกันหม้ายตามมาสิ,1
ทุกครั้งที่ได้มาวัดมเหยงคณ์อยุธยา,1
ที่บ้านเรากับเขาสองคนลูกชายกะลูกสาว,1
อะหืมมางานวัดมันก็จะมีของกินแบบนี้อะมีความสุข,1
ยิ่งที่ได้มาชมพระเมรุมาศงดงามมากค่ะเป็นบุญตาของเราชาวไทยที่ได้มาชม,1
ป้อนข้าวชายฟลุคกินยังไม่เสดหลับสะแหล่ะ,1
มันก็คือความสุขอย่างหนึ่งของชีวิตพาคนที่เรารักมากินมื้อเที่ยง,1
เค้าเรียกว่าความรักความรักที่แท้จริงมันยิ่งกว่าในนิยายย,1
พอจะเป็นนางงามได้มั๊ยคะฝนธนสุนธร,1
ไหนจะเท่าพบความสุขที่แท้จริงคือครอบครัว,1
เสร็จแล้วเบอเกอร์ของเด็กเลี้ยงปีใหม่ห้องน้องคิม,1
ตื่นเช้าไปหน่อยหน้าก็จะง่วงหน่อย,1
ปีนี้สวดมนต์ข้ามปีที่วัดถ้ำเอาบุญมาฝากเพื่อนทุกคนนะคะ,1
ห่มผ้าองค์พระประธานและพระทุกองค์ในถ้ำรวมกว่าองค์,1
เมื่อลูกหลับสองผัวเมียก็ฟินกันสองเราอากาศหนาวเย็นสบายต้องย่างกุ้ง,1
เสร็จแล้วกิจกรรมทำบุญตักบาตรขึ้นปีใหม่ของเด็กมนุษย์แม่ตั้งใจลงมือทำเองเลย,1
วันว่างที่ตั้งใจเบากระเป๋าเลยกู,1
วันนี้วันปิดยอดขายเดือนกรกฎาคมค่ะยุ่งจนหัวฟูเลยจ้า,1
ภาพแรกครอบครัวนานที่จะมีกันครบ,1
สดชื่นรับพรในงานทำบุญบ้านพร้อมรวมญาติสนิทมิตรสหายจ้า,1
เข้าวัดถ่ายรูปเอ๊ยเข้าวัดทำบุญ,1
ลูกค้าที่รักอย่าลืมคิดถึงเรานะค่ะ,1
กับสิ่งที่ทำก็ทำเลยแค่นี้เล็กน้อย,1
สุขกายแต่ไม่สบายใจยังไงก็ไม่มีความสุข,1
สุขของฉันยุ่ที่ใจไม่ใช่ที่ใครทั้งนั้น,1
คนรู้ใจคือเข้าใจความรู้สึกสวัสดีวันจัทร์ปี,1
คนดื้อต้องหลอกกินข้าวจะอิ่มอย่างเดียวเลย,1
ยิ้มรับวันใหม่เบาหลังจากจบทริปกมกลับมาปั่นกมเหมือนเดิมเพิ่มเติมคือ,1
ก็มาฉลองความสำเร็จในทุกวันที่ผ่านมากันคะ,1
มหกรรมตำส้มก็เกิดขึ้นในเวรบ่ายอย่างชิวกินยาวปาย,1
จงมีความสุขกับชีวิตของตัวคุณเองโดยที่ไม่ต้องไปเปรียบเทียบกับชีวิตของใคร,1
ตื่นเช้าใส่บาตรสุขสันต์วันเกิดนะลูกสาวสองขวบแล้ว,1
เลี้ยงเค้กเด็กทั้งโรงเรียนพรุ่งนี้พร้อมแล้วนะคะ,1
วันที่ดอกไม้บานเต็มที่ความสวยก็จะสมบูรณ์,1
เอาขนมมาแจกเด็กจ้าวันนี้จะปีใหม่แล้วทำบุญกับเด็กหน่อย,1
เอาบุญมาฝากทุกคนนะคะสุขกายพร้อมรับความโชคดี,1
เค้าดาวน์กับใครไม่รู้แต่เค้ารักตัวเองอยู่ป่าว,1
ส่งท้ายปีเก่าต้อนรับปีใหม่รักกันข้ามปี,1
ดูแลเขาหน่อยเขาได้เหรียญทองมต้นเลยนะชุดใหญ่ทั้งกินทั้งห่อ,1
ผลการแสดงเท่าไหร่ไม่รู้แต่ความตั้งใจเกิน,1
งานบุญพี่ก็ไม่พลาดขอให้มีแต่สิ่งดีเข้ามาในชีวิต,1
อยู่บ้านมันก็จะสมบูรณ์หน่อยเช้าอากาศดีดีลมเย็นภายใต้ชุดนอน,1
คนเดียวก็มาค่ะวันนี้เจ็บขอจบที่พอค่ะ,1
เป็นการถ่ายภาพที่วิ่งตามรถภาพมันก็จะแบบ,1
ห่างหายกันไปนานเจอกันจัดเต็มส่งท้ายปีเก่าความสัมพันธ์ยังคงเดิม,1
เก็บภาพบรรยากาศงานปิดทองฝังลูกนิมิตวัดทัพหลวงมาฝาก,1
ไปเที่ยวกันแค่มีเราอยู่ด้วยกัน,1
ทำงานไม่ได้ก็เลยหนีกลับบ้านมาหลายวัน,1
ผู้หญิงไม่ได้ชอบคนเลวหรือคนรวยแต่ผู้หญิงชอบคนที่อยู่ด้วยแล้ว,1
สวัสดีเช้าวันพฤหัสบดีครับทุกสถานีมีแต่ความสุขครับ,1
เมื่อดาวมหาลัยชุดแดงเจอทุ่งดาวเรืองสีเหลืองทองก็จะวุ่นหน่อย,1
ไม่ต้องบอกว่าปลื้มขนาดไหนดูจากรอยยิ้มพี่สิ,1
คุนมีเหตุผลของคุนผมมีหัวใจของผมแค่นี้ก็,1
ทีได้มีเพื่อนปลใครสวยคนนั้นรอด,1
สุขอะไรก็ไม่เท่าสุขที่ใจวันศุกร์,1
ความซื่อสัตย์และความตั้งใจจะนำพาเราไปสู่ความสำเร็จ,1
เรียนรู้ที่จะรักโดยไม่หวังสิ่งใดตอบแทน,1
เลิกเหอะเช็คอินร้านเหล้ามาเช็คอินบ้านเราดีกว่า,1
ทุกครั้งที่เข้ามาเอาบุญมาฝากทุกคนจร้า,1
ทำบุญสารทไทยเอาบุญมาฝากทุกคนเลยนะคะ,1
ที่จริงเเล้วเขาไม่ใช่คนอื่นคนไกลหรอกคนนี้เขาเเค่น้องชายของผมก็เท่านั้นเองน๊าาที่สุดที่สองเราได้มาเจอกันอีกครั้งง,1
มีแต่เรื่องดีเข้ามามีแต่สิ่งดีที่เกิดขึ้น,1
มาไหว้หลวงพ่อโตสาธุร่วมกันคะอิ่มบุญ,1
กับสิ่งที่ได้ทำและการตอบรับที่ดี,1
นู๋ไม่ได้ชอบคนหล่อหรือรวยแต่ชอบคนที่อยู่ด้วยแล้ว,1
งานบุญเราก็มาสะสมวันละนิดวันละหน่อยค่ะ,1
ถ่ายรายการเสร็จต้องมาขับล้อต่อทำงานหน้ารวย,1
ความรู้มากมายที่ห้องเรียนไม่มีสอนมันอยู่ในสัญชาตญาณของเราครูหยก,1
ความสุขของผู้เป็นหลานความสุขเล็กของพ่อแกอยากไปแลเสือเสียงว่า,1
ความสุขของแม่คือการได้มองดูลูกชายกินอิ่มนอนหลับ,1
วันเด็กทั้งทีพาไปเที่ยวบ้างสิเอ๊ะยังไงที่,1
จบทริปทำบุญบริจาคสิ่งของและสมทบทุนการศึกษาให้กับเด็ก,1
อีกเดือนกว่าจะจบปีแล้วไวเนาะแปปเดียวเอง,1
สุขใดเล่าจะเท่าศุกร์เสาร์อาทิตย์เอ้ย,1
เริ่มต้นวันใหม่กับสิ่งดีทุกอย่างที่เลือกทำคิดว่ามันดีที่สุดแล้ว,1
มีความสุขมากที่ได้อยู่ด้วยกันพร้อมหน้าพร้อมตา,1
วันนี้วันพระสุขกายกันนะคะทุกคน,1
เมื่อเธอพอฉันจะรออยู่ตรงนี้ฉลองสำหรับเราเริ่มงานวันแรกมีความสุขอยากกินอะไรกิน,1
กิจกรรมวันเด็กสุขสันต์ปีรู้คิดรู้เท่าทันสร้างสรรค์เทคโนโลยี,1
ทุกครั้งที่เข้ามาเอาบุญมาฝากทุกคนจร้าสาธุ,1
ยิ้มฉันยิ้มได้มากกว่าทุกครั้งแววตาที่แสนมีความสุขมันเกิดจากใจที่สุขจิง,1
มาเยี่ยมญาตินางสวยนางคอยาววิถีชีวิตชนพื้นเมืองความเป็นอยู่ที่เรียบง่าย,1
ทำบุญแค่ไหนที่มีนายเข๋งในวันที่เราไม่เหลือใครเริ่มต้นใหม่หางานทำขอให้มีแต่สิ่งดีเข้ามาในชีวิตด้วยสาธุ,1
วันนี้ตื่นแต่เช้ามารอใส่บาตรตุ้ใหม่รูปวัดบุญภาคสบายใจมีความสุข,1
ต้องแชร์ไว้ทำท่าออกกำลังกายทั้งคาร์โอและบอดี้เวทชุด,1
ของขวัญวันวาเลนไทน์มอบด้วยใจกับ,1
บอกไปว่าคนนี้คือผัวฉันแท๊กเพื่อนมาดูผัวเร็ว,1
ทำไมน่ารักจังทำไมถึงน่ารักกว่าชาวบ้านเค้า,1
เมื่อขายได้ทั้งไทยและต่างประเทศ,1
พยาบาลแจงพยาบาลสาวสวยรพวิชัยยุทธคับ,1
ช่างนี้เสพติดแต่สิ่งดีมีประโยชน์,1
กีต้าร์วีทำสิ่งนี้ก็ได้ใจไปเต็มเลยน่ะสิ,1
ข้าวเหนียวขนุนหวานมันอร่อยชื่นใจหน่อยอร่อยจริง,1
ถ้าหลัวทั้งหลายจะโดนคลื่นซัดซะขนาดนี้นะ,1
เภสัชเขียวที่รักขายวันนี้รวยวันนี้,1
ไปมหาลัยทั้งได้เรียนรู้ทั้งได้มองสาวสวยหมวยอึ๋มเต็มเลย,1
นุ้งปรีทำไมถึงได้เซ็กซี่มากขนาดนี้สวยมาก,1
เกาะฮอร์สชูในเกาะสวยทริปทะเลหัวใจมรกตประเทศพม่า,1
น้องลูกพีชพยาบาลสาวสวยน่ารักรพจุฬาลงกรณ์สภากาชาดไทยคับ,1
ปาฏิหาริย์ไม่ได้อยู่บนท้องฟ้าแต่อยู่ในตัวของเราทุกคน,1
แล้วคุณจะหลงรักกระเป๋าเพื่อสุขภาพบ่าที่ดีต่อกายและ,1
ผู้หญิงมีแก้มมีเหนียงนมเล็กมักจะน่ารักขึ้น,1
งามดีไซน์เฉียบแต่งห้องรับแขกกันไม๊คะ,1
ปลโฟกัสที่หัวใจนะไม่ใช่ที่คนส่ง,1
การมีใครสักคนที่อยู่เป็นกำลังใจให้กันและกันเสมอมันเป็นเรื่องที่,1
อ้วนก็บ่นผอมก็ว่าอะไรคือพอดีน้องล่ะเอาใจไม่ถูกจริงคะขุ่นพี่ข๋า,1
ถึงไม่ได้รวยแต่ก็มีความพยายามอยากก้าวไปข้างหน้า,1
ถ้าชาติหน้ามีจริงขอให้เราเกิดมาเป็นผัวเมียกันนะกูมโน,1
ส่องภาพความหล่อวัยเด็กน้องริววชิรวิชญ์,1
เฮียเจฟเป็นคนน่าฟัดเอ้ยยน่ารัก,1
ไม่ได้เลือกเพราะดีกว่าใครแต่เลือกเพราะ,1
อากาศเป็นใจนั่งจิบชาไปในคืนพระจันทร์เต็มดวง,1
ในที่สุดในที่สุดก็สูบคลิปนี้จากมาได้,1
รับสมัคกิ๊กตำแหน่งสนใจทักแชทเรย,1
ดูแล้วน้ำลายสอของจริงใครไม่เปรี้ยวปากนะให้มาตีหน้าเลยมีความแซ่บจริง,1
จัดชุดใหญ่สิครับรอไรหมดไปแค่เองจี๊บ,1
บรรยากาศกำลังดีเลยครึกครื้นไปด้วยชาวต่างณริมโขง,1
มารับลูกชายตามฤกษ์ที่หลวงพ่อสินเมตตาดูให้,1
ได้หมดถ้าสดชื่นต้นข้าวบอกกลับแระลงได้,1
เริ่มต้นวันใหม่ตามไปดูรีวิวบ้านหลังนี้กันที่บ้านก็สวยบ่อปลาก็งามแค่เห็นก็รู้สึกเหมือนได้ไปบ้านพักตากอากาศเลยมองเพลิน,1
นักเรียนโรงเรียนนี้ทำดีเพื่อพ่อหลวง,1
อู้วพุธล้าวนับถอยหลังกำลังจะเริ่มต้น,1
เห็นนางเงียบยอดเพียบนะจ้ะเย้จบไปอีกหลังวุ้ว,1
สิ่งร้ายที่ผ่านมามักจะมีตามมาเสมอ,1
ชีวิตไม่มีคำว่าสายเกินไปสำหรับการเริ่มต้นใหม่กับ,1
สำหรับคืนนี้บอกได้คำเดียวว่าเฮงกำลังจะเริ่มต้น,1
จัดส่งเรียบร้อยจร้าาออเดอร์วันนี้ใครก็รักสุขภาพ,1
ความสุขคนทำงานของผมคือผลงานที่เป็นรูปธรรม,1
บางทีถ้าเราหยุดตามหาสิ่งที่เราตามหามันจะมาเอง,1
เทศกาลแห่งความสนุกเริ่มต้นสิ่งใหม่,1
ทำบุญไหว้พระขอพรจงเข้ามาในชีวิตและครอบครัวของเรา,1
จงเข้ามสิ่งร้ายจงหายไปรักนะจุ๊บ,1
วันสุดท้ายของปีแล้วจะเข้ามาก็ยังทัน,1
สิ่งไม่ดีจงลอยออกไปจงลอยเข้ามา,1
สวัสดีปีใหม่ค่ะทุกคลร่ำรวยเงินทอง,1
จะปีเก่าปีใหม่ชีวิตก็เหมือนเดิมสุขหรือทุกข์อยู่ที่เรากำหนดยิ้มต้อนรับปีใหม่,1
อาจจะดีก็ได้ใครจะไปรู้ดีเท่าตัวเราขอบคุณนะคะดูกันไปยาวเน้ออ,1
ชีวิตไม่จำเป็นต้องดีที่สุดเก็บไว้เป็นกำลังใจสิ่งร้ายเก็บไว้เป็นบทเรียน,1
จุดหมายปลายทางไม่สำคัญเท่าเรื่องราวระหว่างทางเกิดขึ้นได้เสมออยู่ที่เราเชื่อ,1
ขอบคุณครอบครัวที่น่ารักและมิตรภาพดีที่ยังมีอยู่,1
หลังจากออกกำลังยามเช้าสูดบรรยากาศก่อนการอบรมวันแรกสดชื่นสมองปลอดโปร่ง,1
ทิ้งสิ่งเก่าที่ไม่ดีไว้กับปีนี้แล้วรอรับสิ่งดีในปีใหม่บุญนั้นคือความสุขบุญนั้นคือความสบายใจคิดถึงบุญกุศลที่ได้ทำไว้คิดถึงทีไรก็สบายใจทุกที,1
สวดมนต์ข้ามปีกันค่ะปีหน้าจะได้เจอคนดีงานดีสาธุรับอนุโมทนาบุญร่วมกันนะคะ,1
วัยรุ่นสายบุญเอาบุญมาฝากอนุโมทนาบุญร่วมกันนะครับสิ่งร้ายจงผ่านไปจงเข้ามาสาธุสาธุสาธุ,1
มือนี้แกงเขียวหวานไก่ทอดหมูยอเหนื่อยแต่สนุกและมีความสุขกับสิ่งที่ทำ,1
ให้ปีเป็นบทเรียนและเป็นการเปลี่ยนแปลง,1
บุญกระฐินเลี้ยงทานปีนี้ก็ผ่านไปด้วยดีอีกครั้งรับส่วนบุญส่วนกุศลร่วมกัน,1
ลอยลอยกระทงเรื่องดีจงเข้ามาเรื่องร้ายจงออกไปจากชีวิตด้วยเถิ๊ดด,1
สงสัยได้ฤกษ์เปลี่ยนรถใหม่จุ๊บกันเบาผิดแค่เราเกิดมาเตี้ยไปหน่อย,1
มาทำบุญไหว้พระบริจาคโลงศพไถ่ชีวิตโคกระบือ,1
อยากสวยต้อนรับดีไหมทักมาเยยน้า,1
แบ่งปันความรู้สู่น้องนู๋การเรียนรู้ไม่มีสิ้นสุด,1
เราควรยืนในที่ที่มีค่าและมีความสุขดีกว่า,1
สวัสดีวันพุธสีชมพูจงรักษาความอ้วนดั่งเกลือที่รักษาความเค็ม,1
กล้าโชว์ผิวสดไลฟ์สดไม่ขาวจริงจะทำป่ะ,1
ความแตกต่างกับการได้กินนิวควีน,1
ลมหนาวอยุ่กับครอบครัวมีความสุขสุดฝีมือยายอร่อยฝุด,1
ช่วงนี้ชอบมีคนเปย์อย่าเพิ่งคิดเทเค้านร้ามอนิ่งคราฟ,1
สาวน้อยอาหมวยเก้าเดือนวันกับเด็กขี้สงสัย,1
พี่น้องเขาหลับแข่งกันรักมากทั้ง,1
ธรรมชาติสวยงามมากโอกาสที่หาได้อยาก,1
สวัสดีแสงอาทิตย์ยามเช้ากินลมชมวิวทุ่ง,1
ภูทับเบิกอยากย้ายบ้านไปอยู่บนดอย,1
อยากนอนแต่งานมันดันสุขสันต์วันเสาร์,1
งานเลี้ยงต้องมีวันเลิกลายามเช้าตรู่,1
ใบไม้เริ่มเปลี่ยนสีดั่งใจคนเริ่มเปลี่ยนไป,1
ส่งความคิดถึงไปพัทยาเสร็จแล้วเราก็มากินส้มตำกันคนที่ทะเล,1
ลมหนาวพัดมาวอยทำให้ใจลอยคิดถึงคนไกล,1
เก็บภาพสวยก่อนจะกลับไปซุกตัวอยู่ในผ้าห่ม,1
ความสุขไม่มีค่างวดแต่เป็นสิ่งที่เราสร้างเองได้และเห็นผลลัพท์ที่จิตใจ,1
สวัสดีเช้านี้ที่พัทลุงถ้าจะดีกว่านี้มีออเดอร์รัว,1
เบื่อแล้วเป็นเสืออยากเป็นเหยื่อให้เสือขย้ำ,1
มอร์นิ่งเช้ายามสายสวัสดีวันอาทิตย์สีแดง,1
การเรียนเช้านี้ก็เช่นกันง่อว,1
ให้มันเป็นสีชมพูบ้านโพธิ์สวัสดีโซเซียล,1
โรงเรียนของเราน่าอยู่ต้นไม้เยอะ,1
ที่สวยที่สุดไม่จำเป็นต้องมาจากคนที่สวยที่สุด,1
ที่มาจากความในใจที่มากด้วยความสุขรับถ่ายภาพน้ะ,1
ของคุณคือความสุขของเราเด็กดื้อรักน้องเมลคับ,1
คือสิ่งที่ใช้สร้างมิตรภาพโดยปราศจากต้นทุน,1
สัญญาจะทำให้ยิ้มแบบนี้ไปเรื่อยมีทริปดีไปตลอดปี,1
ของเธอคือความสุขของฉันวันว่างของเราสองคน,1
ขอบคุณทุกคำอวยพรนะค่ความสุขความทรงจำที่ดีสู้ต่อเพื่ออนาคต,1
แห่งความสุขวันนี้เราจะยิ้มไปพร้อมกัน,1
ที่พี่ส่งไปไม่สะเทือนใจบ้างเลยหรอ,1
ต้นขาไม่เรียวแต่รักเดียวนะเธอฮ่า,1
ทำทุกอย่างที่ใจรักและความสุขมันจะเกิดคืนนี้ไลฟ์สดน่ะค่ะราคาถูกมากบอกเลย,1
ดอกเหลืองอินเดียดอกใหญ่กำลังบานสวยรอบที่ทำงาน,1
จัดมาตัวแรกที่ได้คือปลาหมอเทศยักจาก,1
ทดสอบฝีมือหน่อยยังแม่นเหมือนเดิมนี่หว่าตัวที่ตัวที่ตัวที่,1
ตลอดปีสวัสดีปีใหม่จร้าแลกของขวัญอบอุ่นชิว,1
ความน่าฟัดก็มาน้องนามิขี้เหม็นรักนางที่สุด,1
ตื่นเช้ามาได้กินกินอิ่มนอนหลับแค่นี้ชีวิตก็สุขสุดแล้ว,1
เติมความหวานวันละนิดชีวิตจะได้,1
วันละสามรูปคอหนักต้องค้ำไว้เซตเท้าคาง,1
หยุดแบบนี้อยู่กับหลานไปดิสดชื่น,1
จะอยู่ที่ไหนมุมไหนพระจันทร์ก็ยังคงดวงเดิม,1
ผลลัพท์ที่เกิดขึ้นหลังจากวันที่ผ่านมา,1
ก้อนเมฆสวยมากการเริ่มต้นใหม่กำลังจะเกิดขึ้นสู้เด้อสู้,1
เลิกงานแพ็คของส่งของรับตังค์กลับบ้าน,1
ระหว่างที่รอน้ำนมกลับมาเหมือนเดิมรื้อสต็อกอันน้อยนิดมากินแก้ขัดก่อนน่ะ,1
งมหามงคลราศีนี้วันพระจันทร์สีเลือดชะตาชีวิตพลิกจากร้ายกลายดี,1
สุดในโลกหมอลักษณ์ฟันฉับแล้วราศีเดียวจะมีโชคลาภส่งท้ายปีเก่าจากการเสี่ยงโชครีบเช็คด่วน,1
ขอโทษด้วยนะค่ะพอดีชอบอวดหน้าสดคะ,1
หัวเหม่งเด็กชายขนสั้นตัวเล็กอนาคตจะไปอยู่กับคุณแม่ตาลล่ะน๊าา,1
สาวสวยเซ็กซี่เจ้าของร้านแฮร์พีชที่จตุจักรอุบล,1
ความสุขของพ่อคือการเห็นลูกมีความสุข,1
เช้านี้ที่โซนซีสดชื่นจังบ้านพาราไดซ์,1
ขอขอบคุณอี๋จุงมากนะคะสำหรับชุดชุด,1
ฟ้าใสจะไปช่วยน้าขายส้มตำจ้า,1
ตามสั่งมีพ่อครัวใหม่มาช่วยค่ะวันนี้,1
กะหล่ำปลีทอดน้ำปลาไหนอ่ะกะหล่ำ,1
บ่นว่าร้อนเข้าไปนั่งเล่นชิวในตู้เย็นดีกว่าแม่แอนติดแอร์ด่วนน,1
วันนี้อัญชันครบเดือนแล้วยินดีด้วยนะ,1
ลูกอิสานของแท้เรื่องส้มตำไว้ใจนาง,1
คนโสดว่าแต่วันหยุดไปเที่ยวไหนดี,1
มาแล้ววิทยาลัยเทคโนโลยีภูมิพิชญ,1
เช้านี้ลูกสาวมาบอกมอนิ่งตื่นเช้าเนอะอากาศกำลังดีเรย,1
สวัสดีเช้าวันจันทร์คับบารมีแห่งองค์หลวงพ่อโตวัดบางพลีใหญ่ใน,1
วันหยุดอีกวันวันนี้น้องเดินสายทำบุญแต่เช้าอาจจะตอบช้าหน่อยนะคะ,1
วันอาทิตย์ความสำเร็จไม่ได้อยู่ที่ปากแต่อยู่ที่มือทำอาชีพช่างลุยงานต่อ,1
อยู่ไห้มีความสุขสนุกกลับสิ่งที่ทำ,1
ขอไห้ต่อไปนี้ชีวิตข้าพเจ้าพบแต่ความสุขความเจริญ,1
เช้าวันจันทร์รวยหรือจนอยู่ที่ลงมือทำจริงหรือเล่น,1
ตื่นเช้าทานเม็ดเป็นประจำเห็นผลแน่นอน,1
กินข้าวก่อนไปรรด้วยนะฮักเพิ้นผุเดียวอยู่แบบนี้กะเค้านานนะ,1
มีความสุขกับวันหยุดพักผ่อนกันนะจ๊ะ,1
งเริ่มต้นเดือนแห่งความร๊ากร่ำรวยกันน๊าวันนี้,1
งานเช้าเราก็มีนะขอบคุนนะคร้าา,1
จ้ารับอรุณยามเช้าภัตคารบ้านทุ่งสุขใดเล่าจะเท่าอยู่กับคนที่เรารักและรักเรา,1
อยู่ไหนก๊อไม่มีความสุขเท่ากลับบ้านเราคิดฮอดเด้ออ,1
ไม่มีอะไรสำเร็จถ้ายังไม่ได้เริ่มทำ,1
ที่รักปีแล้วนะที่รักที่เราลอยกระทงด้วยกันรักอยู่ด้วยกันแบบนี้นานนะที่รักรัก,1
ร้ายไปก็อยู่ยากดีมากก็อยู่ไม่ได้,1
งวันจันทร์ที่สดใสคร้าออเดอร์มาเลยค่ะความสวยรออยู่,1
ตอนเช้าด้วยความที่นางฮอตฉันต้องซื้อกับตัวแทนมาทาน,1
จร้าวันนี้เอาความผอมมาเสริฟจร้ารับความผอมกันไหมค่ะ,1
ทุกคนนทำไมมันหนาวอย่างนี้เนี่ยย,1
สวัสดีทุกคนจะไม่กับหลังถ้ายังไม่ได้ดี,1
นี่หน้าหนาวใช่มั้ยใครก็ได้บอกที,1
เพื่อนทุกคนวันนี้ทำงานอย่างมีความสุขสดใสตลอดวันกันเลยนะจ๊ะ,1
ซันสกรีนปกป้องแสงแดดควบคุมความมันบนใบหน้า,1
ยาทาเล็บคุณภาพสีสวยแห้งไวติดทนนาน,1
หลงรักโดยไม่รู้ตัวแต่ที่ชัวคือเราตั้งใจ,1
ความสำเร็จไม่มีขายถ้าอยากได้ต้องสร้างเอง,1
เจอคันนี้ที่ใหนโบกได้นะครับเตรียมออกขายแล้วขายดิบขายดีเด้อมื้อนี้,1
ทำงานวนไปกับสภาพอากาศที่เย็นมาก,1
มีความสุขตลอดวันนะครับคนเห็นโพส,1
กับเช้านี้ที่สดใสกะดอกไม้ที่สวยงามหน้ารักอิอิ,1
มาวันแรกกับนอนอยู่มาเกือบเดือนดูความแตกต่าง,1
อดทนอีกนิดสู้ไปด้วยกันอีกปีก็เป็นไทยล่ะฮึบ,1
ขอบคุณคะที่ตื่นมามีโอกาสดีรอเราเสมอ,1
เก็บวนไปทำวนไปสิคับความจนมันกล้วเฮงเฮงนะคับ,1
กำลังขนเสาไปสร้างบ้านที่นาเอ้าอึ๊บ,1
ความฝันของคนเราไม่มีวันหมดอายุจงหายใจเข้าลึกแล้วพยายามอีกครั้ง,1
น้ำยาล้างกระจกกะลังเดินทางมาวันศุกรถึงคับคนที่โอนต้งมารอแปปนะคับ,1
ตื่นเช้ามาก็รีบไปหาเลยสิ่งเล็กที่เรียกว่าความสุข,1
นานทีเล่นตื่นแหละไปไหนจ้าว่ามาเช็คอินเลยอิอิ,1
วันนี้พาลิงสามตัวมาสวัสดีตอนเช้านมีความสุขนัยวันทัมงานน่ะงับ,1
วันนี้เบี้ยวงานหนึ่งวันนะคะช่วยเอฟซื้อของส่งเตาพรุ่งนี้งานด่วนฮึบ,1
นางอึดแนวเล่นพริ๊มดดแสนดีบ่ได่แกล้งเด้อ,1
เช้านี้ที่อุตรดิตถ์พร้อมรับออเดอร์จร้า,1
หนาวหยั่งงี้ครีมของเรานอกจากทำให้ผิวชุ่มชื่นแร้วยังได้ความขาวอีกนร้า,1
ไม่รุ้ว่าสิ่งที่มีมันดีพอรึยัง,1
เช้านี้ตื่นมารับทรับรับทองกันจร้า,1
ช่วงเวลาของความสุขมักจะเร็วเสมอ,1
กับเช้าวันเสาร์ที่สดใสอากาศมันจะหนาวหน่อยน้อ,1
ยามเช้าครับรูปไม่หล่อพ่อไม่รวยใครจะมาสนใจร้ะ,1
อากาศหนาวเริ่มมาแร้วคิดถึงคนกอดจังคิดถึงความรู้สึกเก่า,1
วันนี้ไปวิ่งจะอยู่เฉยทำไมความจนมันหน้ากลัวเพื่อครอบครัว,1
แคปชั่นไม่มีไปวันฮ่าฮ่าฮ่ากุ้งถังเล้งแซ่บ,1
อยู่ดีอยู่เฉยก็มีคนไม่ชอบขี้หน้า,1
ตึ้งว่ากั๊ดเเอ่ถึงว่าไม่ผอมซักที,1
ปากไม่เคยหยุดมันก็จะบวมหน่อยอะนะ,1
บริษัทนี้วันนี้เขาเลี้ยงขนมจีนอีก,1
ความรู้สึกบางอย่างลักษณะมันคล้ายอากาศมองไม่เห็นสัมผัสไม่ได้แต่ก็ต้องหายใจเข้าออกทุกวันขาดไม่ได้,1
พรุ่งนี้จะไปแบ่งปันความรักให้เด็กที่ราชบุรี,1
ที่ทำไปไม่สูญป่าวแค่นี้ก็มีกำลังใจทำงานแล้ว,1
ฉันต้องคู่กับเธอมีเพียงแต่เธอแค่เธอเท่านั้น,1
รื้อห้องแล้วบังเอิญเจออันนี้ที่ยังมีเพลงอยู่แน่นเอี้ยดเกือบปีแล้วเอามาเปิดฟังทำให้หลายเหตุการณ์ย้อนกลับมา,1
ถึงสยามตอนหกโมงคนพลุกพล่านต่างยืนนิ่งยืนตรงน่าฉงนต่างชาติดูต่างชาติเห็นถึงกับงงเรายังคงเคารพในเพลงชาติไทย,1
คนที่เข็มแข็งที่สุดคือคนที่ยอมรับตัวเองในช่วงที่อ่อนแอที่สุดได้,1
แล้วเราก็เดินทางมาถึงวันสุดท้ายของปีอีกแปปนึงก็จะเริ่มต้นปีใหม่แล้วนะ,1
ธันวาเข้าวัดมกรากลับบ้านเข้าวัดกุมพาเข้าวัดมีนากลับบ้านเข้าวัดความสุข,1
คืนวันที่มีตลอดมาชั่ววันอาจผ่านพ้นไปเวลายาวนานสักเท่าไรเป็นเพียงความทรงจำที่ฉันและเธอเคยมีต่อกันแค่เพียงความทรงจำที่เคยที่ฉันและเธอเคยมีต่อกันทุกวันดีดีที่มีต่อกัน,1
เรื่องที่ลำบากในวันนี้มันจะกลายเป็นเรื่องสนุกที่น่าพูดถึงในอนาคตนะอาจารย์โซล่าอย่าเพิ่งท้อล่ะ,1
อย่าเอาประสบการณ์แย่ในอดีตมาตัดสินเรื่องอนาคตเลยนะชีวิตเราไม่ใช่วิดีโอมันไม่ย้อนกลับมาเล่นซ้ำตลอดไปหรอก,1
พฤติกรรมแต่ละคนแตกต่างกันอยู่ที่จะแสดงออกมาในรูปแบบไหนเฟคหรือจริงเพ้อหรือพยายามจะยังไงก็แล้วแต่เดินทางตรงที่ถูกต้องดีที่สุดแล้ว,1
ใช้เวลาที่มีทำให้กันม่จำเป้นต้องเป้นวันสำคัญแค่ทำทุกวันให้,1
สิ่งที่อันตรายที่สุดไม่ใช่ใครหรอกความคิดตัวเธอเองนั่นแหละที่ทำร้ายเธอลองมองโลกในมุมใหม่ดูสิ,1
ไม่ว่าผ่านไปนานแค่ไหนเพลงนี้ก็ยังคงเจ๋งอยู่ตลอด,1
เพลงคุณชุณมันดีมากดีมากดีมากไม่ได้ขายของแต่มันดีจริงอ่ะยกให้เป็นประจำวันนี้,1
ไม่น่าย้อนกลับไปดูรูปเก่าเลยแต่มันก็ยังทำให้เรายิ้มได้นะ,1
หลายครั้งที่ผ่านตรงนั้นหลายครั้งที่หยุดมองยังสะท้อนภาพบางตอนชัดเจน,1
ปีใหม่นี้อยู่กับซีรีย์ไปค่ะซิส,1
อยากจะลืมเรื่องราววุ่นวายในชีวิตเรื่องราวที่ยังวนเวียนทำให้คิดถึงวันนั้น,1
ในวันที่ท้อแท้เปิดดูรูปในกระเป๋าทำให้มีกำลังใจมากยิ่งขึ้น,1
น้ำตาไม่ได้ช่วยให้เราลืมแต่ช่วยให้เราเข้าใจอะไรมากขึ้น,1
สวัสดีบางกอกลงดอยเข้ากรุงอีกทีแล้วสินะ,1
กูเกิ้ลไม่ใช่คำตอบของทุกอย่างความรู้สึกต่างหากคือคำตอบของทุกสิ่ง,1
อยากอ่านหนังสือดีสักเล่มแต่ลืมคิดไปว่าหนังสือแต่ละเล่มก็มีดีต่างกัน,1
สิ่งที่ดีที่สุดสำหรับเราไม่ใช่เงินทองแต่คือคนที่คอยอยู่เคียงข้างเราตลอดเวลาที่เราท้อหรือเราเหนื่อย,1
เมื่อไรที่มีโอกาสดีจงรีบคว้าไว้เพราะคนที่เค้าไม่มีโอกาสและเค้าอยากได้โอกาสแต่ไม่ได้ยังมี,1
ลูกค้านัดคุยงานบอกหาร้านกาแฟตอนทุ่มนี่บอกร้านเลยค่ะเค้าเปิดยันลูกค้าคนสุดท้าย,1
ของวันนี้คือยำมาม่าที่อร่อยและใส่หอยแครง,1
อะไรที่เราเคยอยากทำแต่ไม่ได้ทำถ้ามีโอกาสก็กลับไปทำมันซะ,1
ใช้เวลาที่มีทำให้แก่กันไม่จำเป็นต้องเป็นวันสำคัญแค่ทำทุกวันให้รู้สึกดีฮิ้วรู้สึกเป็นที่รัก,1
แค่เพียงความทรงจำที่ฉันและเธอเคยมีต่อกัน,1
เป็นเพียงความทรงจำที่ฉันและเธอเคยมีต่อกัน,1
เที่ยววันจันทร์ต่อวันอังคารให้ทายว่าหนูจะนั่งบัสไหน,1
เนิ่นนานแสนไกลที่ผ่านไปเก็บไว้ที่ใจให้เราคิดถึงกัน,1
ชีวิตคือการเดินทางค่ะใช้ชีวิตให้สุขสนุกสนานทุกวันนะคะ,1
ทนได้ก็ทนทนไม่ได้ก็ต้องทนเพราะเราต้องผ่านมันไปให้ได้,1
บางทีก็อยากตะโกนออกไปให้เธอได้ยินนะว่าฉันคิดยังไงกับเธอ,1
ความทรงจำที่ฉันและเธอเคยมีต่อกัน,1
ยืนมาชมเพื่อวงนี้เลยสมกับที่รอคอย,1
ขอให้มีแต่วันสุขวันสุขวันสมใจไม่ว่าวันอะไรก้สุขใจทุกวัน,1
ในส่วนของอินโทรนี่โลโม่ทำไว้ได้ดีแต่พอเริ่มร้องเท่านั้นแหละส่ายหัว,1
เป็นเพียงความทรงจำที่เคยที่ฉันและเธอเคยมีต่อกันเพียงแค่ลืมเวลาที่คุ้นตา,1
ไม่ได้เชื่อฟังมากแต่ก็เชื่อทุกที่บอก,1
มีเพียงความทรงจำที่ฉันและเธอเคยมีต่อกัน,1
ขอบคุณทุกสิ่งดีที่เข้ามาทำให้ผ่านหนึ่งปีที่เลวร้ายมาได้ขอบคุณสําหรับ,1
เสียงดนตรีปรุงใจให้อ่อนโยนความรักก็เช่นกัน,1
แจบอมกับมิโนนี่ตั้งแต่งานเอสบีเอสละหนีไปเต้นด้วยกันคราวนี้เดินกอดคอกันกลับอีก,1
คิดอะไรพูดอะไรทำอะไรก็ขอให้เป็นสิ่งดีต้องเกิดขึ้นแน่นอน,1
ปีใหม่แสงแรกภูชี้ฟ้าการเริ่มต้น,1
ทั้งที่ผิดก็ยังรอคอยก็ยังคิดถึงเรื่อยไป,1
ไหลไหลไหลจงไหลออกไปจงไหลเข้ามาชีวิตไหลรื่นการหางานไหลรื่นครอบครัวไหลรื่น,1
เหลืออีกวันก็จะก้าวเข้าสู่ปีใหม่ปีมะเมียเรามาทำอะไรส่งท้ายสิ้นปีกันเถอะ,1
คืนนี้คือการเห็นภาพน้ำตาจะไหลภาพสมัยมย้อนกลับมา,1
ปากกาแท่งไหนที่มันติดดีดีเราก็ไม่อยากให้มันหมดไปเหมือนกับที่เกิดขึ้นกับชีวิตเราก็ไม่อยากให้มันจากเราไปเหมือนกัน,1
ที่เราเดินออกมาจากชีวิตเขาไม่ใช่เพราะเราไม่รักเขาหรอกแต่เราแค่อยากให้เขาเจอแต่เท่านั้นเอง,1
กิจกรรมชาวเหนือตอนนี้คือตี๋ข้าวหรือที่เรียกว่าฟาดข้าวทุกคนต่างมาช่วยเหลือซึ่งกันและกันบ้านนี้เสร็จไปช่วยบ้านโน้นต่อ,1
เช้าวันนี้เริ่มต้นด้วยกันนะจ๊ะ,1
เพียงแค่ลืมเวลาที่คุ้นตาแค่เพียงความทรงจำที่เคย,1
ขอบคุณฟ้าที่ให้เจอกับเธอที่แสนดี,1
การกดรีเพลย์เป็นเรื่องปกติของมาลินี,1
เธอขีดทางให้ตัวฉันได้เจอกับรักที่ฉันตามหาตั้งแต่เธอเข้ามาก็พบเจอแต่สิ่งดีดี,1
กฏของกระจกคือสะท้อนกลับมากฏของเวลาคือการไม่ย้อนกลับมาอย่าปล่อยให้สายเกินไป,1
คืนวันที่มีตลอดมาช่วงวันอาจผ่านพ้นไปเวลายาวนานสักเท่าไรเป็นเพียงความทรงจำ,1
เธอทำให้รักให้รู้ว่ารักแท้เป็นอย่างไร,1
กราบไหว้พระพุทธชินราชพระวิหารหลวงพระพุทธชินราช,1
แต่สุดท้ายก็พบในความจริงที่แตกต่างในความหมายเมื่อฉันได้รู้จักเธอเพิ่งจะรักใครเป็นเมื่อหัวใจมันมีเธอ,1
บางทีการเหลียวกลับไปมองความทรงจำทำให้เรามีกำลังใจที่จะทำให้พรุ่งนี้เป็นวันที่ดีกว่า,1
ใช้เวลาที่มีทำแต่สิ่งดีดีให้กันไม่จำเป็นต้องเป็นแค่ทำทุกวันให้,1
แต่ก่อนนั้นไม่เคยเข้าใจว่าความรักที่แท้เป็นไงคิดง่ายง่ายไปวันวันคิดว่ารักคงเป็นเพียงคิดถึงกัน,1
ทำในสิ่งที่รักถึงเเม้จะไม่ถนัดก็ตาม,1
อยามีความกล้ากล้าคิดกล้าทำนอกกรอบบ้าง,1
ฮาโหล้วตลาดนัดตอนเช้าคือถิ่นสวรรค์,1
ก่อนที่เราจะยอมแพ้และถอยหลังกลับลองคิดดูว่ามันยากแค่ไหนกว่าจะมายืนอยู่ตรงจุดนี้ได้,1
เธอคือสิ่งดีในชีวิตฉันขอบคุณที่มีกันและกันอยากบอกว่าฉันรักเธอเหลือเกิน,1
หากไม่มีกลางคืนหิ่งห้อยก็คงเปล่งแสงให้เราดูไม่ได้หากไม่มีอุปสรรคเราก็คงไม่มีวันใช้ขีดความสามารถของเราถึงที่สุด,1
อย่ามัวแต่อยู่กับเทคโนโลยีมากเกินไปมองรอบข้างบ้างว่าเกิดอะไรขึ้น,1
ก่อนที่เราจะยอมแพ้และถอยหลังกลับลองคิดดูว่ามันยากแค่ไหนกว่าจะมายืนอยู่ตรงจุดนี้ได้เก็บไว้คิด,1
ป้าโอปแซ่บลืมพูดเลยอย่าลืมไปซื้อกันน่ะค๊าบ,1
อยากนอนก็อยากป่ะอยากฟังเพลงก็อยากป่ะเลือกสักอย่างป่ะ,1
ถ้าเราเชื่อมั่นว่าเราทำได้เราก็จะทำได้,1
เราจะเลือกที่จะอยู่กับปัจจุบัน,1
ฉันเชื่อในตัวเทอเทอล่ะเชื่อในตัวเองมั๊ย,1
ขอบคุณคะลุงมันเป็นเรื่องที่คนอื่นไม่เคยทำไม่เคยเข้าใจแต่แฟนเก่าเขาจะเข้าใจจุดนี้ของเราดีนะเลยลืมไม่ได้สะที,1
เตรียมตัวระวังแก้วกำลังจะแตกเพล้ง,1
หากคุณยังอิจฉาคนอื่นคุณก็จะไม่มีความสุขจงพอใจในสิ่งที่ตัวเองเป็น,1
เรื่องไม่ดีที่ผ่านมาปล่อยมันไปยิ้มให้กับปัจจุบันดีกว่า,1
มองปัญหาให้เหมือนกล้องยิ้มสู้ชูสองนิ้ว,1
ก็อยากไม่มีความรู้สึกอยู่หรอกนะ,1
หลับนิดเคลิ้มหน่อยแล้วลุมาสู้ต่อ,1
การเหลียวกลับไปมองความทรงจำทำให้เรามีกำลังใจที่จะทำให้พรุ่งนี้เป็นวันที่ดีกว่า,1
ทำให้คนเป็นคนดีเพราะได้ขึ้นสวรรค์,1
ดอกไม้ดอกหนึ่งถ้าคุณชอบคุนจะเด็ดมันแต่ถ้าคุณรักคุณจะรดน้ำไห้มัน,1
แม้เค้าจะทิ้งไปนานแสนนานแต่สิ่งที่เหลืออยู่ก็คือความทรงจำที่มีแต่เค้าแล้วเราไม่มีวันลืมมัน,1
มีพบก็ต้องมีจากอยู่ที่ว่าวันไหนเมื่อไหร่เท่านั้นเอง,1
ความเชื่อใจคู่เอาใจใส่เวลาจะไม่เปลี่ยนคน,1
ยิ้มรับให้ทุกอย่างลบล้างวันเมื่อวาน,1
เวลายาวนานเท่าไหร่เป็นเพียงคทรงจำเพียงแค่ลืมเวลาที่คุ้นตา,1
ไม่ได้คิดอะไรไว้เพราะพรุ่งนี้คือนาคต,1
ความคิดเป็นสิ่งที่ห้ามกันไม่ได้จงยอมรับความคิดเห็นของผู้อื่นด้วยไม่ใช่ยึดความคิดตัวเองเป็นหลัก,1
วันเวลาผ่านไปย้อนกลับมาใหม่ไม่ได้แต่สามารถทำปัจจุบันให้ดีได้ถ้าคุณตั้งใจในสิ่งที่ทำ,1
อาจมีบางวันที่เราต้องห่างไกลให้เธอรู้เอาไว้ในใจของฉันจะไม่เปลี่ยน,1
การร้องไห้ไม่ได้เป็นการแสดงความขี้ขลาดแค่เป็นการแสดงความรู้สึก,1
อยากกลับไปบ้าดารานักร้องเป็นติ่งเหมือนเก่านะจะได้มีอะไรให้ทำได้พูดคุยเรื่องที่ชอบได้เจอเพื่อนที่น่ารักแถมจะไม่เหงาด้วย,1
นี่ใช่ไหมที่เรียกว่ารักที่เกิดจากคนสองคนสิ่งดีเล็กแต่ให้ความสุขล้นเกินจะอธิบาย,1
ความผูกพันความเข้าใจต่างคนต่างไว้ใจกันและกันต่างเรียนรู้ต่างให้ความสําคัญเกิดเป็นความสัมพันธ์ที่เราไมเคยรู้,1
เวลายาวนานสักเท่าไหร่เป็นเพียงความทรงจำที่ฉันและเธอเคยมีต่อกัน,1
ไม่คิดจะไขว่คว้าแล้วเมื่อไหร่ล่ะจะเจอมัน,1
มอบรอยยิ้มให้คนข้างแล้วมาดูกันว่าวันนี้จะมีอะไรบ้างยิ้มให้คนขายชาได้ชาสีชมพู,1
ไม่มีเวลาเลยวันนี้แต่ก็นะเหนื่อยแต่ก็ทำให้เรารู้ว่าเรายังมีแรงทำต่อไปไหว,1
ขอบคุณความคิดบวกที่ทำให้เราอารมณ์ดีและมีจิตใจที่เบิกบาน,1
พุทธคริสต์อิสลามพราหมณ์ฮินดูลล้วนแต่สอนให้ทุกคนเป็นคนดี,1
ดูแลตัวเองให้ดีดีแล้วเดี๋ยวก็จะมีคนดีดีเข้ามาดูแลเราคิดบวก,1
วันอาทิตย์ที่ธันวาคมพศแรมค่ำเดือน,1
ถ้าคุณอยากมีพลังบวกของชีวิตมากขึ้นคุณก็ต้องอยู่กับคนที่มองบวกมากกว่าคุณเพราะคนพวกนี้จะทำให้คุณมีกำลังใจในการใช้ชีวิต,1
ตอนดูทีเซอร์เราก็คิดแบบนี่ละค่ะ,1
วันนี้วันพระทำดีพูดดีรักษาใจให้บริสุทธิ์,1
สำเหนียกไว้เลยครับให้เกียรติผู้อื่นคือให้เกียรติตัวเอง,1
การงานอาจจะมีการโย้กย้ายหรือเปลี่ยนแปลงก็อย่าคิดอะไรมากทำให้ดีที่สุดเป็นพอ,1
หลายท่านทวีตแสดงความดีของตนเองรัว,1
ความสบายใจเกิดจากวิธีคิดคิดดีคิดบวก,1
ไม่มีคำว่าสายเกินไปสำหรับการก้าวตามฝัน,1
หยุดเอาตัวเองไปเปรียบเทียบกับคนอื่นแต่มองตัวเราเองจากสิ่งที่เรามีสิ่งที่เราเป็นจริงจะดีกว่านะเราว่า,1
นั่นสินะจะได้มีแรงเดินหน้าต่อไป,1
เราเองก็มีดีอย่ายอมแพ้ตั้งแต่ยังไม่เริ่ม,1
หัวใจเเกร่งเด็กสาวสู้ชีวิตถูกพ่อเเม่ทิ้งรับจ้างหาเงินส่งตัวเองเรียนเเละเลี้ยงดูลุงที่พิการ,1
จงเป็นผู้ที่คิดดีพูดดีทำดีเพราะเป็นเครื่องการันตีถึงความดีตัวเรา,1
ทุกอย่างก็ดีแม้จะเจ็บหรือเจอเรื่องไม่ดีแต่ถ้าเราคิดดีโดยการให้กำลังใจตัวเองคุณก็จะกลายเป็นคนเข้มแข็งเมื่อเจออุปสรรค,1
คิดแต่เรื่องดีพูดแต่เรื่องดีทำแต่เรื่องดีเดี๋ยวใจจะใสเอง,1
มอนิ่งวันหยุดเราไม่หยุดรับออเดอร์,1
ยอมลำบากในวันนี้แล้วสบายในวันหน้าดีกว่า,1
ทำในสิ่งที่ดีแล้วสิ่งดีจะย้อนกลับหาเราเอง,1
มองมุมกลับแล้วก็ปรับมุมมองคิดต่าง,1
ความสะอาดในจิตใจจะเป็นเครื่องรางคุ้มครองตัวเราเอง,1
รอน่ะพลังบวกยิ่งอยู่ใกล้ยิ่งรู้สึกดี,1
ต้องรู้สึกดีและการกระทำที่ดีจะค่อยตามมา,1
เข้าพรรษางดเหล้ามุ่งเข้าแต่วัด,1
วันพระทำบุญที่วัดใกล้บ้านวัดที่เราคุ้นเคยเรียนเชิญมาสวดธัมมจักให้ต่อเนื่องตลอดฤดูกาล,1
แล้วแต่โชคชะตาฟ้าลิขิตกะส่ำนั่นละคาฟ,1
แต่งกายงามตาวาจางามใจจิตบริสุทธิ์สดใสถวายแด่องค์พระพุทธา,1
วันเข้าพรรษาซึ่งตรงกับวันแรมค่ำเดือนทำบุญตักบาตรรักษาศีล,1
ที่จริงแล้วการเปลี่ยนแปลงต้องเริ่มจากตัวเองก่อนเริ่มที่คนอื่นอย่ามัวแต่โทษสิ่งรอบข้างเริ่มจากตัวเราเองก่อน,1
ห้ามขายเหล้าวันทางศาสนาให้ไปวัดนะจะปกป้องเรา,1
ทำบุญถวายสังฆทานวันอาสาฬบูชาอนุโมทนาบุญร่วมกันนะค่ะ,1
คิดดีทำดีแล้วคิดดีจะตามมาขออโหสิกรรมให้เจ้ากรรมนายเวรสาธุ,1
ทำบุญไหว้พระให้อาหารวัวทำบุญโลงศพสาธุ,1
พระเจ้ายุติธรรมเสมอให้สมองชาญฉลาดแต่ก็ดึงสุขภาพดีคืนไปคิดถูกที่ให้นางเรียนหมอเพื่อทำประโยชน์ตอบแทนคนอื่น,1
วันเสาร์ที่กรกฎาคมตรงกับขึ้นค่ำเดือนปีระกาวันนี้เป็น,1
บานรับทุกสภาวะไม่ว่าจะแดดฝนเหมือนดั่งชีวิตคนดิ้นรนกันต่อไป,1
วันศุกร์ที่มิถุนายนตรงกับแรมค่ำเดือนปีระกา,1
แม่บอกว่าอย่ามองหาแต่ความผิดคนอื่นจนมองไม่เห็นความผิดตัวเอง,1
ททมาโนปิโยโหติผู้ให้ย่อมเป็นที่รัก,1
รวมใจกันสวดมนต์แผ่เมตตาให้โลกนี้สว่าง,1
ทุกปัญหามีทางออกเสมออยู่ที่เราจะเลือกทางออกหรือจะจมอยู่กับมัน,1
วันนี้วันพระสาธุค่ะทำดีพูดดีปฏิบัติดีต้องมีซักวันที่เราต้องได้ดีสาธุรู้สึกมองโลกในแง่ดีที่,1
เข้าใจละทำไมเค้าถึงกลับมาดังได้ขนาดนี้เพราะเชื่อมั่นในความดี,1
อย่าให้ใครมากำหนดว่าเราเป็นอย่างนู้นเป็นอย่างนี้เราไม่ทำให้ใครเดือดร้อนมันก็ดีแล้ว,1
สวัสดีวันจันทร์ขอให้เจอแต่สิ่งดีกันนะคะถ้าเกิดมีเรื่องขุ่นเคืองอะไรในใจก็รีบสลัดมันออกไปให้เร็ว,1
ศรัทธาอย่างไม่มีเงื่อนไขศรัทธ่อย่างมีสติรู้สึกได้รับพร,1
อาจจะจงใจแสดงให้เห็นเช่นนี้เพื่ออะไรบางอย่างหรือป่าวได้เพิ่ม,1
คือของขวัญล้ำค่าที่บอกว่าเรากำลังคิดอะไรหากเราจะอารมณ์ดี,1
วันพระใหญ่ขอให้ต่อไปนี้เจอแต่เรื่องดี,1
เอาบุญมาฝากค่าทุกคนสบายใจได้ทำบุญวันนี้วันดีอย่าลืมปล่อยสัตว์นะคะ,1
วิ่งนานมันเหนื่อยอะเน้อไม่เป็นไรนะประตูนี้ทำไม่ได้ไปทำประตูอื่นก็,1
ถ้าเราเชื่อว่ามันดีมันก็ต้องดีสิ,1
ขอเป็นกำลังใจให้สารวัตรชุมพรคุณทำถูกแล้ว,1
ใครจะว่ายังไงไม่รู้แต่เราเชื่อว่าน้องสรคือหนึ่งในคนที่เราสามารถเรียกว่าไอดอลได้เต็มปาก,1
ทำดีตั้งใจทำงานไม่ใส่ร้ายใครไม่ใช่สักแต่จะพูดแค่นี้ก็เพียงพอแล้วกู๊สไนท์,1
จงหาจุดยืนให้ตัวเองเพราะมั่วแต่ตามรอยคนอื่นเราจะไม่มีรอยเท้าเป็นของตัวเองจงศรัทธากับเส้นทางที่เราเลือกแล้วก้าวเดินไปด้วยความทระนง,1
พรุ่งนี้พูดดีทำดีชนคนที่เรารัก,1
พูดดีทำดีย่อมได้ดีสวดธรรมจักกัปปวัตตนสูตร,1
ทุกวันได้บุญทุกวันสวดมนต์เป็นนิจจิตแจ่มใสสวดวนไปจบ,1
ความอ้วนไม่เคยทำร้ายใครอร่อยดีกินต่อไป,1
ทำงานทั้งวันก็ดีนะจะได้ไม่มีเวลาไปสนใจอย่างอื่น,1
รำลึกวันช้างไทยช่วยกันดูเเลเขากันนะครับ,1
ยิ่งนานยิ่งเห็นยิ่งนิสัยนะเออวะต้องอยู่แบบสตรองในทุกที่เลย,1
อาวุธมิได้มีไว้เพื่อข่มเหงใครหากแต่มีไว้เพื่อปกป้องทำดีก็ขอให้บุญรักษา,1
จะสามสิบละจะคิดจะทำอะไรก็ทำค่ะ,1
เมื่อเจออุปสรรคหรือปัญหาอย่ามัวแต่ก้มมองหมกมุ่นกับปัญหาแค่ลองเปลี่ยนมิติการมองคุณอาจเจอแสงสว่างที่สวยงาม,1
วิ่งคู่สร้างสุขภาพสะสมรอยยิ้มภรรยา,1
หากสิ่งที่ทำเป็นสิ่งที่ดีก็จงทำต่อไป,1
ธรรมะมีให้ใช้ถูกกาละเจอคนพาลมีอำนาจต้องใช้ปัญญาสวดมนต์อธิฐานขอบุญเก่าในตัวเกิด,1
แคร์เฉพาะคนที่ควรแคร์สนใจเฉพาะคนที่ควรสนใจ,1
วางเรื่องราววุ่นวายภายนอกทำใจเราให้นิ่ง,1
เช้านี้ให้ตัวเราหรือยังรักตัวเราให้มากเรารักตัวเองได้ทันทีชั่วโมงยิ้มให้ตัวเองโอบกอดหัวใจเราเอง,1
อย่าลืมช่วยซื้อช่วยเหลือครอบครัวทหาร,1
เริ่มต้นด้วยการก้จะพาเราไปสู่ความสุขที่ดีทักทายชาวเฟซยามบ่ายขอให้มีความสุขในวันทำงานนะครับ,1
คิดดีทำดีพูดดีแค่นี้ได้ดีแน่นอน,1
พรสามประการที่ทำให้ชีวิตเป็นสุขโดยไม่ต้องไปขอจากใครสร้างความสุขด้วยตัวเราเอง,1
ต่อให้มีแฟนกูก็จะชอบเพราะกูเชื่อว่าสักมันก็ต้องเลิกกันฮ่าฮ่าฮ่า,1
ก็ได้บุญแล้วสะสมสติในทุกวันละความเป็นตัวกูของกูขอให้บุญนี้ส่งถึงผู้ที่ได้เห็นได้อ่านได้รู้แจ้งในธรรม,1
ทำดีทำโดยไม่ต้องมีใครมาบอกคอยดูเราการกระทำ,1
เชิญพุทธศาสนิกชนทำบุญที่วัดใกล้บ้านหรือวัดที่ท่านคุ้นเคย,1
เสื้อผ้าอาภรณ์สิ่งภายนอกไม่ได้บ่งบอกถึงจิตใจภายในของคนปีใหม่เจอแต่สิ่งดีมีความสุขถ้วนหน้า,1
การรอคอยมีค่าเสมอถึงไม่ได้ตามที่หวังแต่ก็สอนให้อดทน,1
ถ้าอะไรมันก็จะดีสู้นะเป็นกำลังให้,1
ปลอบตัวเองหลับในอ้อมกอดของจักรวาล,1
เมื่อเวลาผ่านไปเราจะรู้ได้ว่าอะไรสำคัญ,1
ที่เขาไม่ตอบบางครั้งเน็ตบ้านพ่อเขาอาจโดนตัดก็ได้,1
บริจาคผ้าถุงดำให้ปชชยืมเพื่อใส่สักการะพระบรมศพ,1
การทำสิ่งใดก็ตามขอให้มีสติเสมอ,1
ถ้าเราจะกลัวอะไรทำดีต่อไปตัวเราเท่านั้นที่รู้,1
ลูกจะสอนพวกเขาให้เป็นคนดีแบบที่พ่อสอน,1
เหนื่อยนักยังไงก็ต้องทำเข้าไว้นะ,1
โอกาสที่ได้จากคนที่เรารักควรจะทำให้มันดีไม่ใช่ว่าโอกาสจะมีใหม่ได้ตลอด,1
น้อมนำคำสอนขององค์สัมมาสัมพุทธเจ้ามาปฎิบัติ,1
ดีเห็นด้วยอย่างแรงทำเพื่อตัวเองบ้าง,1
ดีนะที่ทำงานเสร็จพอดีเหลือแค่เช็คความเรียบร้อย,1
จากนี้จะเป็นคนใหม่แล้วนะสัญญาทุกคำพูดที่ออกจากปากล้วนออกมาแต่สิ่งดีดี,1
สิ่งไน๋เกิดขึ้นแร้วสิ่งนั้นย่อมดีเสมอ,1
การกสร้างความรู้สึกดีเสมอมาเติมพลังใจด้วยการคิดดีกันนะคะ,1
ตั้งใจเรียนรีบทำงานเลี้ยงแม่บ้างแม่เลี้ยงมาจนโตเป็นควายแล้ว,1
อุปสรรค์คือบททดสอบที่ดีจะต้องฝ่ามันไปให้ได้,1
โตแล้วต้องคิดให้มากกว่าพูดบางทีคิดจนไม่ได้พูดแต่ก็ดีกว่าพูดแล้วไม่คิดเนอะงงไหม,1
กัลยาณมิตรคือทั้งหมดของพรหมจรรย์,1
ทำดีทุกวันไม่ว่าจะวันไหนสวัสดีวันพฤหัสบดี,1
เริ่มต้นวันแรกของสัปดาห์ด้วยรอยยิ้มที่สดใส,1
ไม่ว่าอยู่ที่ไหนเราก็สามารถมีความสุขได้ด้วยการ,1
สวัสดีวันหยุดงดเหล้าเข้าพรรษาทำบุญลดละกรรมปลูกต้นไม้ให้ป่า,1
พรุ่งนี้วันพระเชิญชวนสมาชิกในครอบครัวไปสังสมบุญที่วัดใกล้บ้านหรือวัดที่เราคุ้นเคยกันนะคะ,1
ชีวิตคนเราน่ะมันไม่มีอะไรมากหรอกแค่สิ่งดีก็จะเข้ามาเอง,1
คิดเหนือคิดเอาชนะก็แพ้และเหนื่อยตั้งแต่เริ่มคิด,1
เป็นความรู้สึกที่ว่ามีแฟนก็อวดไปเถอะแฟนไม่รู้จะมีให้อวดไปถึงเมื่อไร,1
เรื่องต่างที่เกิดขึ้นในชีวิตเกิดจากความคิดกฏแห่งแรงดึงดูดดีมากค่ะดูให้จบนะคะ,1
ถ้าเขาอยากอยู่กับเราจริงคงทำทุกวิถีทางที่ทำให้เราได้อยู่ด้วยกัน,1
วันนี้วันพระทำดีพูดดีนะคะและทุกอย่างจะดีเองบ้านโรงโป๊ะตตะเคียนเตี้ยอบางละมุง,1
ไม่มีอะไรแย่ไปกว่าความคิดแย่ของเรา,1
บางทีก็คิดว่าคนที่ประสบความสำเร็จอาจไม่จำเป็นต้องเรียนสูงเสมอไป,1
จงสร้างเสริมความแข็งแกร่งโครงข่ายความคิดบวกให้สมอง,1
คนที่สำคัญที่สุดคือคนที่อยู่ตรงน่า,1
เผื่อใครอยากได้รายละเอียดการเรียนปโทเกาหลีศึกษาจุฬามโซลนะ,1
ทำดีทำได้แต่อย่าทำจนกลายเป็นทำร้ายตัวเองรู้สึกเจ็บปวด,1
ตังแต่วันนี้ะงดเหล้าเพราะทำลายเซลล์สมอง,1
ปล่อยวางกับทุกอย่างนะคะทำดีพูดดีชีวิตดีดี,1
คนที่ควรจะได้รับสิ่งดีคือคนที่น้อมรับสิ่งดีเข้ามาหาตัว,1
เริ่มต้นใหม่ปีใหม่นี้และตลอดไป,1
ใครจะคิดยังไงก็ช่างขอแค่เราคิดดีก็พอ,1
ตราบเท่าที่เรายังคงหายใจเราต้องดีใจที่มีอะไรทำเยอะแยะ,1
ความสวยไม่คงที่ความดีสิคงทนความสวยสะดุดตาความดีสะดุดใจ,1
เป็นกำลังใจให้น้ำหวานนางเก่งและมีทางไปต่อแน่นอน,1
เดินหน้าไปเถอะอย่าท้อเพราะคำคน,1
พูดดีทำแต่สิ่งดีชีวิตจะมีแต่ความสุขค่ะ,1
ราศีสิงห์ในช่วงนี้จะมีดวงเป็นซุปตาร์,1
วันนี้วันพระสวดมนต์ไหว้พระถือศิลกันนะครับ,1
ยิ้มสร้างมิตรเศร้าสร้างทุกข์ร้ายสร้างศัตรูรู้สร้างปัญญาเมตตาสร้างอภัยความเข้าใจสร้างคนดี,1
ลองมองโลกในมุมที่แตกต่างดูบ้างแล้วเราจะเห็นสิ่งที่เหมือนเดิมไม่เหมือนเดิมอีกต่อไป,1
สร้างบุญดีกว่าสร้างบาปนะจ๊ะทำดีแค่นี้ก็พอแล้ว,1
สวัสดีวันพุธวันฝนตกวันที่ไม่น่าลุกจากเตียงไปทำงาน,1
สวัสดีวันนี้วันพระจากอินเดียพุทธคยาเป็นบุญเป็นกุศลไม่เบียดเบียนใคร,1
ทำไมงานก็ยุ่งเครียดก็เครียดแต่ทำไมถึงยังมีความสุข,1
ถ้าอยากมีความสุขก็อย่าเอาความทุกข์มาใส่สมอง,1
ใครหวังดีกับเราคนนั้นแหละที่รักเราอยู่ที่ว่าเค้าจะรักเราแบบไหนและเราจะรักเค้ามั้ย,1
ส่งความเสี่ยวส่งความเสี่ยวก่อนนอน,1
อีกหนึ่งเหตุผลที่รักเธอเธอทำให้ฉันอยากเป็นคนที่ดีขึ้น,1
เครียดเพราะคิดวนสับสนเพราะคิดมากลำบากเพราะคิดนานเบิกบานเพราะ,1
คืออยากเอาโทสับเข้าไปเล่นในห้องน้ำได้ไงพาวเวอแบงค์ก็ไม่มีคงต้องไปขอร้องให้พ่อทำปลั๊กไว้ในห้องน้ำให้แล้วแหละ,1
ถ้าวันนี้ถูกต้องก็ไม่ต้องกลัวพรุ่งนี้,1
ฉลาดที่จะคิดฉลาดที่จะพูดฉลาดที่จะทำฉลาดที่จะใช้ชีวิต,1
โชคดีนะที่อ้วนไม่งั้นคงปลิวไปกับลม,1
ถ้าเราลบความทรงจำได้แล้วจะเหลืออะไรเป็นบทเรียน,1
ไม่มีอะไรจะทำร้ายเธอได้เท่ากับเธอทำตัวของเธอเองรักตัวเองให้มากสุดท้ายก็มีแค่เรากับเงาเท่านั้น,1
ดีชั่วอยู่ที่ตัวทำสูงต่ำอยู่ที่ทำตัว,1
สวัสดีเช้าวันพระค่ะสิ่งดีจะเกิดกับตัวเรานะคะ,1
คือพรที่ดีที่สุดสำหรับชีวิตย์ลองเริ่มต้นแล้วชีวิตจะเปลี่ยนไป,1
อนาคตดีดีสร้างได้ด้วยตัวเราเอง,1
จริงเราเปลี่ยนความคิดใครไม่ได้แต่เราสามารถเปลี่ยนความคิดของเราได้ทำดีคงพอแล้วณจุดนี้,1
ฟังให้มากพูดให้พอประมาณจะพบพานสิ่งที่ดี,1
บางครั้งก็อยู่ที่เรามองว่าเรามองมันในแง่ไหน,1
คิดแบบใดก็จะได้คุณภาพชีวิตแบบนั้นพูดดีทำดีชีวิตก็ดีตาม,1
น่าฟังมากค่ะได้คุณอนันต์อัศวโภคินให้โอวาทแก่พนักงาน,1
ถึงจะทำงานผิดพลาดแต่ทุกงานก็จะทำให้มันดีที่สุด,1
ลุกขึ้นจากเตียงนอนแล้วมาเปิดไฟให้อนาคตดีกว่า,1
จริยธรรมมันต้องมีกันทุกคนทำดีอะไรมันก็ดีเอง,1
วันนี้จะรีบกลับบ้านไปอ่านหนังสือ,1
หมดศรัทธาในความรักแต่มั่นใจในอนาคต,1
คิดเล่นถ้ากูตายหลายคนก็ต้องเสียใจงั้นก็ไม่ตายดีกว่า,1
ท่าที่เรามีที่เราเป็นนี้ก็คือสิ่งที่จะนำเราพบแต่ความสุขแล้ว,1
คิดดีขอบคุณสำหรับทุกคำอวยพรนะครับขอให้สิ่งดีเกิดขึ้นกับทุกคนนะครับ,1
มีคนเคยบอกว่าเปลี่ยนความคิดชีวิตเปลี่ยน,1
คนทุกคนล้วนปะปนกันไปเชื่อว่าไม่มีใครมีทุกข์ได้ตลอดเวลาหรอก,1
แม้ผิวบอบบางแพ้ง่ายรักษาฟื้นฟูดูแลบำรุงผิวมีปัญหาเราคือ,1
คุณค่าธรรมชาติเพื่อผิวสวยของคุณทุกเพศทุกวัยจริงจร๊า,1
พืชไทยจากธรรมชาติอย่างใบบัวบกมีประโยชน์กับผิวมากรักษาสิวสิวหนองและร่องรอยของสิวให้หายเร็วขึ้น,1
ถ้าป่วยแลเวจะอ้อนขนาดนี้นะมีสุขคือชื่อหมา,1
ใช้เป็นประจำทำให้ผิวแน่นนุ่มเนียนรูขุมขนบนใบหน้ากระชับขึ้นผิวจึงเรียบเนียนแต่งหน้าก็ง่ายดายขึ้นไม่ต้องโบ๊ะ,1
ดีใจได้ดริปได้สนทนาได้เห็นรอยยิ้มของคนดื่มความสุขของช่างคั่วกาแฟอยู่ตรงนี้นี่เอง,1
เบลนด์ในความเห็นของนักดื่มขอบคุณและอนุโมทนาด้วยค่ะเรายังคั่ว,1
ลูกค้ารุ่นเดอะทำบุญร่วมชาติกันเด้อ,1
อยากตื่นมานั่งเล่นแบบนี้ทุกวัน,1
ชีวิตคนเราไม่มีใครดังนั้นในยามเวลาที่เรามีทุกข์ยังมีความสุขรอเราอยู่เสมอ,1
ตอนมีก้ดีนะเเต่ตอนนี้เราอยุ่คนเดียวเเบบไม่มีใครเลยมันดีกว่า,1
ดูเดอะสตาร์มาปีมีแค่สองคนที่เค้าโหวตให้คือเจ้หมายเลขกับบิ๊กหมายเลขแปดและเป็นแชมป์ทั้งคู่,1
อย่าให้ความสำคัญกับคนอื่นมากเกินไปแคร์ความรู้สึกตัวเองดีที่สุดปล่อยว่าแล้วสมองจะโล่งจนเลิกคิดไปเอง,1
สบายใจไม่มีใครแย่งกินกินเป็นอยู่ตัวเดียว,1
เค้าคงเป็นแฟนกันแหละฮื้อน่ารักเห็นเขาพูดขอบคุณทั้งที่นี่ไม่ค่อยได้ช่วยไรก็ปลื้มใจข่าไก่ผู้หญิงถึงผู้หญิงมากข่า,1
สีของเสื้อไม่ได้บอกว่าเราหรือแต่รอยยิ้มกำลังบอก,1
วันนี้ที่นั่งกินข้าวมันดีจริงข้างบอมไม่มีคนนั่งมุมมันใช่นี่มองบอมบับถ้านางสึกได้คงสึกแล้ว,1
กรี้ดคืนนี้มีฟิคให้เสพรู้สึกไก่ผู้หญิงถึงผู้หญิงจังค่ะ,1
ช่วยกันนะพานางมาเรียนต่อกันน๊ะอยากฟังน้องร้องสากลกัยลูกทุ่งสู้น๊า,1
จัดดอกไม้กุหลาบสีส้มสักการะเทพสิริมงคล,1
วันนี้เมื่อสองปีที่ผ่านมาเจ้ายังอยู่นะ,1
ใส่บาตรอาสาฬหบูชาอุทิศมารดาครอบครัวทำบุญ,1
ร่มเย็นสุขกายสุขใจมีความสุขสดชื่นตลอดไป,1
ทำบุญสังฆทานสร้างกุศลผลบุญมารดา,1
อธิบายไม่ถูกแต่รู้สึกดีทำไมบนโลกใบนี้ถึงมีรักบนโลกใบนี้ถูกสร้างขึ่นโดย,1
ไม่ใช่การหลอกตัวเองว่าไม่มีปัญหาแต่สอนให้เรา,1
นางไม่ทีที่อื่นเกานะต้องมาเกาบนนั่งเกาบนตัวเดี๊ยน,1
รูปที่ควรลบคือเบ้าเล็บตีนแมวหน้าปากซอยรูปที่ไม่ควรลบคือรูปเพื่อนหน้าเหี้ย,1
แม้จะดูเหว่ว้าแต่หัวใจกลับฉ่ำชุ่ม,1
ณวัดกำแพงแลงเมื่อทุกข์ขอให้หมดทุกข์,1
จงไปเกิดในภพภูมิที่ดีนะนึกอยู่แล้วว่าต้องจากกันแต่ไม่นึกว่ามาเร็วขนาดนี้,1
คนโสดขอให้พบรักแท้คนคู่ขอให้ครองคู่ตลอดไปขอให้ทุกคนมีรัก,1
พร้อมเดินทางไกลกับป้าเฟรนด์เจอกันหลังปีใหม่พระราชวังวอเตอร์เมอล่อนตลาดไท,1
ยินดีด้วยน่ะจ๊ะปลื้มปิติกับคำอวยพรแม่เจ้าบ่าวบ้านเชื่อพรรณงาม,1
ขอบคุณบริษัทสยามสไมล์อาจจะเป็นรางวัลที่ไม่มากมายเป็นกำลังใจให้สร้างผลงานกันต่อไป,1
สวัสดียามเช้าครับผมมีความสุขมากครับ,1
ขอบคุณนะครับรายงานประจำวันดีใจน๊า,1
ชาวเน็ตจวบไก่มีสุขให้ลูกอายุเดือนกินแฮมเบอร์เกอร์น้องน่ารักนะ,1
มีสว่างเป็นเรื่องธรรมชาติมีร้อนมีหนาวเป็นเรื่องของอากาศมีเหงาเป็นเรื่องของจิตใจ,1
วันพระนี้ได้รับของมงคลจากแม่หมอคนสวยดูดวงแม่นไม่พอแถมมีเมตตาจิตอีกขอบคุณมากคร้าจุฟฟ,1
เคยป่ะย้อนกลับไปอ่านเมนชั่นเก่าแล้วอมยิ้มได้ทุกครั้ง,1
ตั้งแต่ทำงานดูชีวิตเป็นผู้เป็นคนมากขึ้นทำงานออกกำลังกายกินข้าวอาบน้ำนอนเร็วขึ้นตื่นเช้าแบบไม่ง่วงเหล้าบุหรี่ลดน้อยลง,1
การเดินทางของชีวิตแต่เราก็ต้องเดินต่อไปสู้สู้วันนี้เรายังทำได้,1
ทำงานกินข้าวตีปิงปองทำงานกลับบ้าน,1
วันนี้มาเช้าเลยต้องมานั่งรอแล้วก็เลยได้เล่นคอมเร็ว,1
สวัสดีปีใหม่ไทยสุขสันต์วันสงกรานต์นะคะ,1
ซี่โครงหมูตุ๋นอร่อยไหนจะเท่าฝีมือตัวเอง,1
ที่มาของความสุขของเรามันต่างกันความทุกข์ก็เช่นกัน,1
น้องนางฟ้าตัวน้อยของแม่ไก่มีสุข,1
อาทิตย์วันพระหยุดสุดท้ายของสัปดาห์สาธุเพี้ยง,1
อังคารโลกชมพูวันทำงานมีสุขโชคดีรวยกินข้าวหมกไก่กันมั้ย,1
อย่าเยอะนะค่ะบางคนเขาก็ดูออกว่าเพชรหรือแค่เศากวาดเศษแก้วค๊า,1
ศุกร์สีฟ้าสุดสัปดาห์ทำงานโชคดีตลอดทั้งวันสาธฺุเพี้ยง,1
วันนี้เป็นอีกวันที่ตื่นมาแล้วรู้สึกมีความสุข,1
อร่อยกินมาตั้งแต่สมัยเรียนมอปลายรสชาติไม่เปลี่ยนเลย,1
ขอแสดงความยินดีกับขอให้แข็งแรงทั้งแม่และลูกนะจ๊ะ,1
ฮือ่านแล้วเขินจนน้ำตาจะไหลงื้ออผู้ใหญ่กะเด็กน่ารักมากงื้อเขิน,1
วันไหนไม่ดียอมรับแก้ไขวันไหนดีเสพสุขชีวิตลงตัว,1
มีความสุขเวลาที่อยู่กับเค้าแต่ก็ทุกข์ที่ต้องตามใจเขาทุกอย่าง,1
เห็นพี่เต๋าพับดอกบัวแล้วนึกถึงฉากเด็กสอนผู้ใหญ่พับดอกบัวใน,1
ฉันรู้สึกเราเข้ากันพอดีประโยคนี้เป็นประโยคที่มักจะเกิดขึ้นในใจของคนที่มีอาการหลอนทางความรักในระดับหนึ่ง,1
อ่านฟิคกิจกรรมที่ไม่ได้ทำมานานมากคือดีงามอ่านได้เรื่อย,1
เธอทำให้ฉันหัวเราะทั้งน้ำตาเจ้าตัวแสบกากเกรียนกันริทหากสักวันอสรพิษจะกลับมาก็ขอมีความสุขกับความรักของสามพี่น้องอย่างเคย,1
ขอพรย่าโมขอนุเสาวรีย์ท้าวสุรนารีคุณย่าโม,1
รู้สึกได้มุมมองอะไรใหม่จากตอนใหม่เยอะมากชอบถึงจะดราม่าถึงจะเศร้าแต่ชอบมาก,1
ช่างบีบหัวใจเหลือเกินนแง้งมีสุข,1
ส่งท้ายคืนวันลอยกระทงด้วยการลอยโคมแหลมแท่น,1
ขอบคุณความรักที่เธอให้มาแม้มันสวยงามแต่มันก็เจ็บปวดและทิ่มแทงฉันมาเสมอ,1
เป็นอะไรเนี่ยจะหวั่นอะไรนักหนา,1
ขอเม้นท์ตรงนี้เลยนะค่ะสนุกมากเลยคะเป็นฟิคที่ชอบมากเลยคะเป็นฟิคที่จะค่อยไปค่อยรักน่ารักดีค่ะอยากให้บอทกับเขาบ้าง,1
วันนี้ทั้งได้ประชุมทั้งได้ความรู้เพิ่มทั้งได้งานทั้งทักษะบริหาร,1
ตอนนี้อารินแฟนตาซีมีโดกินฮิจิเต็มเลยฮือ,1
ผู้ใหญ่กับเด็กงื้อน่ารักอ่ะ,1
โอ้ยน่ารักเด็ก,1
สวัสดีสวยยืมภาพจากเพื่อนจ้ะโปรโมทล่อตาปากพวกฝรั่งน่ะ,1
ร้องเองลงเองแล้วก็ฟังเองฝันดีคับทุกคน,1
สักการะพระธาตุกองมูขอให้ทุกคนครอบครัว,1
คือมาไทยและตอนนี้ได้อยู่ใต้ฟ้าเดียวกันและอยู่บนผืนแผ่นดินเดียวกันคือไม่ได้ใกล้ชิดหนุ่มอ่าทุกข์สุดไปเลย,1
ดีจังรอยครั้งนี้เยอะขึ้นทำให้ได้โอกาสเปลี่ยนกันรอยใหม่ซะเลย,1
แฟนไม่มีช่างมันมันไม่มีใครรักช่างมันแต่ตอนนี้ผมมีความสุขก็พอแล้ว,1
สวดมนต์ข้ามปีเมกายังไม่ปีใหม่เลย,1
ทุกวันนี้เหงากะมีนางนี่แหละที่คุยได้ตลอดเพราะนางนอนไม่ค่อยเป็นอิอิ,1
กำลังคิดอยู่ว่าจะเอาเกลเลี่ยนไปให้ยังไงโดยไม่ให้เขาเห็นตัวก็โดนชนตกน้ำไปก่อน,1
เป็นทุกข์แค่คิดหรือเป็นจริงละทุกข์,1
ขสันต์วันเกิดแก่ตัวเองกลับไปไทยจะเข้าวัดแขกขอพรให้เจอแต่สิ่งดีช่วงนี่ทุกอย่างกำลังดีมากขอให้ดีแบบนี้ตลอดไปนะ,1
ว่างเต้นกังนัมสไตส์ในห้องเรียน,1
ชังเหอะไม่อยากอารมเสียมีคนอุสาทำให้อารมดีอิอิ,1
คนเอเชียอาหารประเภทเส้นเอาไว้กินในช่วงเวลาที่มีความสุขของชีวิตก็ว่าทุกทีที่กลับบ้านมาปั๊บต้องกินขนมจีนเป็นมื้อแรกเสมอ,1
ชีวิตคืออะไรไม่รู้เราเกิดมาทำไมไม่รู้แต่ที่รู้คือ,1
กลับมาเป็นเหม่งผชสวยนี่คือเรื่องปกติในรรเหม่งค่ะสวยกว่าผญมีอยู่แอบเยอะ,1
กลับมาเป็นเหม่งป่ะเตะบอลลดหุ่น,1
ปิดม่านเปิดแอร์ํทั้งที่่ห้องเล็กนิดเดียว,1
หล่อไม่หล่อไม่รู้เน้นอร่อยครับ,1
สิทธิเสรีภาพต้องมาพร้อมสติปัญญา,1
การอ่านจดหมายทำให้นึกถึงสมัยประถมใครเขียนให้เราเขาเขียนอะไรมาและมาในหลายรูปแบบแอบอมยิ้มเบาน้ำตาคลอ,1
ไม่มีคำว่าสายสำหรับความรู้สึกดีดีที่จะมีให้ใครซักคน,1
ตรภาพดีดีความรักดีดีก็จะเข้ามา,1
เหงาเราจะทำไรดีเราว่าฝันดีนะทุกคนน,1
กาแฟอุ่นในวันเย็นเหมาะแก่การทำการดีทุกอย่างกาแฟดอยแม่ส้าน,1
ช้านี้อากาศดีมากแต่รถเยอะไปนิดนึง,1
ถ้าชีวิตมันหนักก็แค่อยากจะหาที่พักก็พอเนอะ,1
สนุกกับการเรียนรู้ในสภาพแวดล้อมดีมุมไหนก็สดชื่น,1
มื้อเที่ยงข้าวผัดชาวบ้านมีอะไรก็ใส่ไป,1
ตกเย็นอากาศมันดีก็จะยิ้มหน่อยหลับสบายสิคืนนี้,1
วันนี้เด็กปีนี้อากาศดีอสุราเล่นได้ทุกที่พี่ตอนนี้,1
สวัสดีวันอังคารเช้านี้ที่เดิมอากาศดี,1
องศาเหมือนจะร้อนแต่อากาศดีค่ะวันนี้เป็นแบบนี้ทุกวันก็ดีนะ,1
มางานบุญแต่เช้างานสืบชะตายายสีดา,1
เมื่อครอบครัวตัวอมารวมตัวกันมันก็จะน่ารักน่ารักหน่อย,1
ฝนตกอากาศเย็นนอกจากไม่ต้องเปิดแอร์แล้วพัดลมก็ไม่ต้องเปิดด้วย,1
ที่สุดของกรุเทพคือเมืองฤดูสามารถเข้าใจคำว่าฤดูที่แตกต่างได้ภายในวัน,1
เทอเห็นท้องฟ้านั้นมั้ยเห็นเมฆหรอป่าวว,1
ปกติก็ง่วงทั้งวันตอนนี้อากาศแบบคือง่วงทุกมิลลิวินาที,1
ชอบอากาศช่วงนี้สุดมีแดดมีลมโชยฟ้าสดใสหนาวกำลังดีถ้าประเทศไทยอากาศแบบนี้ทั้งปีคงดี,1
อดทนแค่ผ่านวันพรุ่งนี้กับพฤหัสไปก็จะได้มีวันแบบที่ชอบแล้วไมเกรนไม่มาพี่ชอบมาก,1
พรุ่งนี้อากาศก็น่าจะยังเย็นอยู่สำหรับคนกรุงแบบนี้มักถูกเรียกว่า,1
คืนนี้ไม่ต้องเปิดแอร์รึพัดลมแค่เปิดหน้าต่าง,1
ขอแบบนี้ชอบแบบนี้กินมาม่าผัดอร่อย,1
หลวงพระบางอากาศเย็นสบายจังอยากอยู่หลายวัน,1
กลับมาบ้านที่เชียงใหม่มีความสบายใจอยากหยุดเวลาเพื่อไม่ต้องคิดอะไร,1
ถ้าประเทศไทยอากาศดีแบบนี้ทุกวันก็คงจะดีนะจะเดินมันทั้งวันเลย,1
อากาศเย็นลมพัดเอื่อยหลับสิคะรออะไร,1
ชอบการเที่ยวภูเขามากมากที่สุดในสถานที่เที่ยวใดใด,1
ดอกไม้สวยจนเฉาหมดแล้วคนเลยสวยกว่าค่ะ,1
พี่ครับนอกจากจากความเงี่ยนผมก็ไม่มีอะไรจัให้พี่แล้วครับ,1
ธรรมชาติเป็นสิ่งที่สวยงามท่ามหาราชงานดีวิวดี,1
ไปเที่ยวเขาค้อมาสนุกดีไว้จะกลับมาเที่ยวใหม่คืนวัน,1
ลมเย็นนั่งมองทะเลฟังเสียงคลื่นเสียงนกร้อง,1
วันนี้มากสบายสงสัยต้องออกไปเดินเล่นตามตลาดหน่อยแล้ว,1
วันนี้อากาศที่เกาะฮอร์สชูดีจัง,1
คืนนี้จันทร์นวลผ่องมองแล้วคิดถึงแต่เธอ,1
อากาศเหมือนติดแอร์ทั้งอำเภอมันช่างดีเสียนี่กระไร,1
ข้างล่างรถติดแวะกินข้าวซะโหน่ย,1
เที่ยงแล้วแดดออกแต่มีลมหนาวพัดมา,1
มั่นใจว่าสักวันต้นไม้ต้องเต็มบ้านแน่,1
สวัสดีเจ้าออกเจละเจ้าบรรยากาศแสนมาก,1
อะไรที่บอกไปมันออกมาจากล้วนแหละ,1
แอร์เสียเปิดพัดลมชมต่อมาพัดลมเสียคือบัดซบเท่ากับประหยัดค่าไฟ,1
อากาศสดชื่นที่ใครหลายคนต้องการ,1
ขอให้มีแต่สิ่งดีเข้ามาหาตัวลูกและคนที่ลูกรัก,1
วิวหลังบ้านมันก็จะประมาณนี่ล่ะ,1
ฝนชอบตกเวลาวันทำงานทำไมไม่ตกวันหยุดเสาร์อาทิตย์บ้าง,1
ตื่นสายพลาดพระอาทิตย์ขึ้นชีวิตบนเขาหนาวมากก,1
ตื่นเช้ามาละเจอบรรยากาศแบบนี้ได้ไหม,1
โอ้ยอากาศดีเหมือนหน้าตาเราเลย,1
ออกจากกรอบที่มีไปสัมผัสธรรมชาติดูบ้าง,1
นั่งรถเมล์มาจากป้ายวัดดอนเมืองลงสวนจตุจักรใช้เวลานาที,1
ขาดอะไรก็ได้แต่อย่าขาดความหวาน,1
สภาพตอนนี้เป็นเพราะอากาศดีหรือเพราะมีเธอ,1
ลมแรงมากนี่อยู่ในห้องนะยังรู้สึกฝนต้องตกหนักแน่เล้ยย,1
วันนี้พระอาทิตย์มาทำงานวุ้ยมีแสงแดดมีการตากผ้า,1
ตื่นตั้งแต่ตีมาทำกับข้าวใส่บาตร,1
พออัพสเตตัสว่าฝนตกที่หน้าต่างมีเพื่อนมาเม้นท์เลยว่านอนหลับสิห่มผ้าด้วย,1
แล้วแต่เลยคะตัวใครตัวมันขี้เกียจสาธยายมันจะยาวจบ,1
ต่อคิววนไปพวงกุญแจน่าร้ากทำไมพี่บีต้องถือไอติมมือด้วยหล่ะ,1
ท้องฟ้าก็สวยงามพระอาทิตย์ตื่นสายพระจันทร์หล่นหายไปหายไปทางหลังบ้าน,1
โต๊ยมาเล่นกันเถอะมาเล่นกันเถอะ,1
ความคิดถึงมันทรมานเเต่เมืองน่านมันอยู่ไกล,1
เพิ่งสังเกตว่าโต๊ะที่ต่ออยู่เป็นรูปแผนที่ประเทศไทย,1
เมื่อเช้ามืดที่บ้านฝนตกตกหนักมว๊ากลมแรงมว๊าก,1
ที่นี่เริ่มหนาวแล้วสินะเจ้าดอกไม้ตอนนี้เธอไปอยู่ไหน,1
เค้าพูดกับเราไว้แบบไหนเค้าก็ใช้คำนั้นแหละไปแถคนอื่นฝนตกไม่ต้องร้อนตัวนะ,1
ร่วมด้วยช่วยกันเพื่อตัวของเราทุกคนครับ,1
วันที่ทำให้มีความรู้สึกดีจิตใจก็สดชื่นแจ่มใสรู้สึกมีพลังบวก,1
ก็ยังยืนยันว่ามีสิ่งที่เหมือนกันคือ,1
แอบมองเทอยุวน่ะจ๊ะแต่เธอไม่รุ้บ้างเลยละมุนไปอีก,1
เก่งพอที่จะยิ้มให้กับทุกเรื่อง,1
นอกจากในฝันแล้วก็หาเสพจากสื่อนี่แหละ,1
แพ้รอยยิ้มเธออยิ้มของเธอเป็นเหตุให้ฉันใจสั่น,1
ชีวิตเกือบทุกเรื่องสุดท้ายแร้วขอแค่,1
รอยยิ้มของพี่มันทำให้หนูตกหลุมรักแอบชอบรุ่นพี่,1
รอยยิ้มคือสิ่งหนึ่งที่ทำให้โลกนี้สดใสน่าอยู่ขึ้นโดยเฉพาะรอยยิ้มของคนที่เรารัก,1
ความสุขของเรามีไม่กี่อย่างแต่หนึ่งในความสุขนั้นคือสภาวะทิ้งตัวทิ้งไว้ในจุดที่มีความสุข,1
วันนี้คงมีความสุขเเล้วนะที่เคยสำหรับที่ผ่านมารถเล่นในเมือง,1
ภายใต้ที่สดใสแต่ความจริงข้างในใครจะรู้,1
จะยิ้มให้มากที่สุดเท่าที่จะทำได้เพราะบางทีเราก็อาจจะยิ้มไม่ได้อีกเเล้ว,1
ขอแค่ทำให้คุณยิ้มได้จะฐานะไหนมันก็ดีทั้งนั้น,1
รักก็คือรักไม่ต้องถามหรอกว่าทำไมถึงรัก,1
ทำไมทุกอย่างต้องพังลงพร้อมกันด้วย,1
ยิ้มนิดยิ้มหน่อยยิ้มไม่บ่อยแต่ยิ้มทุกวัน,1
เหนื่อยเเล้วขอพักก่อนเเล้วสัญญาจะสู้ต่อสัญญ,1
เเค่รอยยิ้มเพียงเล็กเเค่เสี้ยวเดียวทำให้เรามีความสุขขนาดนี้,1
ใจที่ดีอัตราแลกเปลี่ยนใดก็ไม่จำเป็น,1
อาจจะเป็นคนที่ใครรักแต่ไม่ได้เป็นคนที่ถูกเธอรัก,1
ทำไมนะเด็กคนนี้ทำให้เราได้ขนาดนี้ยิ้มสดใสแบบนี้นานนะหนูมันน่ารักมากสำหรับ,1
ถึงจะพยายามทำตัวเป็นผู้ใหญ่แค่ไหนความเป็นเด็กในใจก็ยังอยู่,1
บางทีก็ชอบตกหลุมรักคนจากรอยยิ้ม,1
สวัสดีปีใหม่คับทุกคนขอให้มีกันตลอดปีนะค้าบบ,1
กุ้งหอยปูปลาจัดไปรู้สึกเบิกบาน,1
ยิ้มของคุณก็แปลกดีนะทำให้เราหลงรักคุณได้ขนาดนี้,1
กำแพงที่คิดว่าแข็งแรงมีเรื่องอะไรก็ยิ้มเข้าไว้,1
ทุกคนมันมีจุดน่ารักของตัวเองแหละ,1
ความทรงจำที่ดีมักทำให้เรายิ้มได้เสมอ,1
ลูกเกิดแล้วแม่ของลูกยังหาที่เกิดไม่ได้เลยพื้นที่ส่วนตัว,1
นั่งเพลินง่วงเลยฟุ๊ปโต๊ะกำลังจะหลับละมีมือปริศนามาลูบหัวอร๊าย,1
สักวันหนึ่งเราคงจจะได้เจอกันอีก,1
คนทุกคนย่อมมีเหตุผลในการเลือกที่จะทำ,1
ใบไม้ยังมีเปลี่ยนสีชีวิตต้องมีเปลี่ยนไปรอวันเวลาหมุนไป,1
อดีตนั้นไม่สามารถเปลี่ยนแปลงลืมแก้ไขหรือลบออกไปได้เราทำได้แค่เพียง,1
ขอบคุณคับที่ไปเป็นเพื่อนเป็นประโยคที่น่ารักจัง,1
น้องชายที่แสนน่ารักกับพี่สาวที่แสนสวย,1
เค้าอยู่ข้างนี่ไงเค้าไม่เคยไปไหนไม่เคยทิ้งเธอเค้าไม่มีวันทำมันหายไปหรอก,1
ได้เห็นตัวเทอยิ้มได้ตัวฉันก็อุ่นใจ,1
บริจาคอ่ะได้บุญแต่อ่อยคุณอ่ะได้อะไร,1
เป็นคนนึงที่ชอบมองเวลาคนอื่นยิ้มเห็นแล้วมันมีความสุขตาม,1
แค่ได้เห็นหน้าคุณฉันก็ยิ้มอย่างไม่มีเหตุผลแล้ว,1
จะคอยเป็นกำลังใจให้เทอหายเหนื่อยย่างน้อยซันก็ทำงานเหนื่อยกว่าวิวเยอะ,1
ตอนนี้คุณเป็นของฉันอย่างเป็นทางการแล้ว,1
ความสุขเป็นเพียงทัศนคติหนึ่งเราจะทำให้ชีวิตเศร้าสุขหรือเข้มแข็งขึ้นอยู่กับการเลือกที่จะเป็น,1
อยากให้คุณอยู่เป็นรอยยิ้มของเราไปนาน,1
ไม่ได้คุยหลายวันคิดถึงนะเนี่ยไอตูด,1
ก็เหนื่อยนะแต่ผลที่ได้มันทำให้หายเหนื่อย,1
หานิยายมือสองขอราคารวมส่งหรือมีใครอยากแจกยินดีเน้อ,1
ต้นไม้ที่เขียวสดใสไม่ต่างอะไรกับชีวิตผมตอนนี้,1
และแล้วพี่ก็ได้ดอกไม้สดมาประดับบ้าน,1
พยาบาลลงเวรเดินกันขวักไขว่ในส่วนของเภนั้นเข้าชมที่แล้ว,1
ผ้าอนามัยที่ประเทศแคนนาดาซองใส่น่ารักมากโอ้ยเป็นการเป็นเมนส์ที่มีความสุข,1
เสาร์ที่สองของเดือนมกราคมหรือเนี้,1
ยิ่งบทเรียนยากขึ้นเท่าไหร่ถ้าเราผ่านมันไปได้เราก็จะยิ่งเก่งขึ้นเท่านั้น,1
การทลายกำแพงบางอย่างลงมันมีผลดีกับตัวเราสวัสดีปีใหม่สิ่งดีดีขอให้มีทุกคน,1
อาทิตย์ครอบครัวสำคัญที่สุดพักผ่อนคลายยาวไปจ่ะอิอิ,1
ภาพก่อนเป็นหนูทดลองให้พี่ละเลงหน้า,1
น่ารักเข้ากันดีม่ะปีใหม่แล้วใครยังไม่มีของขวัญ,1
ชอบความบานปลายนี้มากค่ะได้แต้มปลแต่ไม่รู้แต้มอะไรเหมือนกันค่ะ,1
ตอนนี้รู้สึกสบายใจมากทุกอย่างเป็นไปด้วยดี,1
กูสวยนะเเต่พวกมึงไม่เข้าในความสวยของกูเท่านี้เอง,1
ทำบุญรค้าสิ่งใหม่เข้ามาในชีวิตและครอบครัวด้วยเถิด,1
สีฟ้าริ้วขาวสดใสอ่อนน้อมห่วงใยด้วยใจบริสุทธิ์,1
ทำบุญใส่บาตรให้พ่อหลวงรัชกาลที่องค์,1
เวลาพี่เค้ายิ้มให้ก็จะน่ารักมาก,1
แม้จะตีสามแล้วสดใสก็ยังมีอะไรให้กินตลอดไม่ต้องถามว่าทำไมเด็กมอบูอ้วน,1
ร้านยังเปิดให้แซ่บอยู่นะคะดึกมาซดน้ำซุปร้อนแซ่บกันหน่อยมา,1
เราอาจจะเป็นดวงดาวที่ไม่สดใสเท่าดวงดาวดวงอื่น,1
ขอก้อยมาออกทุกวันเลยได้ม๊าย,1
ทำให้คุณร่าเริงยิ้มสดใสจากภายในสู่รอยยิ้มบนริมฝีปาก,1
คิวคยูทีมอาหารเขย่าโลกด้วยความน่ารัก,1
เพียงคุณเปิดใจคุณจะมีน้ำหอมที่เอกลักษณ์ตนให้เราดูแลคุณค่ะ,1
นั่งมองตั้งแต่ตื่นเหมือนคนเป็นบ้า,1
ต้องบอกว่าคัมแบคปีนี้สดใสทั้งบริษัท,1
แค่รักแค่ใส่ใจก็ไปไหนไม่รอดแย้วงับ,1
อยากได้แว่นรุ่นนี้คนใส่ก็ดีจัง,1
เห็นพี่เด้นสองเวรแล้วใจเต้นตึ๊กตั๊ก,1
ชอบที่มินมุงใส่เสื้อสีเหลืองจริงช๊อบชอบ,1
รู้สึกมีความสุขเป็นพิเศษตอนได่ขับรถที่ล้างเสร็จใหม่,1
วันเสาร์เราก็อยู่โรงเรียนก็บ้านพักครูอยู่ในโรงเรียน,1
ตื่นเช้ามาหลังล้างหน้าเสร็จอย่าลืมบำรุงด้วยการทา,1
คือเพื่อนเราแต่งโทนแจ่มมากเว้ย,1
รอยยิ้มของเธอทำให้วันหม่นของพี่,1
เสียงหัวเราะของหนูทำให้โลกของแม่สดใส,1
ท้องฟ้ากทมสดใสเนอะจะกลับไปเที่ยวใหม่นะ,1
น่าจะยังมีคนคิดแบบนี้อยู่บนโลกบ้างแหละ,1
เช้าวันหนึ่งใบด้วยใจหวังเดินทางสู่ดินแดนแสนวิไล,1
สวัสดียามเช้าวันศุกร์รู้สึกสุขใจที่,1
มิวซ์กับพอร์ชคือดอกไม้ในสวนของพี่,1
แฟนจบไปมีแต่อดีตเรียนจบไปมีแต่อนาคต,1
เป็นโรคเสพติดร้อยยิ้มเค้าน่ารักขนาดนี้ฮรือหายไปรู้มั้ยทรมาน,1
สีเสื้อเจ็บไหมล่ะมีความสะท้อนแสง,1
หน้ายิ้มตลอดเวลาก็มีพอลล่ากับเต้ยจรินพรนี่ล่ะ,1
มาเชียร์วอลเล่ย์บอลสาววัยทีนไทยนำฮ่องกงเซ็ท,1
ยิ่งกว่าความเศร้าคือเหงาทั้งที่มีแฟน,1
จากที่เคยอยู่ฟีดแรกตอนนี้ไม่เห็นฟีดเลยจ้า,1
เป็นผู้หญิงที่เวลายิ้มโลกทั้งโลกเหมือนหยุดหมุนไปเพราะเธอ,1
ควันหลงวาเลนไทน์ดอกไม้จากคุณโฟร์,1
นอนสามทุ่มครึ่งตื่นทุ่มนอนตีสี่ตื่นอีกทีเจ็ดโมง,1
ควันลงภาพนักเตะตอนเดินทางไปเมืองเซบีย่าเมื่อวานนี้,1
ตามหาความสดใสฉดฉัยชูวิวัปปาาก็ว่ากันไป,1
รักรอยยิ้มของตัวเองมันบอกว่าฉันมีความสุขสดชื่น,1
มีความสดใสดีใจจุงมีกุ้งล่ะตัวเลขสวยจะตายป่าวไม่รุ้,1
เรามาโยกมาโยกกันเรามาเต้นมาเต้นกัน,1
แบบเดิมแล้วน่ะผ่านปีไปด้วยกันน่ะ,1
แบบไหนที่เรียกว่าอ่อยบอกหน่อยจะได้ทำ,1
วันอาทิตย์สิริรัตน์นอนครบสิบเจ็ดชั่วโมงแล้ว,1
ใครที่มองหาโลชั่นเผื่อผิวพรรณอย่างแท้จริงลอง,1
คงเป็นเรื่องราวของการซักรองเท้าสีขาวเมื่อวันก่อนเพื่อจะเดินลุยฝนในวันนี้,1
กิจกรรมที่ทำแล้วลืมทุกอย่างมุ่งมั่นมาก,1
นั่งรอพระตอนเช้าจิตใจสดใสทำบุณบริษัทเฮงรวยปังกันทุกคนน้า,1
ถ้าจะยิ้มแบบนี้เพ่เปย์ให้เลยน้อง,1
ชอบมากติดปรัชญาการทำงานไว้ห้องน้ำร้าน,1
เหนื่อยพอเห็นรูปนี้ก็อารมณ์เปลี่ยนทันทีเลย,1
เมื่อวานนี้เจอเธออีกแล้วเจออีกครั้งก็พรหมลิขิตละนะ,1
แจกความแบ๊วสดใสก่อนเข้านอนมีความเต็มบนใบหน้า,1
เจอนางกี่ครั้งก็สนุกทุกครั้งเพราะนางคือ,1
เป็นคนหน้าสดนะจ๊ะปีแล้วยิ้มให้แก้มปริฉีกจนหน้าบาน,1
วันนี้คนเกิดวันพุธจะมีโชคด้านการเงินน้าส่วนคนเกิดวันอังคารดวงการงานจะดีแล้ววันอื่นจะ,1
กระจายเต็มกระดานไม่มีใกล้บิงซักแถวกุมขมับ,1
ตลอดปีงานดีเงินดีความรักพุ่งชีวิตพลิกจากร้ายกลายเป็นดี,1
มะจริงอ่านหนังสือสองอาทิตย์เองไม่ได้เรียนมหกดั้ว,1
ได้อันดับที่โว้ยดวงดีอร้าย,1
ชีวิตบทใหม่เริ่มต้นละนะดวงดีต้องเลือกเอง,1
ยูริอาจจะจับฉลากได้มาคนสึดท้ายก็ได้,1
ผู้ไม่เคยได้อะไรจากการรีทวิตเลย,1
รู้สึกโคตรโอเครเวลาไม่อ่านนสเเล้วสอบผ่าน,1
เปลี่ยนตัวเองเพื่อเธอเท่าไหร่ก็เหมือนไร้ค่าเปลี่ยนใจรักใครคนใหม่ยังง่ายกว่า,1
ถึงหน้าจะไม่เรียวแต่มีรักเดียวนะจ๊ะ,1
วันนี้แฟนยอมเต้นด้วยกันแหละอีกวันจะแต่งงานแล้วยังคงอ้วนพุงป่องทั้งคู่,1
ต้องในร่างกายเหมือนรถไขมันก็เหมือนน้ำมันหมดเร็วจุง,1
ใหญ่กว่าโถข้าวก็หน้ากูนี่แหล่ะ,1
กลับมาบ้านน้ำหนักขึ้นแก้มบวมขึ้นอีกอยู่กทมอดอยาก,1
เพื่อนกินหาง่ายเพื่อนออกกำลังกายหายากจริง,1
เมนูจานโปรดโปรดใครบ้างยกมือหน่อย,1
หมาแถวบางซื่อนี่อ้วนท้วนสมบูรณ์ดีทุกตัวเลยว่ะ,1
คนนั้นนี่โชคดีเนอะไม่ต้องทำไรอะไรไม่ต้องพยายามเขากับรู้เรื่องราวของมึงหมดทุกอย่าง,1
เป็นไรที่ไม่ต้องทิ้งกันได้อ่ะดีสุดแล้ว,1
เพื่อนแท้แท้จริงหรือป่าวดูกันได้ตอนเจ็บป่วยใครที่อยู่ข้างเราเสมอต้องรักษาเค้าไว้ให้ดี,1
ถ้าคุณทำดีเดี๋ยวคนเบื้องบนจะประทานพรให้คุณเองแล้วคุณก็จะอุทานว่าโดยไม่รู้ตัว,1
มานั่งรอเวลาที่สตาร์บั๊คส์สั่งเครื่องดื่มไปสองแก้วพนักงานบอกว่าอีกแก้วรับอะไรดีคะซื้อสองแถมหนึ่งค่า,1
น้ำตาจิไหลเดินเอามือล้วงกระเป๋ากางเกงแล้วทำเงินหล่นมีคนเดินเก็บมาให้,1
ดูข่าวไทยมานาทีแม่งมีแต่ข่าวใช้ปืนยิงกันทั้งหมด,1
ถ้ากูมีแฟนชีวิตคงวุ่นวายกว่านี้,1
พี่แก้มน่ารักร้องเพลงคือดีงามมาก,1
ของขวัญต้อนรับปีใหม่ชิ้นแรกคือแฟน,1
พ่อแม่เราคิดว่าสิ่งที่เราเลือกคือสิ่งที่ดีที่สุดสำหรับเรา,1
เรายังมีเพื่อนที่คอยเคียงข้างเรานะ,1
ดีนะที่เราไม่ค่อยส่องไอจีไม่ค่อยไปไลค์ไม่เม้นเลย,1
โชคดีจังได้ญาติผู้ใหญ่ที่เข้าใจด้วย,1
โลกนี้ไม่มีที่ไหนให้โอดครวญได้ดีเท่าที่บ้านอีกแล้ว,1
เพื่อนไลน์บอกว่าให้ไปช่วยหาบ้านที่สิงคโปร์กะมันเลยหาตั๋วได้ในราคาบาทพร้อมโหลดกระเป๋า,1
ตั้งแต่เกิดมาเมื่อกี้เป็นการเห็นดาวตกที่ยาวที่สุดนานที่สุดสวยที่สุด,1
โชคดีแต่เช้าเลยมาถึงมีที่จอดรถในโรงรถด้วย,1
การแอบส่องคนที่เราแอบปลื้มนี้เจ็บนะอิจฉาแฟนเค้านะ,1
หากในวันนี้โชคกีได้พบกับเทอปาดัปป้า,1
ระหว่างสั่งกาแฟลาเต้กำลังจะจ่ายเงินคุณลุงท่านนึงยื่นคูปองลดราคามาให้บอกว่าใช้นี่ซิ,1
มิชชั่นสุดท้ายถ่ายรูปกับคนที่มาจากฟูกุโอก,1
หมือนบางคนที่เคยเจอแต่ผู้ชายคนนั้นก็เกือบไปละ,1
กรี๊ดดพี่หาญไม่มารอดจากซอมบี้แล้วนะคะ,1
มาซือหม้อหุงข้าวเจออีเว้นขอดูด้วยคนละกันนะค๊า,1
ถือกล้องไปด้วยเจอเพื่ิอนช่วยสอนเล่นกับตั้งค่าให้นิดหน่อย,1
มีโอกาสได้เป็นทั้งคนที่รักและคนที่เธอทิ้ง,1
คือกำลังจะเข้าไปโหลดมาดูเปิดมาเจอกุหลาบคาบไปแล้ว,1
ใครก็อยากมีแฟนที่จับมือเรามากกว่าเมาส์หรือโทศัพท์ทั้งนั้นแหละ,1
ทำงานมาสองที่เจอแต่เพื่อนร่วมงานดี,1
แม่ไปหาผชอย่างพ่อมาจากที่ไหนแง่ม,1
ข้าพเจ้าเกิดมาเพื่อเป็นแฟนคลับดูทีวีอยู่เดอะบอสซีรี่ส์ญี่ปุ่นทูพีเอ็มโผล่มาซะงั้น,1
กำลังรอรถเมล์ร้อนได้นั่งข้างหน้าข้างคนขับตากแอร์สบาย,1
โชคดีที่เรียนกะอาจารย์บุปผามีคนแย่กว่ากูอ่ะเรียนแคลเป็นภาษาอังกฤษแต่ครูจีนสอบ,1
โชคดีที่ความรักแทบไม่มีอิทธิพลอะไรเลยกับชีวิต,1
กำลังใจดีอ่ะขอบคุณคนรอบข้างมากน้าา,1
เมื่อวานก็เจอลุงกำนันที่ปทุมวัน,1
เจอหมีควายน่ารักกว่าร้านที่ขายตามเน็ตอีกราคาพอกันแต่คุณภาพดีกว่ามาก,1
ลองมาฟังหนึ่งในกลไกของจังหวัดปกครองตนเองครับ,1
ลายเซ็นของชางมินที่เซ็นให้เจ้าของร้านขายก๋วยเตี๋ยว,1
วันนี้อยากได้แหวนใส่เล่นโชคดีที่ย่าให้มาหนึ่งวงนึกอยากได้อะไรช่วงนี้ได้ดั่งใจจริง,1
ก่อนกลับลงลิฟเจอลงลิฟพร้อมกัลพอดี,1
เรียนด้วยกันกับแฟนเลิกเรียนก็ทำการบ้านกับแฟนกลับบ้านก็กลับกับแฟน,1
พี่คนนี้เขาดีจังได้แฟนที่ดีนับวันให้แฟนตัวเองคือเราเองยังไม่เคยนับ,1
เมื่อวานทำพาสปอร์ตมีม็อบแถวนั้นก็เลยไม่มีซักกะคิวพี่พนงบอกว่าปกติคิวมีเป็นพันคิว,1
ทุกวันนี้ชอบทำหน้าตาเบื่อโลกมากแต่ก็ยังมีคนพยายามทำให้ยิ้มขอบคุณนะ,1
เราคนนึงที่ไม่เคยเสียดายคนที่เสียไปแล้วเชื่อว่าฟ้าต้องมีเหตุผลที่ทำให้เค้าไม่เลือกเรา,1
คุยกับพ่อก่อนนอนพ่อสอนอะไรเยอะเลย,1
น่าดีใจแทนวิคกี้เป็นคนที่น่าอิจฉามากที่มีเพื่อนดีรักมากขนาดนี้,1
ดีจังแค่ออกม่กินข้าวข้างนอกในสถานที่ใหม่ก้ทำให้เราเจอเนื้อคู่ซะงั้น,1
รู้สึกดีอ่าพรุ่งนี้ไม่อยู่พอดี,1
ถ้าเราไม่ได้ทำคลิปนั้นเราคงไม่ได้ร่วมงานกับพวกพี่เค้า,1
ที่ไหนได้วันนี้แม่เอามาให้ให้จริงค่ะบวกก่ะเงินยายอีก,1
เพิ่งรู้ว่าสีลมมีระเบิดขึ้นปุ๊ประเบิดมาเลย,1
เวลาเจอเรื่องแย่แล้วรู้ว่ามีแม่อยู่ข้างความเข้มแข็งมันมาเต็มเปี่ยมเลยอ่ะ,1
ผมไม่เคยโดนแซะนะเพราะไม่รู้จักกับเค้า,1
วันนี้มาหาท่านชายแต่เจอวนัสโดยบังเอิน,1
พรุ่งนี้ได้ถ่ายคู่กับพี่หมากตัว,1
ชาวราศีกรกฎช่วงนี้เงินพรึบงานเพียบ,1
ซื้อลอตเตอรี่ครั้งแรกถูกเลยอ่ะ,1
เพื่อนบอกว่ารับใบจบพรุ่งนี้ห้ายย้อมผมสีแดงสีทอง,1
ลืมเอาสมุดศิลปะกลับบ้านส่งพรุ่งนี้,1
รายการสิบสองราศีบอกว่าราศีพิจิกจะเจอแฟนแบบหล่อสวยรวยโสดแต่แบบกูไม่โสดไงตอนนี้,1
ไม่ใช่เราช่ะเราปากบางเฉียบมมซึมซับน้ำได้ถึงเท่า,1
ลืมโทรศัพท์อีกแหละวันพุธเหมือนเดิมเวลาเดิมที่เดิมได้คื่นเหมือนเดิม,1
หนูตั้งใจโดดก่อนที่จะรู้ว่าอาจารย์ยกคราสซะอีกฮ่า,1
เป็นรอยยิ้มที่ทำให้มีความสุขที่สุด,1
แรงเงาที่น่าสงสารสุดคือลูกของนพนภา,1
ได้เทรนเนอร์ลดน้ำหนักทางทวิตเตอร์,1
พี่คิมเซ็นเป็นภาษาไทยซึ่งฮอตไทยก็ได้ไป,1
เขาย่องมาตอนหนูหลับเขาจับเขาจูบแล้วเขาก็วิ่งหนีไป,1
เวลากินแกงอะไรที่มีมะเขืออย่าลืมพลิกข้างใต้มะเขือทุกชิ้นเผื่อมีหมูหลงติดเข้าไป,1
ถึงบ้านซักพักฝนตกพอดีจะไปขอบคุณใครดีอิอิ,1
เอ๋ไฟดับหรอที่หอไม่มีวี่แววจะดับ,1
อ๊ากเจอหมอพ๊อตกะหมอริทละลายเลยกู,1
ไปหาหมอมาที่หมอบอกว่าม่ายเป็นรัยมาก,1
แปลกมากได้ที่นั่งในรถใต้ดินตั้งแต่ต้นสาย,1
ดูไลฟ์นี้รู้สึกว่ามันไม่ค่อยล้ำลึกเท่ากับไลฟ์สามคนที่แล้วฮู่วว,1
วันนี้เจออาจารย์ธีรพลด้วยที่งานเลี้ยง,1
อยากขอบคุณทุกกำลังใจที่ให้มาตอนที่เราตกที่นั่งลำบากขอบคุณเพื่อนทุกคน,1
ได้อยู่กับน้องรุ่นแถมแอบรู้จักเบา,1
วันนี้พี่ทอยกับปันปันถ่ายละครรูปทอง,1
อาซาผมม้านั่งทำอะรัยยุ่ที่ไหนไม่รู้รู้แต่ว่าน่ารัก,1
ขอบคุณนะคะเพื่อนใหม่ใจดีแค่ถามซื้อของยังไม่ทันสั่งด้วยซ้ำเธอยังให้คำแนะนำเยอะแยะเลย,1
โอชิคุณไข่เพิ่มอีกคนจะเป็นไรไปเนาะ,1
จะเป็นลูกหมูเพราะคนดูแลดีอยากกินอะไรก็หามาไห้กิน,1
ชอบจังรอยยิ้มของคุณพีคนมีความสุขหน้าก็จะประมานนี้,1
ไม่ว่าจะไปไหนมาไหนโทรบอกตลอดเวลาไม่เคยต้องรอให้ถาม,1
สั่งปุ๊บโอนปั๊ปหมิวจัดส่งวันนี้ด่วนทันทีจ้า,1
เพิ่งสังเกตเห็นว่าเขาเปลี่ยนชื่อไลน์ให้คล้ายกับชื่อไลน์ของเรา,1
เพราะเธอเข้ามาเปลี่ยนให้ชีวิตฉันมีความหมาย,1
จริงงือไม่ต้องตอบกลับอะไรก็ได้นะ,1
นึกว่าไม่มีใครคิดน้องยืนตัวลีบนิดหนึ่งยุ่ข้างหลังทั้งที่จิงน้องคือเจมส์จิรายุ่นะ,1
น้องฟอร์จูนไปเล่นรับเชิญในซิกคอมยอดฮิตเป็นต่อด้วย,1
ความจริงอีกข้อที่ได้รู้เกี่ยวกับตัวเอง,1
เมื่อเราเห็นคีบถ่านเพื่อจะกินหมูกระทะในพี่น้ำพราวเราก็พูดลอยขึ้นมาว่า,1
พูดว่าพีรวัสน่ารักตัวอักษรคงไม่พอมุมไหนก็น่ารัก,1
ดีจังวันนี้มีเด็กมาเก็บร้านช่วยด้วยแหละ,1
ยกมือขึ้นจะจี้ชิงทรัพย์อาจารย์เหรอครับมองมีด,1
ตื่นแต่เช้าเพื่อรีบมาเคลียร์งานและไฟก็ดับลง,1
สายสุดท้ายก่อนเข้านอนและเป็นสายแรกของเช้าวันใหม่,1
นรซื้อมาฝากนางบอกว่าเห็นครูติ๊กบ่นเหงาคิดถึงลูก,1
วันนี้อาจารย์ดีต่อใจทั้งจารย์ที่เรียนละจารที่ชอบโอ้ย,1
ยิ้มร้องเพลงไปยิ้มไปน่าร๊าก,1
หูยคุณแม่ปลาถ่ายภาพสวยจังเลยคร่า,1
ไปโรงเรียนลีดเดอร์ติงต๊องของนิวอีสท์ที่โรงเรียน,1
ผู้ชายเวลาเตะบอลเค้าทำกันแบบนี้,1
วันนี้อาจารย์สวนกุหลาบมาดูศิษย์รักด้วย,1
พาเธอมาซื้อเครื่องสำอางครั้งแรก,1
งืมความน่ารักนี้แทแทพยายามจะทำให้มี่หัวเราะแถมชวนมี่คุยใหญ่เลย,1
ขอบคุณนะคนดีที่ดูแลเรามาตลอดเลย,1
โมเมนต์โทรตู้หากันฝากข้อความผ่านเพจเจอร์มีรูปเขาไว้ติดกระเป๋า,1
เกือบแล้วค่ะดีน่ะที่คุณเจนแจ้งก่อนขอบคุณน่ะค่ะ,1
พรุ่งนี้มีสอบแต่ไม่เห็นเพื่อนบอกเราเลย,1
อย่าเพิ่งเศร้าไปใจเย็นค่อยคิดนะลูก,1
บังเอิญเจอเต้จ้าจับมือเต้ไปเบา,1
มีความน่ารักหลานสาวลูกของน้องที่ออฟฟิศ,1
เป็นที่ปรึกษาที่ดีเข้าใจดีโอบอ้อมอารีเมตตา,1
น้องหมีเมื่อวานน่ารักมากค่ะพักเยอะนะคะคนเก่ง,1
ห๊ะวันศุกร์สีฟ้าก็มาริวมอร์นิ่งงค่ะรูปก็ต้อง,1
ป๊าต้วนน่ารักอ่ะคสุขที่ยิ่งใหญ่ของคนเป็นพ่อนานได้เจอลูกชายทีแถมมีเวลาแปปเดวอีก,1
คุณพ่อคุณแม่พี่มาร์คไปดูด้วยอ่า,1
พี่เจอน้องวันนี้พี่นี่แอบยิ้มเลย,1
ในวันที่บ้านฉันมีสัตว์เลี้ยงตัวใหม่,1
วันนี้มีความสุขรู้สึกว่ามีคนร้องเพลงไปยิ้มไปให้ดูยันจบคอนเลย,1
มีความถามและงอแงว่าเคยฝันถึงนางมั้ย,1
กว่าจะได้เจอคนที่ใจตามหาก็ยากจริงเห็นคลิปนี้แล้วยิ้มตาม,1
สำหรับบางคนเรามองว่าความคิดแปลกของเค้ามันน่ารักดี,1
ฮ่าาขอบคุณครับที่จำพี่ได้งานยุ่งวุ่นครับผม,1
ขับรถมาตั้งไกลเพื่อมานั่งเฝ้ากูแดกข้าวหน้าหอ,1
เข้าห้องน้ำที่เทอมินอลต้องถอดรองเท้าด้วยนะจ๊ะ,1
พอลงรูปหลุดนางอยู่นางก็ทักมาโอ้ยยนตกใจ,1
ชอบอารมณ์แบบแอบมองคนที่ชอบมีความสุขในเวลาสั้น,1
หัวใจเต้นแรงนะทุกทีที่ถามถึงเค้า,1
คนบางคนธรรมดาแต่ทำให้เรารู้สึกพิเศษได้ตลอดเวลาที่คุยกัน,1
จะบอกว่ายังไงดีอีกนาทีเลิกงานฝนเทจ้า,1
แฟนชื่อแหวนคับมีคนเดียวรีกเดียวใจเดียวคับ,1
จะคอลทำไมทุกคืนเนี่ยแบบนี้ก็คุยกับคนอื่นไม่ได้อ่ะดินั่นล่ะประเด็นหลักต้องคอลเฝ้าไว้เดี๋ยวอ้วนคุยกับคนอื่น,1
ชอบเวลาไปเที่ยวด้วยกันพอถึงเวลาละหมาดคุณก็จะเปิดกูเกิ้ลหาที่ละหมาดแล้วพาเราไปละหมาด,1
ขอบคุณที่ยอมเป็นตัวตลกเพื่อรอยยิ้มคนที่รัก,1
สามีอนุญาติให้มีแฟนได้แต่ไม่เกินคน,1
ชอบก็ทักทำง่ายนะแต่มันยากตรงที่ว่าจะทำไงให้เขาชอบเรากลับนี่แหละ,1
คิดว่าถ่ายใครที่ชอบพกกล้องก็เพราะจะได้เก็บเรื่องราวที่ชอบในแต่วันได้,1
ใส่ใจทุกรายละเอียดของเค้าแต่เค้ากลับเฉยชา,1
กูสั่งมากินออนไลนเขียนไปว่าขอซอสเพิ่มคะ,1
เดี๋ยวนี้เขาพับเหรียญโปรยทานกันแบบนี้แล้วเหรอ,1
มัคคึไปทำไรตรงนั้นพี่สาวมัคต้องรักมัคมากแน่เลย,1
คนร้องมีความสุขคนฟังก็มีความสุขต่างคนต่างมีความสุขเนอะ,1
เพลงนี้เสียดายอัดมาแค่ช่วงท้าย,1
ฉันก็ไม่ได้เลิศเลอแต่ว่าเธอทำให้ฉันเป็นคนสำคัญ,1
กำลังดูจิบิมารุโกะจังละครโทรทัศน์,1
มีความบังเอิญตอนที่กำลังไถทวิตแล้วพูดว่าน่ารักจังเลื่อนมาอีกหน่อยเจอทวิตน่ารักจังพอดีเลยง่า,1
ดีต่อใจผักชีอัปไอจีวันเดียวรูปเลยน๊า,1
สมตามฉายาเป้าไม่ขาดไม่ลงจากเวทีตอนนี้ขาดแล้วเลยลงได้,1
ถ้าบอกกับเธอว่าชอบจะเรียกแอบชอบได้หรือเปล่าฮ่า,1
อะไรคือการเจอวีไวโอเลตที่แอร์พอตลิ้งลาดกระบัง,1
อ้าวพี่กูเส้นเลือดในสมองแตกตั้งแต่เมื่อโธ่จุนเน่อย่าเป็นไรนะพี่ชาย,1
เปิดรูปนี้ให้น้องดูน้องเราชมไม่หยุดเลย,1
เจอหน้ากันยิ้มให้เหมือนเดิมแต่ไม่เหมือนเดิมอ่า,1
คุโรโอะกำลังเรียกร้องความสนใจรุเปล่านะ,1
ให้ดอกไม้ไปช่อนึงเพื่อนบอกเห็นเดินกอดกลับบ้าน,1
ถ้าใครได้ไปงานวิ่งแบบนี้มีเยอะมากน่ารัก,1
บางทีเราก็กลัวห่วงเค้ามากไปจนทำให้เค้าอึดอัดแต่เค้ากลับเชื่อฟังเรา,1
ไม่ต้องมาหรอกค่ำแล้วคิดถึงนะงือบิดตัวแปดตลบ,1
ความตะมุตะมิในการนับงานของพี่หมอริท,1
พี่ผู้หญิงพับทิชชู่ใส่กระเป๋าเสื้อพี่ผู้ชายขณะกำลังทานข้าวกัน,1
ไอ่หย่าหลังจากวันวาเลนไทน์เพื่อนกูที่โสดพากันถล่มทวีตกันใหญ่เลยดีต่อจัยน่ารักจัง,1
แอ๊ะอะไรเอ่ยตาโตหัวโนแก้มป่อง,1
ไม่ว่าจะโพสเศร้าโพสมีความสุขพี่ก็ใส่ความรู้สึกให้ทุกโพสเลย,1
ไม่ต้องเป็นทหารหลอกมาเป็นแฟนเราดีกว่า,1
เพิ่งรู้ว่ามีสลักตัวอักษรกับตรงหัวด้ามด้วย,1
สวัสดีวันเด็กต้องรักเด็กอย่างมีคุณภาพ,1
แลดูมีความชอบใจเหมือนได้เล่นอะไรสักอย่างเลยเจ้าก้อนสักวันจะไปหาน๊า,1
วันเด็กนี้ไปเยี่ยมท่านนายกกันนะคะ,1
ทำไมเธอแม่งน่ารักจังพยายามไม่สบตาแต่เธอมองมาก็แทบพัง,1
รู้ไหมผมชอบรอยยิ้มของพี่,1
ไม่ได้ติ่งนะแต่ชอบฟังเพลงคนนี้ชื่อไรอ่อรูป,1
เป็นทิชชู่เปียกที่มีความหมายมากจริงตอนซื้อฉันคิดถึงแต่จะให้นายนัมจุนเงียบไม่เถียงต่อเลยแถมยังขอบคุณอีก,1
ขอบคุณสำหรับคำอวยพรน๊าขอให้น้องพีคมีความสุขเช่นกันนะ,1
เวลาแห่งการรอคอยยามนานกว่าเวลาที่เราจะได้พบกันเสียอีกโอ้ยจะละลาย,1
งูเข้าห้องอีกละมันเห็นห้องกูเห็นสวนสัตว์รึไงว่ะละแม่งนอนอยู่ใต้หมอนกูด้วย,1
หนูหนาวขอความอบอุ่นโหน่ยมีความแวะทุกร้าน,1
วันนี้ดีใจนะคุณลุงโต๊ะข้างมีเพื่อนมานั่งกินข้าวด้วย,1
เมื่อคืนฝันเห็นที่ซิงแหละทั้งคืนเลย,1
ดีจังเลยนะคะลูกเกิดวันที่พิจิคุณแม่ก้เกิดธันวา,1
ใส่นาฬิกาที่พี่บีให้ด้วยสุด,1
วันนี้พนงทวีกิจนี่ถามเรื่องทรัฟเฟิลไปตอบมาพูดจาดีแถมใส่ถั่วแดงให้เยอะมาก,1
สตอรี่เพื่อนคือเด็กมันส่งให้มันฟังโอ้ยเขินตรงเป็นเพลงศลปเรานี้แหละงื้อ,1
ถ้าหากรักนี้ไม่บอกไม่พูดไม่กล่าวแล้วเค้าจะรู้ว่ารักหรือเปล่าอาจจะไม่แน่ใจ,1
โอ้โหแนะนำละเอียดมากขอบคุณมากนะคะ,1
เคยบอกแฟนว่าไม่ได้เป่าเค้กนานแล้ว,1
ก็เค้าน่ารักอย่างงี้นี่เล่าแฟนคลับถึงไปไหนไม่รอดวันนี้ใช้คำนี้เปลืองอีกแล้ว,1
ผู้ชายทำกับข้าวให้กินตอนอ่านหนังสือ,1
บางทีแค่เจอกันก็ไม่เหมือนตอนที่ได้คุยกัน,1
ใส่บาตรเช้ากับคุณแม่ที่บ้านสาธุด้วยกันคะ,1
เราส่งท้ายปีไปด้วยกันนะคะ,1
วัสดีปีใหม่และส่งท้ายปีเก่ากับคำอวยพรของพระเอกศรรามสุขภาพดีิเฮงรวยเดินทางปลอดภัยกันนะคะทุกคน,1
วันนี้นอนบ้านแอมโกลเด้นทาวน์พระรามครอบครัวรัก,1
มีความสุขผมรักคุณผมรักคุณคุณทำให้ผมมีความสุขอรุณ,1
จบฝึกงานแล้วเย้ขอบคุณมากค่ะสำหรับทุกอย่าง,1
เลี้ยงมีตังดีอนาคตเจเจจะมีตังอีกปีมีตังจะคลอดนะคะ,1
ท้องฟ้าดอกศรีตรังท้องฟ้ามีรอยยิ้ม,1
ชอบเวลาได้ถ่ายรูปออกมาสวยรึไม่สวยแต่มันทำให้เราได้ยิ้มคิดดีคิดบวก,1
ขอบพระคุณลูกค้าทุกท่านน่ะครับที่ไว้วางใจอุดหนุนร้านเราน่ะครับขอบคุณนะครับ,1
เด็กนอนแค่นาทีมี้เตรียมใจแล้วงอแงแน่ที่ไหนได้วิ่งป๋อเลยเราคนโตยังเหนื่อยที่เห็นวิ่งนี้ขี้ติดตูดอยู่ด้วยนะสถานที่พระฐาตุพุเต้าไหว้พระขอพรปักธูปถิงถิงแข็งแรงพม่าวันแรก,1
อิ่มมากเลยวันนี้นานทีเจอกันกับกอฟางขอบคุณสำหรับการชวนนะกินข้าวเย็นด้วยนะวันนี้เสพนมปั่น,1
คิดดีชีวิตก็เจอแต่คนดีชีวีรื่นรมย์ชีวิตดี๊ดี,1
ช่วงนี้เห็นยิ้มอ่อนบ่อยหน่อยนะธรรมดาของคนกำลังสุขของเราสุขที่ใจความสุขของเราใช้ซะ,1
ทานข้าวกลางวันกันย้อนหลังวันเกิดพ้มเเฮฟเปรี้ยง,1
คิดถึงสิ่งดีดีในสมัยเด็กเด็กมีความสุขที่ได้มาศึกษาหาความรู้ณโรงเรียนแหลมทองวิทยา,1
มากกว่าการเล่นกีฬาคือการที่เราได้เจอเพื่อนพี่น้องอาจารย์ตลอดเวลาปีที่ได้ร่วมทีมกันนั้นได้สอนอะไรมากมายทำให้เราได้โตขึ้นและเข้มแข็งมาถึงทุกวันนี้ไม่ใช่เเค่ทีมแต่มันคือครอบครัวที่แสนอบอุ่นที่มีอาจารย์ค่อยดูแลให้คำปรึกษาให้โอกาสลูกทุกคนมีพี่ที่คอยสอนตักเตือนน้องมีเพื่อนที่คอยให้กำลังใจกันและมีน้องที่รักในครอบครัวนี้เหมือนกันครอบครัวยิ้มด้วยกันร้องไห้ด้วยกันด้วยกัน,1
จบทริปจังหวัดตากไปหาเด็กดอยปกากะญอมกราคมสนุกตื่นเต้นเหนื่อยดีใจที่ได้เป็นผู้ให้,1
อารมณ์ดีเพราะมีความสุขแพคกล้วยไข่เชื่อมวนไปเพราะงานที่ทำออกมาดีดังใจ,1
ขอบคุณครับทุกท่านสำหรับทุกคำอวยพรอันเเสนน่ารักสำหรับวันเกิดของพ้มซาบซึ้งเเท้จากหัวใจวัยเเฮฟเปรี้ยง,1
ชุดนี้คนข้างซื้อให้ไว้ใส่ไปทำงาน,1
งานพี่แอมพี่มาช่าพร้อมศิลปินรับเชิญพี่มัมพี่ปีเตอร์พี่ดี้,1
ดีใจจังที่ชีวิตมีความสุขในทุกวันมันไม่ใช่เพราะคนอื่นซะทั้งหมดหรอกแต่เราเองที่ไม่เคยดูถูกชีวิตใครไม่เคยขอให้ชีวิตคนอื่นไม่มีความสุขไม่เคยตัดสินเค้าไม่เคยดูถูกความพยายามของคนอื่นเราไม่ใช่คนดีเราเคยทำผิดพลาดแต่เรายอมรับเราแก้ไขทุกคนที่เหลือในชีวิตดีกับเราหมดพ่อแม่เพื่อนคนรัก,1
มาแบบไม่ทันตั้งตัวเค๊กวันเกิดมาก่อนวัน,1
กับข้าวบ้านเกือบจัดเต็มแต่มีความสุข,1
ทำบุญให้คุณแม่ครบวันรักและคิดถึงแม่เสมอแม่กุ้ง,1
เค้าเรียกร้องมาเราก็มีหน้าที่ซื้อและทำให้กิน,1
เธออ้อนก็น่ารักดีแต่เธอโอนเงินเข้าบัญชีน่ารักกว่า,1
อากาศแบบนี้ก็นึกถึงซุปฟักทองร้อนข้นโรยชีสหน่อย,1
จบทริปทำบุญหลายวัดเลยวันนี้ขับผ่านนะกลับกทมได้โต่ยมีความสุขจุงรวยเฮงปัง,1
แต่งตัวสวยงามตามสไตล์นักกีฬารักสวยรักงาม,1
หลังจากสอบเสร็จขอซื้อของติ่งเพื่อทำให้หายเครียด,1
บรรยากาศเย็นธรรมชาติกับวิถีบ้านสดชื่น,1
บรรยากาศเย็นธรรมชาติกับวิถีบ้านขอบคุณที่ดูแลกันนะ,1
เช้าวันพักผ่อนเติมพลังออกกำลังกายสุขภาพดี,1
มาเที่ยวพักผ่อนอยู่กับคนที่รัก,1
เทอทำให้ฉันยิ้มตลอดเวลาที่มาที่นี้,1
พอดีน้องไกด์ฝั่งนี้เค้าอยากมีปฏิสัมพันธ์เลยบอกว่าอย่างพี่นะไม่อยากแค่น้องขอพี่ก็ให้แล้วน้องไกด์แสงวรรณสุดหล่อแห่งท่าขี้เหล็กคนนี้พี่จองทุกงานที่มีเลยนะมีความน่ารัก,1
ยินดีกับแทยังด้วยเห็นรอยยิ้มเบ้แล้วก็มีความสุขยินดีต้อนรับสะใภ้วายจีคนใหม่คนแรกของบิ๊กแบง,1
แต่งตัวสวยงามตามสไตล์นักกีฬารักสวยรักงามสวยงาม,1
ทำบุญถวายหีบศพผ้าขาวจำนวนชุดขอให้ชีวิตดีมีโชคมีลาสุขภาพแข็งแรงสาธุ,1
โครงการอบรมเชิงปฎิบัติการการเพาะเลี้ยงเนื้อเยื่อครั้งที่,1
บ้านเกิดของจอยคุณพ่อคุณแม่ปลูกต้นไม้กินได้หลายอย่างเลยเช่นมะม่วงละมุดมะยงชิดลร่มรื่นมากอากาศดี๊ดี,1
สนทนากับอาม่าเสนอตอนแปลว่าอะไร,1
ไม่ได้เจอกันนานมากดีใจที่ได้เจอทุกคนหวังว่าจะได้เจอกันอีกเรื่อย,1
ขอบคุณที่ชวนเย๊ะโดยไม่หวงวิชาเลยแถมจะสอนการเย๊ะด้วยน่ารักที่สุด,1
แพนเซียคอลลาเจนอยากแอ๊บเด็กแค่ไหนก็เอาอยู่อยากให้ลองกันจริงนะคะผิวลื่นผิวนุ่มไร้ริ้วรอยนำเข้าจากญี่ปุ่นเข้มข้นมากค่ะ,1
สวัสดีวันแรกของเดือนกุมภาพันธ์เป็นเดือนแห่งความรักและวันนี้วันหวยออกขอให้ทุกคนโชคดีเฮงเฮงรวยรวยกันทุกคนครับ,1
สวัสดีเช้าวันที่เดือนกุมภาวันแห่งการเริ่มต้นเดือนใหม่เดือนเกิดและเป็นการเริ่มต้นธุรกิจใหม่วันนี้มาเปิดร้านแต่เช้าพร้อมกับใส่บาตร,1
ขอให้บอกจัดหนักเสมอเอาไปเลยกล่องมดขอกล่องนึงนะ,1
จุดเริ่มต้นเล็กจากการสะสมถ้วยชามของใช้ส่วนตัวบนโต๊ะอาหารจะสะท้อนความเป็นตัวตนของเจ้าของออกมาในรูปแบบต่างราคาและรูปแบบคงไม่ใช่ประเด็นแพงหรือถูกคลาสสิคหรือทันสมัยขึ้นอยู่กับความพอใจของผู้เสพย์ศิลป์ทั้งสิ้นเพราะอะไรในโลกนี้ล้วนเป็นสิ่งสมมติทั้งนั้นความสุขที่สร้างได้ด้วยตัวเองทุกวันที่บ้านคุณค่าที่เราทุกคนคู่ควร,1
พี่ซิมกดถูกใจความคิดเห็นของเราด้วย,1
ขอบคุณพี่ภาสที่นำพากุ้งแม่น้ำโลละบาทและหมักไก่ไว้ให้ตั้งแต่เช้าขอบคุณนัทตี้ที่ตำส้มตำแสนอร่อยขอบคุณทุกคนทุกอย่างที่ทำให้ชีวิตได้มีสีสันอร่อยจริง,1
จะตัดสินใจทำอะไรก็ให้แน่ใจว่าสิ่งนั้นทำให้คุณ,1
ก็ให้ทำต่อไปเพราะเมื่อใดที่เราทุกข์ใจเราจะได้,1
สวดมนต์เจริญภาวนาวันเพ็ญขึ้นค่ำ,1
ตั้งแต่ปีใหม่มาก็มีงานให้คุยให้ออกงานกันตลอดทำหลายอย่างเกิ๊นงานทุกอย่างทุกด้านไปได้ด้วยดีมันยุ่งจนไม่ค่อยมีเวลาส่วนตัวเบยแต่ก็สุขใจเข้าใจกันนะจ๊ะที่รัก,1
ขอแสดงความยินดีกับบุคลากรและนักศึกษาจากศูยน์ฝึกปฎิบัติการอาหารนานาชาติคว้ารางวัลการแข่งขันในรายการครั้งที่ณเมืองปีนังประเทศมาเลเซีย,1
หัวเราะทุกครั้งที่อยู่กับพวกเธอ,1
สุขใดเล่าจะเท่าการไม่มีโรคภัยไข้เจ็บการไม่มีโรคเป็นลาภอันประเสริฐ,1
อรุณสายค่ะก็หมวยนี่ค่ะไม่ได้ตั้งใจ,1
กรอบรูปลอยโปรโมชั่นของทางร้านทุกเดือน,1
วันที่มกราคมศูนย์ฝึกปฎิบัติการอาหารนานาชาติจัดอบรมหลักสูตรอาหารเอเชียและอาหารยุโรปให้กับบริษัทลัคกี้ยูเนี่ยนฟูดส์จำกัดโดยได้รับเกียรติจากอาจารย์นพสิทธ์ภู่ทองเป็นผู้สาธิตณอาคารโรงเรียนปฏิบัติการอาหารนานาชาติศูนย์วิทยาศาสตร์และวิทยาศาสตร์ประยุกต์ถนนสิรินธร,1
มีมากมีน้อยไม่สำคัญกับมันแค่นั้นพอ,1
มอนิ่งคร้าแม่แพทเฮียเรซสดชื่นสดใสทั้งวันนะคะ,1
ดีต่อใจอร่อยแซ่บขอบคุณมากมายค่ะแฮปปี้เบิร์ดเดย์ที่พิเศษอีกวัน,1
เห็นรอยยิ้มเห็นเเววตามุ่งมั่นของพวกเขาเเล้วหายเหนื่อยเลย,1
อวดป๊าจะบอกว่าป๊าพูดอะไรนั่นคือพรอันศักดิ์สิทธิ์เอ๋งเอ๋งเอ๋งฮงฮงโฮงว,1
ช่วงเวลาที่มีความสุขมันมักจะสั้นเสมอ,1
ทำบุญสร้างวัดสร้างอาคารเรียนบริจาคคอมเพื่อใช้ในการศึกษาทำห้องน้ำวัดโรงเรียนแรกของปีนี้เฮงรวยสาธุ,1
วันเกิดปีนี้เราขอให้เพื่อนโชคดีการงานการเงินสุขภาพความรักและบริวารซึ่งล้วนเป็นกัลยาณมิตร,1
ขอให้สิ่งศักดิ์สิทธิ์คุ้มครองให้แคล้วคลาดปลอดภัยทุกสถาน,1
ขอบคุณอีกครั้งสำหรับความสวยงามต่างที่เติมเต็มบางส่วนในชีวิต,1
ขอบคุณครูเจี๊ยบที่ช่วยจัดเรียงท่าและถ่ายรูปให้นะจ๊ะ,1
ภาพฮาก่อนบ่ายคลายเครียดกับครูโป้งเหน่ง,1
ที่สุดของคนคือการเป็นคนธรรมดาที่,1
ร่ำรวยเงินทองอย่าเจ็บอย้าจนเด้อ,1
เลือกจดจำแต่สิ่งที่ดีมันจะทำให้ใจคุณ,1
ฟังแล้วก็กวนซอสบลูเบอร์รี่สำหรับบลูเบอร์รี่ชีสพายไปด้วยอย่างกะในหนังฝรั่ง,1
น่ะเมิงมีความสุขมากรู้จักกันกว่าปีกูมีแต่ความหวังดีให้ขอให้เมิงเจอแต่สิ่งดี,1
วันนี้ตื่นแต่เช้าเพื่อทำสิ่งดี,1
ขอบคุณนะคะที่พาหวานไปเที่ยวกินอะไรอร่อยมีความสุขมากเลยค่ะ,1
ขอให้มีมูลค่าดั่งแก้วแหวนเงินทองสารพัดนึกคิดปรารถนาสิ่งใด,1
กลับมาที่เดิมที่เฮ้าส์เคยขอแต่งงา,1
เเกพี่ฮาร์ทเคาไฮไลท์ข้อความอ่า,1
เเต่เราก็ไม่ได้ของรางวัลเเต่ไม่เป็นไรจะติดตามผลงานพี่เคาเรื่อยรึกัน,1
สบายใจคลายความทุกข์สุขตามมาทุกเวลาพาชื่นใจ,1
ความสุขที่มีด้วยกันเมื่อตอนไปเที่ยวในที่ไม่เคยไป,1
วันที่มคศูนย์ฝึกปฏิบัติการอาหารนานาชาติจัดอบรมอาหารไทยและการแกะสลักเบื้องต้นให้กับนักศึกษาจากจำนวนคนโดยอาจารย์พงศ์อนันต์ศิริแสงไพรวัลย์อาจารย์อภิวรรณฟักน่วมและอาจารย์ธณภรณ์คงชูเป็นวิทยากรสาธิตในเมนูถุงทองผัดไทบัวลอยเผือกและการแกะสลักผักเบื้องต้น,1
ครึ่งเช้าของวันซ้อมผ่านพ้นไปอย่างราบรื่นการทำผมแต่งหน้ากันเองยังคงแป๊ะบ้านโป่งสบายจังหวะนางเข้าหอประชุมชั่วโมงควบรถตู้มุ่งหน้าพระรามไปดูกองถ่ายสู้กันไปยาวเป็นยอดมนุษย์ต้องทำได้ทุกอย่างเรื่องงานเรื่องส่วนถ้าใจได้อะไรก็ได้หมด,1
ครั้งแรกกับการไปจังหวัดสุพรรณบุรีเมืองสงบน่าอยู่ผู้คนน่ารักอาหารอร่อย,1
พี่ก้อยมีอะไรให้หนูกินอีกมั้ยค่ะ,1
วันนี้มาอิ่มอร่อยที่ครัวตานัอยอีกค่ะ,1
คุณมีสิทธิ์ที่จะมีความสุขไม่น้อยไปกว่าคนอื่น,1
ฉันก็ไม่รุ้ว่าอ้อมกอดมันอุ่นเเค่ไหน,1
วันที่เรายิ้มด้วยกันฉันมองมันทีรัยฉันก็ยัง,1
ดังไกลในต่างแดนแพ็คของเตรียมส่งสิคะลูกค้าซื้อซ้ำตลอด,1
พัทลุงหาดใหญ่มาจบที่ทะเทหมอกกรุงชิง,1
วันเกิดทั้งทีมาไหว้พระไกลแต่ก็คุ้มค่าที่จะมา,1
ก็ทำไรไม่ถูกมันก็จะบ้าบอชวนชนแก้วกินชากันในร้านขายของเก่ากันนิดส์,1
ไปที่ไหนไม่ค่อยมีความสุขนอกจากที่นี้มีความสุข,1
เป็นเด็กบ้านเป็นเด็กเลี้ยงควาย,1
ขอบคุณที่รักอุตส่าห์เลี้ยงข้าวมื้อนี้,1
สุขสันต์วันเกิดลูกสาวขวบแล้วจ้า,1
มีหนุ่มหล่อสาวสวยมาเพิ่มที่บ้านอีกแล้ว,1
อ้อนอะไรคะคุณสามีถ่ายรูปไม่แคร์สายตาผปคคนอื่นเลยนะคะ,1
เมื่อยุกับมัมมู๊เที่ยวกินเล่นนอน,1
ทำบุญทำทานกับสัตว์กะบายใจดีมีโอกาสจะไปทำเรื่อยนะ,1
อาจจะงอแงบ่อยอาจจะน้อยใจเก่งแต่รวมแล้วก็รักพี่นะ,1
เมื่อวานครับได้มีโอกาศไปสักการะขอพรสิ่งศักสิทธิ์ที่เจดีย์ชเวดากองเเละอีกหลายที่ในเมืองย่างกุ้งประเทศเมียนม่าช่างงดงามอร่ามทองเเท้มากว่าสองพันปีมีความสุขชอฟมากครัฟ,1
มุงหน้าไปลำพูนไปไหว้พระแต่ตอนนี้ถึงไหนแล้วบ่รู้คร้าบ,1
ขอบคุณครับครูสมชัยไตรวรรณทวีและน้องนะครับ,1
เรียนอยู่ก็หาเงินใช้เองได้เว้ย,1
ชอบมองนางตอนเวลานอนเพราะมันทำให้เรา,1
เราจะมีความสุขอยู่คนเดียวไม่ได้เราต้องสร้างรอยยิ้มเเละความสุขให้ผู้อื่นด้วย,1
กลุ่มเพื่อนสาวหิมะสนุกแต่หนาวมากกเลยชาไปหมดเเล้วหิมะถล่ม,1
ครูยุ้ยขอให้สมหวังในทุกเรื่องนะจ้า,1
สนุกตื่นเต้นครบทุกอย่างในวันนี้,1
เรื่องดีคือการเปิดเส้นทางบินตรงถึงเชียงใหม่ทำให้มีโอกาสลั้นลากับลูก,1
ไปเป็นคนสวนเก็บผลไม้จากบ้านแม่ย่า,1
พวงแสดบานปีละครั้งปลูกไว้ริมรั้วสวยมากฮับอ๊บอ๊บ,1
เครื่องแรงจริงคิดถึงบรรยากาศบ้านเราแท้,1
ไม่เคยคิดว่าน้องจะได้แต่งงานยินดีด้วยจ้า,1
ขอบพระคุณลูกค้าทุกท่านน่ะครับที่ไว้วางใจอุดหนุนร้านเราน่ะครับ,1
ลูกสาวคนสวยซื้อเป็นของขวัญคุณพ่อปลื้มทั้งคุณพ่อและคุณลูกยอดดีขายดีอันดับโลกยิ่งโดนเหงื่อยิ่งหอมขวดเดียวจบขอบพระคุณลูกค้าทุกท่านน่ะครับที่ไว้วางใจอุดหนุนร้านเราน่ะครับ,1
เขาว่าพฤหัสบดีสีแสดเขาคือใครใครคือเขา,1
ทุกครั้งที่ลูกค้ากลับมาบอกว่าหน้าเค้าดีขึ้น,1
ทำบุญได้บุญกับพวกเราพนงลูกจ้างน้องนิสิตนักศึกษ,1
ขอบคุณพี่พี่ทุกคนที่มาร่วมปาร์ตี้สร้างสีสันกับพวกเราในวันนี้ด้วยนะคะ,1
คุ้กกี้พลังสามพี่น้องเสี่ยงทาย,1
ใส่เรื่องดีดีก็มีแต่เรื่องดีดีเข้ามา,1
ดีใจที่ได้เป็นส่วนหนึ่งทำให้ลคผิวหน้าดีขึ้น,1
ขายของดีดีมีคุณภาพรีวิวมีมาทุกวัน,1
หนีแอ่วดอยดูดอกพญาเสือโคร่งบานณปางขอนห้วยชมภู,1
นู๋ดาวง่วงนอนอิแม่ยังมาถ่ายรูปอยู่ได้,1
ปีกับอีกครึ่งหนึ่งพึ่งจะได้เห็นดอกของลูกนี้และสวยงาม,1
ถึงจะไม่ใช่ที่ที่ดีที่สุดแต่รู้จัก,1
ดูแลกันทุกวันของจารุขอบคุณมากค่ะ,1
ลองอ่านในตาพี่นะจ้ะถึงตาพี่จะเล็กเท่าเม็ดกั๋วจี๊แต่มองอ่านทะลุทะลวงมากนะจะบอกให้ไม่ต้องห่วงกัฟนู๋รู้และเข้าใจงัฟ,1
กราบขอบพระคุณผู้ใหญ่ใจดีที่พามาทานอาหารอร่อยในวันนี้นะคะ,1
แฟนพามาตกปลามาดูนกเป็ดน้ำบรรยากาศดีมากอากาศก็ดี,1
รอนานแล้วนะแต่ยินดีที่ได้มีคุณครับ,1
เเซ่บอีหลีเด้อบ่ายแบบนี้จกส้มตำปูปลาร้าพร้อมเสียงเคี้ยว,1
เป็นทริปที่สนุกสนานประทับใจมากมาย,1
พี่สาวสดชื่นสมหวังเฮงรวยแข็งแรงตลอด,1
สิ่งสวยงามที่ยังคงอยู่รายรอบตัว,1
มาทำงานด้วยรอยยิ้มเช้ามามีวางอยู่ที่โต๊ะอาจจะเจอหัวใจของเธอข้างใน,1
สิ่งเดียวที่ครูมอบให้ได้คือความปรารถนาดี,1
ย่าคิดว่าเร็วไปที่จะเรียนรู้เด็กมีความสนใจสร้างเสริมความฉลาดคิดฉลาดทำเล่นอย่างสร้างสรรค์,1
บางครั้งผู้หญิงก็ไม่ได้ต้องการผู้ชายที่เพียบพร้อมเฟอร์เพคสมบูรณ์แบบไปซะทุกอย่างหรอกนะเค้าแค่ต้องการผู้ชายที่รักเค้าเข้าใจดูแลเค้าได้และที่สำคัญอยู่ด้วยกันแล้วสบายใจเป็นตัวของตัวเองและ,1
บางครั้งการคลายเครียดมาในรูปของการกิน,1
มาแว้วแพ็คเกจใหม่ส่วนผสมแน่นดีกว่าเดิม,1
ขอบคุณที่ได้ทำสิ่งดีให้กันนะค่ะ,1
เพราะความรักมันโหดเลยอยากโสดเป็นธรรมดา,1
มาแว้วรอแล้วรออีกในที่สุดก็มา,1
จงฝากชีวิตไว้กับสติและปัญญาอย่าฝากไว้กับโชคชะตาที่มองไม่เห็น,1
เป็นกีฬาเพื่อความมีสุขภาพอนามัยดีนะครับ,1
เข้าวัดทำบุญเพื่อความเบิกบานใจ,1
สายตาปกปิดได้ด้วยแว่นแต่ที่เผยออกมาเต็มคือรอยยิ้ม,1
งานสดุดีอัครศิลปินนวมินทร์มหาราช,1
ขอบคุณอาหารกลางวันและเครื่องดื่ม,1
เหนื่อยสนุกมิตรภาพจะชาวบ้านตลอดข้างทางเด็กแต่ละโรงเรียเสียงเชียร์,1
แฮปปี้มีความสุขวันเริ่มทำงานแห่งสัปดาห์,1
ใครว่าชีวิตอายไม่ดีแลดูน่าเบื่อใครว่าชีวิตฉันนี้แหละดีที่สุด,1
อยากหลับตาอยู่ตรงนี้หยุดเวลาไว้ได้ไหม,1
ผมสวยผู้หญิงเราก็จะมีความมั่นใจและมีความสุขมากเว่อร์,1
หลากสีสันลายตาไปหมดทั้งเล็กใหญ่,1
ขอแสดงความยินดีกับผู้เข้าอบรมหลักสูตรอาหารนานาชาติยุโรปรุ่นด้วยนะคะจบหลักสูตรแล้วค้า,1
ตั้งแต่มาเล่นเวคบอร์ดโชกุนคะแนนสอบดีขึ้นเรื่อยเลยมีความรับผิดชอบมากขึ้นโตขึ้นเยอะเลยตั้งใจเรียน,1
เล่นอย่างมีความสุขสนุกสนานนะลูก,1
เพียงแค่มีความสุขกับตัวเองไม่ต้องคิดถึงคุณอีกต่อไปมันเหนื่อยมากและเสียเวลาของฉันฉันดีกว่าคิดที่จะหาวิธีที่จะทำให้ตัวเองมีความสุขมากขึ้นอีกครั้งและสนุกกับวันของฉันอย่างใจเย็นโดยไม่ต้องคิดถึงคุณเพราะฉันรักตัวเองมากขึ้นและตลอดไปจะยังคงเป็นอย่างนั้นหวังว่าสิ่งที่ไม่แน่นอนจะเป็นอันตรายและคุณเป็นสิ่งที่ไม่แน่นอนฉันจะมี,1
อย่าทำตัวเองให้เป็นทุกข์แค่นั้นชีวิตเราก็มีความสุขและ,1
ขอบคุณช่วงเวลาดีดีตลอดเวลาที่ผ่านมาที่ทำให้มีความสุขน้ะ,1
สัปดาห์กับการอยู่ที่นี้มันได้เรียนรู้สิ่งใหม่การปรับตัวให้เข้ากับสิ่งแวดล้อมก่อนมาลำบากใจมากพออยู่ไปอยู่มากลับสบายใจยิ่งกว่า,1
นั่งมอไซร์ขึ้นรถเมล์แดดร้อนเดินช๊อปปิ้งกินกาแฟแกะหอยแครงรถกระป๋องหมี่กระเฉดแทะเล้งกลับบ้านไม่ถูกหลงกรุงเทพป๊าบ่นเออกลับแท็กซี่ก็ได้วันวันนึงทำอะไรได้ตั้งหลายอย่าง,1
ไม่ต้องเป็นคนดีที่สุดสำหรับคนทั้งโลกแค่เป็นคนดีให้เพียงพอกับตัวเองกับครอบครัวที่ตนรัก,1
เหมือนอยู่ในทุ่งลาเวนเดอร์เลยชอบทุกรูปเลยลงมันหมดนี่แหละ,1
สร้างได้ความคิดดีฝึกได้คนรอบข้างดีเลือกได้จะสุขหรืิทุกข์เลือกเอาชีวิตเป็นของเรา,1
ตั้งแต่จำได้ก้าวแรกในการเข้าทำงานในสายบันเทิงก็ทำงานร่วมกันตลอดมาแม้เวลาผ่านไปต่างคนต่างเติบโตแต่งงานมีครอบครัวเติบโตทางสายงานไปเป็นผู้จัดบ้างเราก็ยังคงได้ร่วมทำงานกันในสายงานบันเทิงต่างคนเติบโตไปตามหนทางของแต่ละคนแต่สิ่งหนึ่งที่ยังคงอยู่เสมอนั้นคือมิตรภาพที่ดีที่มีให้กันตลอดมา,1
มีความสุขกับตัวเองกำลังจะเกิดขึ้นวู้ฮู้,1
จงไหลเข้ามาชีวิตไหลรื่นการหางานไหลรื่นครอบครัวไหลรื่นความรักก็ไหลรื่นสาธุ,1
ความว่างเปล่าที่ไม่มืดมนจะมีแสงสว่างนำทางเราเสมอ,1
ลองคิดดูว่าสิ่งที่เสียไปกับสิ่งที่ได้มาอะไรมันคุ้มกว่ากัน,1
บางอย่างไม่ยากอย่างที่คิดขอแค่ใจเรานั้นอย่ายึดติด,1
ไม่เจอก็เหมือนเจอเปิดปุ้บเจอปั้บทุกวัน,1
ขอบคุณมากน่ะค่ะสำหรับประสบการณ์ดีดี,1
ทุกวันอาจจะไม่ใช่วันที่ดีแต่มันก็มี,1
เรื่องราวจากหลักพันบาทสู่หลักพันล้านวิงค์ไวท์ประสบความสำเร็จขนาดนี้ได้ยังไงติดตามและเป็นกำลังใจให้แป้งด้วยนะคะ,1
ขอบคุณแล้วเราจะได้รับสิ่งนั้นมากขึ้น,1
ความสุขง่ายจากการให้และแบ่งบัน,1
เตรียมพร้อมกับเจอโลกกว้างข้างหน้าปีถัดไป,1
ขอบคุณที่ดูแลมาเติมเต็มสิ่งที่ขาดหายไป,1
ที่ได้กลับมาประสบการณ์ที่เราหาไม่ได้จากตัวหนังสือจริงคะ,1
สวัสดีวันอาทิตย์ชีวิตสุขสดใสอยู่บ้านก็สุขใจไปไหนก็โชคดี,1
มิตรภาพที่น่ารักและทักทายกันตลอด,1
มีอยู่รอบรอบตัวคุณและพร้อมจะเดินเป็นเพื่อนคุณไปทุกหนทุกแห่ง,1
ให้ความสุขกับคนอื่นไม่ว่าในรูปแบบใด,1
จงทำตัวให้เหมือนนาฬิกาถึงแม้จะเดินวนแต่ก็เดินไปข้างหน้าไม่ถอย,1
ระหว่างทางอาจไม่ใช่ของเราแต่ปลายทางมันเป็นของเรา,1
วันนี้มาทำบุญให้พ่อวัดชลอเป็นวัดที่พ่อชอบพามาทำบุญบ่อยจนเป็นวัดประจำที่ตัวเองกับแฟนเมื่อก่อนมาเกือบทุกครั้งที่อยากทำบุญมาตั้งแต่สมัยอุโบสถบนเรือหงส์ยังแค่เริ่มสร้างปัจจุบันสร้างเสร็จสวยงามหลังวัดเป็นคลองพ่อก็พาให้อาหารปลาเรียกว่าเป็นวัดที่มีความผูกพันธ์ด้านจิตใจวัดหนึ่งพอถึงวันพ่ออยากทำบุญให้พ่อที่จากไปก็นึกถึงวัดชลอทันที,1
ริมคลองที่เราชอบมานั่งมองพื้นน้ำ,1
วันนี้ตอนแรกนะจ้ะฝากติดตามกันด้วย,1
ช่วงเวลาดีจะกลายเป็นความทรงจำที่ดีและช่วงเวลาแย่จะกลายเป็นบทเรียนที่ดี,1
โย่งนี้คือโฉมหน้าผู้บริหารของผลิตภัณฑ์พวกเรารอคุณอยู่เริ่มก่อนสวยก่อนรวยก่อนจร้าสนใจสั่งซื้อตัวเเทนจำหน่ายสอนการขายด้วยนะคะ,1
มักจะเกิดขึ้นกะเราโดยไม่รู้ตัว,1
อรุณสวัสดิ์ช่วงนี้ดอกพุดออกดอกเยอะมากตัดแทบไม่ทันส่งความหอมสดชื่นเย็นใจมาให้ทุกคนคร่า,1
จัดหนักจัดเต็มมาทั่งวันให้ช่วยนะคะ,1
เพื่อนที่อยู่ข้างยามที่เรากำลังแย่เขาว่านั่นแหละเพื่อนแท้,1
เพิ่มสูงไม่ได้ยากอย่างที่คิดด้วยผลิตภัณฑ์เสริมอาหารที่จาทำให้คุณสูงพร้อมบำรุงในราคาสุดคุ้มเพียง฿,1
หมดเวลาที่จะเตี้ยอีกต่อไปมาสูงกันเถอะอยากสูงต้องทานแคลเซียมน้องใหม่ที่ได้สารสกัดจากสารสกัดสำคัญในการผลิตอาหารเสริมเพิ่มความสูง,1
จากกันวันนี้เพื่อทำตามความฝันแล้วกลับมาพบกันพร้อมความสำเร็จที่ยิ่งใหญ่,1
จิตใต้สำนึกที่มีถ้ากูรักกูไม่ทรยศก่อนแค่นั้น,1
ทำไมผมเหงาทำไมผมไม่เหมือนทุกวันที่เป็นมาเหมือนมันขาดอะไรไปในหลายอย่างจากที่เราเคยอยู่ด้วยกันนั่งเฮฮาด้วยกันแต่วันนี้มันกับดูเงียบมืดไปทุกทางผมได้รู้ว่าการได้อยู่กับพวกพี่มันทำให้ผมมีความสุขแต่วันนี้มันไม่มีแล้วแต่เรายังคงเหมือนเดิมฟลุ๊คบาร์ไซรัปกูไม่เคยลืมมึงนายฟลุ๊คดอนแร่,1
กพปีปวขอบคุณคนถ่ายรูปให้ด้วยนะครับ,1
ก็ถ่ายไปงั้นคึคึรรห้วยข่าพิทยาคม,1
ถึงจะน้อยแต่ก็เต็มน่ะจ้ะจารย์ยิ้มหน่อยค่ะ,1
ตัวสูงแข็งแรงแบบนี้เอาใหม่จ๊ะจ่ายไม่แพงด้วย,1
ครั้งหนึ่งในความทรงจำความภักดีขอบคุณ,1
ขอบคุณสำหรับของขวัญน่ารักนะคะซันแทยุนปียังเหมือนเดิม,1
พี่ไก่ลูกค้าประจำวันนี้ก่อนเข้ามาสอบถามสินค้าที่ต้องการทางไลน์พูดคุยส่งรูปสินค้าใหม่ให้ดูเชิญชวนพูดคุยได้ไปพันกว่าขอบคุณมากค่ะ,1
น้องยังเด็กแต่รู้จักที่จะทักทายคนรอบข้างแล้วค่ะถึงแม้จะเป็นเรื่องเล็กของเด็กแต่ทำให้แม่ปุ้ยคิดถึงคำว่าเริ่มจากสิ่งเล็กที่เรียกว่าทักขึ้นมาเลยค่ะ,1
ขอบคุณสาวและหนุ่มมากเว่อร์ศศยังไงก็ร๊าก,1
จบทริปสองเกลออินสิงคโปร์ขอบคุณเพื่อนนูญมากสำหรับทริปนี้พาเราไปหลายที่เลยและเบื้องหลังรูปสวยสนุกสนานเฮฮากินอ้วนอิ่มประสบการณ์ถ่ายรูปฮินดูตื่นเต้นกรี้ดกร้าดแบกของต่อคิวซื้อหมูฟิตเนสว่ายน้ำรถเมย์ในตกการ์เด้นเบย์เท้าฟองสิงโตปลา,1
อย่างน้อยก็ทำให้รู้ว่าใครที่หวังดีกับเราจริง,1
จะไม่ได้เจอกันแล้วคิดถึงสายแข็งจังเลยแก๊งค์นางฟ้าที่ดีอย่าลืมเค๊านะ,1
ทำไมอ้วนก็ชาวบ้านเขาผึ้งก็ขาวผอมไปสิแฟนผึ้งเสยผมเท่ซะ,1
โอเอซิสชอบในสิ่งเดียวกันเลียมโนลกัลลาเกอร์นี่มันกัลลาเกอร์ทุกรุ่นจริง,1
มิตรภาพก็เหมือนกับดอกไม้ถ้าเราดูแลรักษามันโลกนี้จะเป็นสวนดอกไม้โลกสวย,1
กว่าปีที่คบกันมาไม่มีวันไหนที่ไม่ทะเลาะแต่รักมากขึ้นกว่าเดิม,1
น้องมุกหมวยหน้าร๊ากเอาใจไปเลย,1
บัดดี้จากเมืองรถม้าลำปางเขาชนไก่,1
ไม่ต้องยืนในที่ดีที่สุดแค่ยืนในที่เราสุขก็พอแล้วดอยอินทนนท์ความหนาวความรัก,1
จากวันนั้นถึงวันนี้ก็ยังเพื่อนกัน,1
อยากให้ใครรักเราจงให้ความรักเค้าก่อน,1
หวัดดีตอนบ่ายค่าโรงเรียนบ้านไทยสามัคคี,1
บ่มีดอกคุ่มีแต่หมุ่นิล้ะเก้บตกเพื่อน,1
รักนะสาวเพื่อนขอบคุนที่ค่อยยุข้างตลอด,1
ทริปอิ่มบุญวัดฉลองวัดเขานาคเกิด,1
ภาพวันคืนสู่เหย้าเลี้ยงรุ่นช่างกลวิทยาลัยเทคโนโลยีดอนบอสโกอบอุ่นจริง,1
เพื่อนและไม่ได้อยู่ที่ว่าใครจะมาก่อนมาหลังแต่อยู่ที่ว่าใครเข้ามาแล้วไม่ออกไปคิดถึงบ้าไอ้เกลอเห้อ,1
นานจริงอะไรจริงปีที่ไม่ได้มาเจอกันเพื่อน,1
สามหนุ่มสามมุมที่ยั่งยืนจะเกิดขึ้นได้หากคุณรู้จักคำเหล่านี้ซื่อสัตย์จริงใจให้เกรียติเข้าใจและให้อภัย,1
นานแค่ไหนที่ไม่ได้เจอแรดเหมือนเดิม,1
เก็บความทรงจำดีไว้ให้มากที่สุดนะคะ,1
จะกี่ปีก็ยังคงมีมิตรภาพที่ดีให้แก่กันงานคืนสู่เหย้า,1
จะวันเดือนปีถ้ามันใช่มันก็ใช่แต่ถ้าไม่ใช่จะนานแค่ไหนก็ไร้ค่า,1
ธรรมชาติมันดีแบบนี้นี่เองทำให้ยิ้มได้ทำให้สนุกได้และทำให้เรามองเห็นคนข้างอนุบาลความสุขในวันนี้ความทรงจำ,1
รุปมันเยอะเหลือเวลาไม่ถึงเดือนก้จะจบมล่ะน่ะ,1
มิตรภาพดีเพียงไม่กี่วันก็ไม่อาจลบออกได้ถ้ามันเป็นความทรงจำดีในช่วงเวลานั้นหลับให้สบายนะน้องปั๊มขอให้ไปสู่ภพภูมิที่ดี,1
ไม่จำเป็นต้องเป็นสถานที่ที่ดีที่สุดก็ทำให้ยิ้มได้กว้างที่สุดได้,1
ชีวิตก็เหมือนการลงทุนขาดทุนบ้างได้กำไรบ้างเป็นเรื่องธรรมดาอันไหนทำแล้วได้กำไรก็ดูแลรักษาไว้อันไหนขาดทุนบ่อยก็ควรปล่อยมันไปแล้วเริ่มต้นทำสิ่งใหม่ชีวิตมันก็มีแค่นี้โอกาศมีไว้สำหรับการเริ่มต้นใหม่เสมอ,1
จบแล้วปีเขาตะกรุดรังไว้เจอกันปีปีเขาชนไก่,1
สิ่งหนึ่งในใจที่ไม่สามารถอธิบายด้วยคำพูดแต่สามารถสัมผัสได้ด้วยหัวใจ,1
ในรอบหลายเดือนกว่าจะครบทีมเพื่อนสนิท,1
คิดถึงนะคิดถึงทุกคนเลยมาอยู่นี้เหงามากมายยคิดถึงเสียงหัวเราะพวกแกจังเลยย,1
ค่าของการเดินทางไม่ได้วัดที่ระยะทางแต่วัดกันด้วยที่,1
อิสระภาพคนทั้งคนไม่เคยรู้จักกันต่าคนต่างที่แต่จุดหมายเดียวกันมิตรภาพระหว่างทางทำให้เราได้รู้จักกันภูกระดึงภูไทเวียงพิงค์,1
ขอบคุณที่ได้เจอเพื่อนดีแบบนี้ถึงแม้เป็นเวลาสั้น,1
ล้านคนที่ฉันได้พบเจอแต่เสือกเอาใจฝากไว้ที่เธอแค่คนเดียว,1
คิดแคปชั่นไม่ออกแต่ถึงพวกมึงตลอดน่ะจ่ะ,1
ความรู้สึกบางอย่างลักษณะมันคล้ายอากาศมองไม่เห็นไม่ได้เจอไม่ได้คุยแต่รู้ว่ามันยังอยู่ตรงนั้นตลอดไป,1
เลือกมันว่าประสบการณ์ปีผ่านไปเวลาเดินเร็วจิงมันเป็นบทเรียนที่แสนยากและต้องใช้ความอดทนเป็นอย่างมากแต่ก็เป็นการเรียนรู้ที่มีคุณค่าพอที่ทำให้เป็นแรงผลักดันกับการก้าวเดินหน้าต่อไป,1
จากคนไม่สนิทกลายมาเป็นเพื่อนสนิท,1
การเดินทางแต่ละครั้งมันมีเหตุผลของมันเสมอ,1
มันเรียกว่าความรักเป็นการเจอกันที่ครบทีมสุดครบเครื่องสุด,1
มีผมเท่านั้นที่รู้สึกอยู่ฝ่ายเดียวหวังแค่คุณเขาใจผมผมเข้าใจคุณชีวิตผมหวังแค่เพียงสิ่งเดียวคือการเป็นมิตรไมตรีซึ่งกันและกันแม้สถานะจะต่างกันก็ตาม,1
ชอบรูปนี้ให้ความรู้สึกที่ต่างกันต่างกันที่วาระเวลาและคนข้างแต่มีสิ่งนึงที่ไม่ต่างกันนั่นก็คือ,1
ช่วงเวลาแห่งความเศร้าเหงาและท้อฉันอาจไม่มีใครแต่ในยามที่ฉันอยากทำความดีอยากทำบุญอยากทำสิ่งดีฉันมีเพื่อนที่น่ารักขอบคุณที่สร้างกรรมดีร่วมกันฉันรักเธอเพื่อนต่างวัยที่หัวใจเดียวกัน,1
เริ่มต้นที่สระบุรีสิ้นสุดที่หนองคาย,1
มาถึงบ้านไม่ถึงชั่วโมงก็ชวนกูออกเลยจร้ากูก็ปฏิเสธใครไม่ค่อยจะเป็นด้วย,1
กรรมที่สร้างสรรค์คือการลงมือทำเพื่อปรับปรุงพัฒนาตนแล้วนำไปใช้ให้เกิดประโยชน์ในชีวิตจริงความสมดุลแห่งตนการอยู่ร่วมกันอย่างลงตัวการยอมรับความเป็นธรรมชาติของกันละกันเพื่อนำไปสู่ความสันติสุข,1
อายุไม่ใช่ปัญหาขอจงมีความสุขขอจงพบแต่ความสุข,1
ขอให้เจอแต่สิ่งที่ดีเข้ามาในชีวิต,1
ได้มั้ยดวงดาวช่วยดูแลเขาแทนฉันที,1
การเดินทางสร้างได้เสมอและอาจเป็นช่วงเวลาที่ได้เรียนรู้กันและกัน,1
ขอบคุณพี่น้องอาจจะมาช้ากับคำนี้แต่รู้สึกยินดีและดีใจที่ได้รู้จัก,1
รูปหมูก็มีนะจับมือไว้แล้วไปด้วยกัน,1
เกิดจากความรู้สึกที่ดีภายในหัวใจไม่เอาเปรียบประนีประนอมรักใคร่,1
เพื่อนไม่ได้อยู่กับเราตลอดไปแต่เพื่อนอยู่ในใจเราตลอดกาล,1
เมื่อเรามีความซื่อสัตย์เก็บกระเป๋าส่งคืนลูกค้าชาวต่างชาติรัสเซียคำว่าขอบคุณที่ทำให้ทั้งพูดรับและผู้ที่พูดรู้สึกดีความซื่อสัตย์ความรู้สึกดี,1
อะไรที่ไม่ใช่ก็เทมันทิ้งไปเก็บสิ่งที่ใช่สำหรับเราไว้ก็พอ,1
มาขอถ่ายรูปเเบบนี้เราเขิลนะรู้มั้ยนศท,1
ฮัลโหลวันนี้เป็นวันคล้ายวันเกิดชะยังไงก็สุขสมอย่างที่หวังคำอวยพรก็เหมือนกะทุกปีเเหละแค่อ้าปากก็คงจะรุ้คบกันมานานและจะอยู่ตรงนี้ไปอีกนานแล้วก็อยู่ให้อวยพรไปนานนะเหมิดคำสิเว้ากว่าปี,1
การเปลี่ยนแปลงหลายครั้งเราเจอกับคำนี้ทุกการเปลี่ยนแปลงมันสอนเราเสมอมันทำให้เราโตขึ้นเสมอการเปลี่ยนแปลงหลายครั้งก็มาจากตนเองหลายครั้งก็มาจากผู้อื่นแต่เมื่อสิ่งนั้นมีอิทธิพลกับชีวิตของเราก็เป็นหน้าที่ของเราที่ต้องบริหารจัดการต่อไปอย่าปล่อยให้ชีวิตลอยไปตามกระแสธาราจงกำหนดหนทางด้วยตนเองเมื่อตัดสินใจแล้วจงมุ่งมั่นและทำสิ่งนั้นให้สุดกำลังก้าวต่อไปหนทางยังอีกยาวไกลความสำเร็จที่เรารอคอยต้องอาศัยโฟกัสที่มั่นคงจงเป็นกำลังใจให้กันและกันและก้าวต่อไปตามที่ใจฝัน,1
เมื่อมีความโดนอาจารย์และพี่แกล้ง,1
มิตรภาพไม่จำเป็นต้องหาที่ไหนอื่นไกลแค่หยิบยื่นความรักให้กันก็พอ,1
สิ่งสำคัญที่เรายังอยุ่ด้วยกันไม่ว่าจะทะเลาะจะงอลจะไม่เข้าใจกันแต่ก็ไม่เคยเลิกคบกับมันได้สักทีถึงวันนี้ต้องแยกย้ายกันแต่สัญญายังไงเราก็คือแก๊งค์เดียวกันตลอดไปไม่มีอะไรเปลี่ยนให้มันตราตรึงเก็บในใจจนไปถึงวันลาจากแม้กาลเวลาเปลี่ยนแต่สิ่งหนึ่งยังอยู่,1
ความเป็นเพื่อนไม่เคยเจือจางเรอยยิ้ม,1
เคยรักยังไงก็รักอยุ่แบบนั้นม่เคยเพิ่มม่เคยน้อยลง,1
ซ่าสั่นจุดเริ่มต้นของผู้ชายคนบิ๊กแดนบีม,1
บอกว่าอย่าชวนมึงก็รู้ว่ากูปฏิเสธไม่เป็น,1
งานแต่งต้อมเพื่อนคนแรกของมหาลัยมีความสุขมั่กมากนะร๊ากฝุดจุ๊บ,1
รักเหมือนเดิมเพิ่มเติมแกอ้วนขึ้นกินให้มันน้อยหน่อยนะปลฝนมันถ่ายแบบไม่ตั้งหลักมันแกล้งเราอ้อ,1
เอาชนจากวันนี้จะมีเราเราและนาย,1
ขอให้อยู่แบบนี้ตลอดไปนะการมางานวันนี้ได้ความรู้สึกสมัยแรกที่มาได้อย่างดีบางครั้งหลายครั้งที่ถอดใจอยากวางมือในบางทีแต่ด้วยมิตรภาพคำนี้คำเดียวเราเลยยึดมั่นที่จะเดินหน้าต่อไปได้ขอบคุณนะเพื่อนที่ประคับประคองความรู้สึกดีกันมาตลอด,1
นานที่ไม่ได้เจอแต่ก็ไม่เปลี่ยน,1
แฟชั่นฤดูหนาวที่นี้กรุงเทพมีรอยยิ้มเสียงหัวเราะมีเรื่องราวแม้เพียงเวลาสั้นที่ได้เจอกันถือเป็นอีกหนึ่งความทรงจำก่อนสิ้นปีและต้อนรับปีใหม่บันทึกความทรงจำธันวาคม,1
เพื่อนก็คือเพื่อนเพื่อนกันตลอดไป,1
เสร็จสิ้นภาระกิจของปโทอย่างเรา,1
เด็กมีรุ่นปีผ่านไปไม่เจอกันเพื่อนกันตลอดไป,1
เพื่อนมีไม่ต้องเยอะก็ได้แค่ไม่ทิ้งกันไปไหนในวันที่เราต้องการใครสักคน,1
ชักชวนกันมาน้ำตกทีลอซูอุ้มผางตากมันเยี่ยมมากธรรมชาติสร้างสรรค์,1
รักอาตี๋ที่สุดมาครั้งเดียวของฝากครบทุกคนรักเมื่อไหร่จะเจอกันอีก,1
เวลาเดินวนเวียนให้เรามาพบกันอีกครั้งในที่แห่งนี้ทั้งดีใจและใจหายในเวลาเดียวกันเพราะการมาพบเจอกันครั้งนี้ในที่แห่งนี้หมายความว่าเราจะแยกจากกันไปทำหน้าที่ของตนเองและไม่รู้เมื่อไหร่เวลาจะพาเรากลับมาพบกันอีกบัณฑิตเทคโนโลยีคหกรรมศาสตร์,1
มิตรภาพที่ดีไม่เคยจางหายไม่ว่าเธอจะอยู่แห่งหนใดมีความคิดถึงเธอคนนี้เสมอน้องน้ำฝนคนสวย,1
จะใกล้ไกลกันแค่ไหนแต่มิตรภาพระหว่างเราจะอยู่ในใจกันเสมอ,1
เมื่อก่อนต่างคนต่างไม่ชอบขี้หน้ากันนตอนนี้อ่ะหร่อไปไหนไปด้วยกันหมดจ้ากินไรก็กินด้วยกันเเถมเเย่งกันกินอีก,1
เหนื่อยแล้วที่จะง้อไม่มีแรงพอที่จะรั้ง,1
เมื่อมันเกิดขึ้นแล้วสัญญาว่าจะรักษามันดีดี,1
พลอยกับแพรวคู่แฝดน้องน้องน่ารัก,1
มิตรภาพไม่เคยจางหายแม้เวลาจะนานแค่ไหน,1
ข้อความเตือนเป็นเพื่อนกันปีแต่ความความจิงรู้จักกันเป็นปีตั้งแต่เรียนจนถึงทำงานทุกข์สุขหัวเราะด้วยกันตลอดคิดถึงนะยูว์,1
กี่ปีแล้วนะกับมือนี้ที่ไม่เคยปล่อย,1
ก็จะมีความคิดถึงอยู่หน่อยนานจะได้เจอกันทีเพื่อนเก่าแต่ไม่แก่,1
ใจกลางเมืองสุดแสนจะไกลห่างเธอแต่ต้องทำตามความฝัน,1
เรียบร้อยนอนได้ฝรั่งเงาะชมพู่เพื่อนบ้านซื้อมาฝากเยอะมากกินไปบ้างเล้วสามีไปช่วยต่อก๊อกน้ำบอกไม่รับพี่เค้าก็ไม่ยอมเอามาตั้งให้ถึงในบ้านเลยบอกต้องรับนะคะตั้งใจซื้อมาฝากขอบคุณนะคะบ้าน,1
งานสวยเหมือนเดิมร้านเดิมเพิ่มเติมคือมิตรภาพดีดีอุดหนุนกันจนสนิทกันเป็นเพื่อนกันไปละ,1
กลับนราธิวาสแล้วน่ะค่ะมีความคิดถึงบรรยสกาศและมิตรภาพดี,1
เวลาจะผ่านไปนานแค่ไหนแต่ความรู้สึกก็ยังอยู่ในใจเสมอถึงเวลาที่ต้องแยกย้ายกันไปคนล่ะทิศล่ะทาง,1
คะเพื่อนมีความสุขในทุกวันมีรอยยิ้มให้ตัวเองมีความหวังให้กับใจมีสุขภาพที่แข็งแรงนะ,1
พรุ่งนี้เราเริ่มต้นกันใหม่เป็นเพื่อนกันใหม่ศึกษากันใหม่เนอะ,1
เพื่อนมิตรภาพมิตรภาพมีหลายรูปแบบคิดถึงเพื่อนทุกคนคิดถึงเพื่อนตอนเรียนอนุบาลยันประถมมัธยมคิดถึงเพื่อนตอนเรียนสมัยปวชปวสคิดถึงเพื่อนตอนเรียนปอตรีคิดถึงเพื่อนร่วมงานเก่าแม้ปัจจุบันจะไม่ค่อยได้พบเจอแต่คิดถึงเสมอนะ,1
ที่ตรงกลางช่องว่างของฟามรัก,1
กลับถึงบ้านโดยสวัสดิภาพทริปไฟไหม้สายบุญ,1
คิดถึงผญตัวเล็กผิวดำผมหยิกหน้าตาขี้เหร่คนนั้นเนอะ,1
มาอยู่โคราชใหม่คิดโน่นนี่สารพัดจะมีเพื่อนคอยไปนั่นนี่มั้ยน๊าจะมีเพื่อนไปกินข้าวมั้ยน๊าเพราะไม่รู้จักใครไม่รู้จักทางในโคราชเลยแต่ตอนนี้มาอยู่โคราชครบปีละขอบคุนเพื่อนสาวคนสำหรับมิตรภาพดีสำหรับความจิงใจเพิ่งรู้จักกันแต่เหมือนรู้จักกันมาเป็นปีพูดคุยได้ทุกเรื่องด่ากันได้เตือนกันได้ไม่ตอแหลใส่กันไม่หวังผลประโยชน์ใดรักเมิงคน,1
ให้จดจำเอาไว้พรุ่งนี้จะเป็นอย่างไรมันจะโหดร้ายสักเท่าไรก็ช่างมันที่สุดของชีวิตหากแม้ไม่เป็นอย่างฝันแต่ถึงยังไงสุดท้ายอะไรคงไม่สำคัญวันนี้มีเราเท่านั้นพอ,1
อย่างที่ฉันคบกับเธอนั้นเข้าทียิ่งคบก็ยิ่งดียิ่งเข้าใจจะกี่คำถามสุดท้ายก็คือเธอ,1
ชิววันหยุดกับเพื่อนไกลแค่ไหนก็มาหากันได้,1
ที่ไหนไม่สำคัญสำคัญว่าใครอยู่ตรงนั้น,1
ต้อนรับสิ่งดีในปีความรักในครอบครัว,1
อยากเล่นกับคนข้างถ้ายิงมาอีกมุกนึงผมจะคิดจริงแล้วนะ,1
จะแต่งวิดีโอต่อมีนแต่คลิปงานแต่งพี่พอลลี่เด้งขึ้นมาเลยแต่งประดับไว้อีกสักอัน,1
ขอบคุณกระเช้าผลไม้เยี่ยมแม่จากเพื่อนรรเฉลิมขวัญสตรี,1
วันนี้เป็นวันที่เป็นสุดท้ายของการก้าวก้าวคนละก้าวขอเป็นส่วนเล็กของการก้าวในวันนี้เพื่อช่วยให้ตูนบอดี้สแลมไปถึงจุดหมายปลายทางคือโรงพยาบาลบางสะพานประจวบคีรีขันธ์ก้าวที่นี้ขอก้าวไปพร้อมกับณปภาภาคินคู่จิ้นคลาสสิคแม้จะเป็นก้าวเล็กก็ขอร่วมกัาวไปพร้อมกับทุกคนด้วยคะ,1
เพื่อนจะอยู่ที่ไหนก็ยังเป็นเพื่อน,1
หลายความสัมพันธ์ห่างหายไปแต่ความสัมพันธ์ที่สำคัญที่เธอและฉันช่วยกันประคองกันไป,1
ที่แห่งนึงพาเรามาเจอกันที่แห่งนึงทำให้เราได้ดูแลกัน,1
คนที่ทำผิดและรู้ตัวว่าผิดแล้วสัญญาว่าจะไม่ทำอีกก็สมควรที่เราจะให้อภัยเสมอ,1
จบทริปเล่นน้ำสวนลุงเล็กเขื่อนขุนด่าน,1
ความทรงจำทริปนครนายกความสุขผ่านไปเร็วเสมอ,1
เมื่อเวลามันผ่านไปแล้วไม่สามารถย้อนกลับมาได้ก็เช่นกัน,1
ความทรงจำวัยเด็กของฉันถึงแม้ว่ามันจะหลงเหลือแค่ภาพเดียวแต่ภาพและความทรงจำในวันวานมันยังคงหมุนเวียนอยู่มันยังไม่จางหายไปไหนเลย,1
รสชาติไม้เรียวของคุณครูมันคงอยู่ความรู้สึกยังอยู่เลยและอีกมากมายเล่ายังไงก็ไม่หมดหลอกเฮ้ออยากย้อนเวลากลับไปจังเลยแต่มันคงเป็นไปไม่ได้คิดถึ,1
ไม่เจอกันนานแค่ไหนก็เหมือนเดิม,1
มอร์นิ่งจ้าฟื้นร่างกันเลยทีเดียวรูปงานคินเมื่อคืนเดี๊ยวทยอยลงให้น๊ารอตากล้องฟื้นคืนสติก่อนบอกเลยดูน้องแล้วคิดถึงบรรยากสศสมัยเอเอฟ,1
เรื่องไอจีปลอมเบลเค้าก็ลงว่าไม่ใช่ของคิมเราก็แค่เข้าไปขอบคุณที่เบลล่าช่วย,1
อ่านบทสัมของนฤบดินทร์ท่อนนี้แล้วซึ้งอ่ะ,1
ประสบการณ์ที่เงินซื้อไม่ได้ไม่มีอีกแล้ว,1
ช่วงเวลาแห่งความสุขมักจะผ่านไปเร็วเสมอ,1
เพราะรักไม่ใช่เหล้าที่เมาแล้วจะไม่เจ็บเอ้าชนดูกันรึยังเข้าแล้วนะสุขเศร้าเหงามันฮาน้ำตาร่วงอยู่ในเรื่องนี้เลย,1
มาลุ้นลูกสาวทั้งลูกกิ๊ฟลูกจุงปุ๊ปลุ้นมาก,1
คืนถิ่นสู่บ้านหลังที่สามคิดถึงสถานที่นี้บ๊ายบายละแมความทรงจำดี,1
มาดูคุ้มค่ามากพ่นไฟใส่กันเพลงเพราะมากหัวเราะซึ้ง,1
ลาก่อนกลับแล้วบ้านพะเยามาอยุ่ตั้งแต่วันที่กลับไปใช้ชีวิตคนกรุงแล้วคิดถึงปีหน้ามาใหม่สงกรานต์ล้านนาสนุกมาก,1
เรามาร่วมกันสร้างปรากฎการณ์และพลังอันยิ่งใหญ่ให้โครงการก้าวคนละก้าวกันนะคะอยู่ที่ไหนก็ร่วมบริจาคได้ค่ะ,1
คิดถึงพี่สองคนนี้จังเลยคะสู้คะ,1
ขอบคุณนะคะแฟนคลับพปที่น่ารักทุกคน,1
ตรุษจีนขอให้เฮงขอให้รวยกันทุกคนจ้า,1
เชื่อมโยงกับพี่ปุ้ยลูกค้าประจำคร้า,1
มิตรภาพใหม่เกิดขึ้นได้ด้วยรอยยิ้มและความใส่ใจคร้า,1
พี่ทีมงานสต๊อกมีแต่รอยยิ้มให้น่ารักที่สุดขอบคุณคร้ามากคร้า,1
มีความน่ารักเจ้าหญิงมากลูกโป่ง,1
ห่วงนางเหลือเกินแต่กระต่ายเก่งมากคร้าสุดยอด,1
เหมือนก่อนเป็นคนแสนดีมาวันนี้เป็นคนขี้เหล้า,1
เห็นเงาในตาชั่นไหมเห็นเธออยู่ในนั้นไหม,1
ขอบคุณนะค่ะน้องสาวเลี้ยงฉลองปีใหม่พี่ก่อนเลย,1
พี่กายเจอกันตั้งแต่คลาสแรกจนคลาสล่าสุดเราขอติดรถมอไซค์จากไปลงที่ประหยัดไปฮรี่,1
งานเลี้ยงย่อมมีวันเลิกลาแต่เราจะหวนคือมาพบกันใหม่,1
พออากาศจากํเป็นํเตรียมแปลงร่าง,1
ช่วงเวลาของความสุขขอบคุนที่ทำให้หนูยิ้มได้,1
เพิ่ลพลังจะได้มีกำลังใจสู้ต่อไปขอบคุนนะ,1
ขอบคุณมิตรภาพสำหรับปี้นี้ผ่านทุกข์สุขมาด้วยกันเยอะมากอยู่ด้วยกันทุกวันอยู่มากกว่าอยู่กัยครอบครัวอีก,1
คิดถึงร๊ากกไอดอลหน้าเด็กตลอดกาล,1
เบิร์ดเดย์เซอร์ไพรส์ขอบคุณทุกคนนะคะครอบครัวมินิมอล,1
โชคดีนะทุกคนอีกเดือนเราจะมาพบกันใหม่,1
ขอบคุณที่ดูแลผมเป็นอย่างดีขอบคุณกับของขวัญที่น่ารักขอบคุณพี่เพื่อนน้องชาวกับของขวัญปีใหม่,1
ขอบพระคุณคุณหมอทุกท่านค่ะกราบงาม,1
เมื่อเขาทักทายกันคิมญ่าก็ต้องเข้าใจนิดนึงเนอะ,1
ถ่ายหลังกินเสร็จมันก้จะบวมหน่อย,1
ก่อนจากกันขอสัญญาฝากประทับตรึงตราจนกว่าจะพบกันใหม่,1
เป็นเพราะความเข้าใจถึงได้อยู่กันนาน,1
มีความสุขมากมายสุขภาพดีหลายร่ำรวยเงินทองและมิตรสหายที่ดีนะคะสุขสันต์วันคล้ายวันเกิดค่ะพี่บอม,1
ขอบคุณพี่น้องทุกสื่อทุกแมกกาซีนที่มาแอ่วปายด้วยกันนะคะ,1
แก๊งค์นี้รวมตัวเมื่อไหร่น่ารักทุกคน,1
ระหว่างทางเราได้พบเพื่อนใหม่น้องอาทิตย์กับน้องกรก่อนกลับน้องบอกว่าพรุ่งนี้เจอกันใหม่นะครับ,1
มิชชั่นคอมพลีทในที่สุดก็ได้ปะแป้งจนได้,1
ประทับใจในความน่ารักวนไปค่า,1
ขอบคุณไปยังเจ้าภาพคืนนี้ให้ทั้งที่พักให้ทั้งอิ่มท้อง,1
พระนางเฮฮาคิมมี่น่ารักดูเอ็นดูน้อง,1
นานแค่ไหนแล้วไม่ได้สนุกขนาดนี้,1
มื่อเด็กถูกจับได้ว่าวางแผนจุ๊บแก้มพี่บี,1
หอมแก้มพี่บีหลังพระนางร่วมประมูลรูปพี่บีบาท,1
ขอบคุณสำหรับดอกไม้จากพี่สันติที่หอบมาจากชัยภูมิขอบคุณมากเลยและผ้าพันคอลายหมากเบ็งสวยจากหนูแซงบึงกาฬด้วยนะคะแต่ละคนพามาไกลมากของขวัญรับปริญญาจากเพื่อนอาสาทำถนนบนดอย,1
โมเม้นเขิลอายของพระนางหลังหอมแก้มพี่บี,1
กพชีวิตณบ้านยิปซี๊ขณะที่กำลังดูดวงออนไลน์อยุ่นิ๊น้องสาวคนสวยน้องตั๊กก็นั่งสดับตรับฟังคำแนะนำไปด้วยแต่น้องตั๊กดูจบไปแล้วนะน้องตั๊กจะเปิดร้านคร้าอิอิ,1
ว่าด้วยเรื่องของกล้วยและความน่ารักของคนกินกล้วยณปภาชอบกินกล้วยหอมภาคินก็ชอบกินกล้วยหอมชอบกินกล้วยเหมือนกัน,1
ชอบมากค่ะน้องเมย์ส่งมาให้เมื่อกี๋นี้ตากล้องถ่ายภาพได้สวยธรรมชาติมากมาก,1
ขอบคุณที่เข้ามาเป็นส่วนหนึ่งเพิ่มเติมเรื่องราวดีในชีวิต,1
ดีใจไม่คิดว่าจะมีรูปคู่กันอย่างวันนี้จริง,1
รู้ว่ายังได้เจอกันอีกดึกแต่วันนี้เช้าสุดท้ายเด็กในสังกัดที่น่ารักก็ยังมากินข้าวเป็นเพื่อนทั้งที่เป็นวันหยุดเจ้ไม่อยู่แล้วดูแลกันดีนะเด็ก,1
เลี้ยงส่งนู๋นาปาจิงโกะงานเลี้ยงย่อมมีวันเลิกลามิตรภาพของเราไม่มีวันจางหายโชคดีนะเพื่อนถึงตัวจะไกลแต่ก็จะคิดถึงนาตลอดไปน๊าาจุ๊ฟจ๊วฟจ๊าฟ,1
ขอบคุณนะที่มาเป็นกำลังใจให้เค้าขอบคุณจริงที่สละเวลามาเชียร์เค้าเม้ามอยปาร์ตี้กัน,1
โลกสดใสทุกทีที่เจอะเจอกันความคิดถึงของฉันทำงานเสมอไม่เคยเบื่อสักทีที่เจอหน้าเธอโปรดรู้ไว้นะเธอคือคนสำคัญ,1
เก่งร้องเพลงดีมีเสน่ห์เอนเตอร์เทนเยี่ยมเป็นธรรมชาติต่างมีตัวตนที่แตกต่างแต่ลงตัวครบรส,1
เพื่อนเกาหลีลูกที่น่ารักมากอุตส่าห์รอทั้งที่เป็นวันสอบ,1
การให้ใจใครไปแล้วได้ใจกลับคืนมาเราควรเก็บและรักษาใจเหล่านั้นไว้อย่างดีจริงไหม,1
ไม่ว่าตอนนี้เธอจะอยู่ไหนรักของฉันจะส่งไปจนถึงเธอใต้แผ่นฟ้าแห่งนี้คงไม่ไกลกว่าใจจะพบกัน,1
เปิดร้านด้วยการเริ่มทำบุญสะสมไว้ค่ะสาธุๆบุญเคยสร้างร่วมกันสักวันก็ต้องกลับไปสร้างร่วมกันเช่นเคยเชื่อเสมอว่าไม่ใช่เหตุบังเอิญเเต่คือบุญที่เคยได้ทำไว้ขอให้ลูกทำมาหากินเจริญรุ่งเรืองยิ่งๆๆขึ้นไปคิดดีทำดีพูดดีในทุกๆวัน,1
เมื่อร่างไม่ไหวแต่ถ้าใจยังสู้ก้อต้องลุยต่อไปเปิดล้านกาแฟเปิดล้านนไลน์คิดดีทำดีพูดดีส่งต่อสิ่งดีๆในทุกๆเช้าวันนี้ขอไห้ตัวแทนขายดีทุกๆบ้านจ้า,1
ชอบเดือนธันวาคมที่สุดคือเดือนโปรดของเราเลยนะแทบจะชอบทุกอย่างของเดือนนี้ลมหนาวคริสต์มาสครบรอบแต่งงานของขวัญส่งท้ายปีเก่าเพื่อทิ้งบางอย่างและสู่การเริ่มต้นใหม่,1
คนอะไรไม่รู้ขนาดกลมเป็นหมูยังดูน่ารักใกล้ปีใหม่แล้วนับวันรอละน๊าาคริสต์มาส,1
เธอจะแข็งแกร่งขึ้นทั้งร่างกายและจิตใจอนิเมะอมตีนアニメอนิเมะ,1
ภาวนาขอให้รอยยิ้มและความสุขเดินทางไปกับฉันในทุกๆวัน,1
เมื่อเป็นความสุขจึงเห็นความสุขความสุขสุขอยู่ที่ใจสิ่งดีๆดีต่อใจ,1
ชีวิตนี้ไม่มีคำว่าสายเกินไปสำหรับการเริ่มต้นสิ่งดีๆให้กับตัวเอง,1
ส่งมอบค่ะพี่คนนี้มีแต่ให้สิ่งดีๆของแต่ละคนอาจมาในรูปแบบต่างๆขอให้เป็นคนดีคิดดีประพฤติดี,1
หลายครั้งสิ่งดีๆมักจะมาจากสิ่งที่เรามองข้ามลองมองรอบๆตัวสิค่ะวันนี้อาจจะมีอะไรดีๆรอคุณอยู่ก็ได้,1
ในแต่ล่ะวันอาจไม่ใช่วันที่ดีแต่มันก็มีสิ่งดีๆได้ในทุกวัน,1
เชื่อเถอะสิ่งดีๆจะมาหาเราในเวลาที่เหมาะสมจงอดทนไว้นั่งสวยๆรอไป,1
หลายครั้งสิ่งดีๆมักจะมาจากสิ่งที่เรามองข้ามลองมองรอบๆตัวสิวันนี้อาจจะมีอะไรดีๆรอคุณอยู่ก็ได้,1
อากาศเย็นๆก็ต้องจิบกาแฟร้อนๆอะเครวันดีๆสิ่งดีๆ,1
ความสุขไม่ได้อยู่ที่ใครแต่ความสุขอยู่ที่ใจของผู้ที่รู้สึกดีได้เสมอความสุขสุขอยู่ที่ใจสิ่งดีๆดีต่อใจ,1
ชีวิตนี้ไม่มีคำว่าสายเกินไปสำหรับการเริ่มต้นใหม่กับสิ่งดีๆแรงบันดาลใจสิ่งดีๆสิ่งดีๆที่อยากบอกต่อ,1
ขอบคุณป้าป๊อปกับพ่อลุงหมีของฝากจากเมือวชุมพรฝนตกๆกินของฝากวนไปจ้าขอให้เฮงๆรวยๆสุดปังทำอะไรก็กล้วยๆประสบความสำเร็จสุขภาพแข็งแรงมีความสุขทั้งครอบครัวนะคะความสุขสุขอยู่ที่ใจสิ่งดีๆดีต่อใจ,1
เดือนสุดท้ายของปีแล้วอ้าแขนรอรับสิ่งใหม่สิ่งดีๆ,1
ในแต่ละวันอาจจะไม่ใช่วันที่ดีที่สุดแต่มันก็มีสิ่งดีๆในทุกวัน,1
ศรัทธาในตัวเองรักในตัวเองให้อภัยในตัวเองแล้วก็ให้โอกาสกับตัวเราเองเพราะว่าสิ่งดีๆเกิดขึ้นด้วยตัวเราเองนะค่ะ,1
ไม่ว่าโลกจะหมุนไปกี่องศาก็ไม่มีอะไรต้องกลัวเพียงแค่เราปรับความคิดและเปลี่ยนระดับการมองในทุกๆองศาก็จะมีบางแง่มุมที่ทำให้ชีวิตมีความสุขขอบคุณเรื่องร้ายๆที่เข้ามาทำให้เราแข็งแกร่งขึ้นขอบคุณคัยคนนึงที่คอยให้กำลังใจและเป็นห่วงกันเสมอมาถูกต้องถูกที่ถูกเวลาสิ่งดีๆ,1
สิ่งดีๆมันจะหาเราในเวลาที่เหมาะสมอดทนเข้าใจ,1
สิ่งดีๆในชีวิตก็เก็บไว้คิดเป็นกำลังใจสิ่งร้ายๆที่มันผ่านไปก็จดจำไว้เป็นบทเรียน,1
กว่าเราจะมีโอกาสได้เจอกันคนดีๆมักจะนำพาแต่สิ่งดีๆมาให้กันขอบคุณทุกท่านนะคะที่ให้โอกาสบ้านปันสุขเนอร์สซิ่งโฮมเราพร้อมปันสุขให้ทุกๆวันนะคะ,1
ทำความดีก็ได้สิ่งดีๆกลับมาขอขอบคุณผู้ใหญ่ใจดีครับ,1
ความลับของความสำเร็จคือต้องเรียนรู้และลงมือทำพลังบวกคิดบวกความสำเร็จสิ่งดีๆมอร์นิ่งค่ะทุกคน,1
สิ่งดีๆมีได้ทุกๆวันขอบคุณเพื่อนพี่และน้องที่ร่วมอวยพรให้ในวันนี้ทั้งสุขทั้งเฮงและรวยแถมแข็งแรงขอให้เกิดกับทุกๆท่านเช่นกันความสุขนี้ที่ต้องจดจำ,1
สิ่งดีๆจะเข้ามาหาเราในเวลาที่เหมาะสมอดทนไว้้้จากนี้ไปจะพบแต่เรื่องราวที่ดีสิ่งดีๆจะมาหาเราในเวลาที่เหมาะสมใจบางมุม,1
สิ่งดีๆมันจะหาเราในเวลาที่เหมาะสมอดทนเข้าไว้แสงแรกหมายถึงชีวิตต้องสู้ต่อตราบใดที่ตื่นมาพบเจอแสงในยามเช้าตราบนั้นชีวิตต้องไม่สิ้นหวัง,1
ทำไมหน้าใสขึ้นมีความรักหรือเปล่าไม่เกี่ยวกับความรักหรอกคะอยู่ที่เราดูแลตัวเองมากกว่าถ้าเราดูดีขึ้นสิ่งดีๆคนดีๆก็จะเข้ามาหาเราเองถูกป่ะมาดูแลตัวเองกันเถอะ,1
สิ่งดีๆที่เรียกว่าใช่หนักบ้อที่รักอดเอา,1
เวลาก็เดินไวปีแล้วดูแล้วก็นึกถึงความทรงจำเก่าๆสิ่งดีๆปี,1
ไม่แปลกใจทำไมยาคูลท์ถึงยืนได้ถึงทุกวันนี้มีความเป็นธรรมชาติความคิดสร้างสรรค์ทัศนคติดีเป็นตัวเองสุดยอดไปเลยผลงานจิตวิญญาณผลงานชีวิตสิ่งดีๆปีคือที่สุดอ่ะสวยงาม,1
อรุณสวัสดิ์ครับทุกท่านเขาหินซ้อนใบลายสิ่งดีๆเรามีให้ลูกค้าตลอดเวลา,1
ไม่มีความบังเอิญในทุกๆเรื่องสิ่งดีๆเปิดล้ๅนรับทรัพย์คับ,1
จงเปิดประตูต้อนรับความสุขและปิดประตูใส่หน้าความทุกข์ซะเปิดประตูต้อนรับความสุขโลกภายในจิตวิญญาณสิ่งดีๆดีต่อใจ,1
วันนี้เป็นวันดีขอให้พบขอให้เจอคนดีๆและสิ่งดีๆในทุกๆวัน,1
สิ่งดีๆมันจะหาเราในเวลาที่เหมาะสมอดทนเข้าไว้นานๆออกจากบ้านคำว่ารูปเดียวหมดสิทธิ์,1
วันนี้วันพระทำบุญใสบาตรกันจ้าด้วยกุศลผลบุญที่ทำมาขอให้นำพาสิ่งดีๆเข้ามาในชีวิตครอบครัวด้วยเทอญสาธุๆค่ะ,1
สิ่งดีๆมันอยู่ที่ความพอใจหากยังไม่มีความพอใจต่อให้เจอสิ่งที่ดีแค่ไหนเราก็มองข้ามไปอยู่ดีก๋วยจั๊บยกล้อ,1
ความสุขไม่ได้อยู่ที่ใครแต่ความสุขอยู่ที่ใจของผู้ที่รู้สึกดีได้เสมอในเหตุการณ์ความสุขสุขอยู่ที่ใจสิ่งดีๆดีต่อใจ,1
พุทโธนะโมพุทธายะศรัทธาอยู่ที่จิตศักดิ์สิทธิ์อยู่ที่ใจชีวิตที่ดีเกิดจากจิตที่ดีมีความสุขในทุกวัน,1
เรื่องที่จะทำไห้ชีวิตดีขึ้นมันไม่ใช่เรื่องยากหรือง่ายแต่มันเป็นเรื่องที่คุณจะทำหรือไม่ทำชีวิตที่ดีมันต้องทำดีสะสมวันละนิดทำไปนานๆมันจะดีเองชีวิตที่ดีไม่สามารถทำได้ในวันเดียว,1
คุณอยากดูแลมันบ้างใหมสุขภาพสุขภาพนั้นก็คือตัวคุณสุขภาพที่ดีชีวิตที่ดี,1
ชีวิตที่ดีไม่จำเป็นต้องมีทุกอย่างแค่มีใครบางคนยืนอยู่ข้างๆอะไรบางอย่างก็ไม่จำเป็น,1
บ้านสวนทุเรียนชีวิตที่ดีไม่ใช่ปริมาณเงินที่มีหรือประมาณของที่มีชีวิตที่ดีคือปริมาณความสุขที่เรามีต่างหาก,1
ชีวิตที่ดีไม่ได้มีแต่ความสุขเสมอไปแต่เป็นชีวิตที่แข็งแรงมากพอที่จะพ้นผ่านเรื่องยากๆและเรื่องที่กระทบต่อจิตใจถึงแม้จะชนอุปสรรคจนล้มลงแต่ก็ลุกขึ้นใหม่ได้เร็วเวลาเจอเรื่องแย่ๆอย่ามองว่าชีวิตนี้มันแย่ไปซะหมดเราไม่สามารถเปลี่ยนแปลงสิ่งอื่นให้ถูกใจได้แต่เราเปลี่ยนทัศนคติให้คิดแบบมีความสุขได้เสมอ,1
สิ่งไหนเป็นเรื่องดีก็เก็บไว้เป็นกำลังใจสิ่งไหนที่ร้ายๆก็จดจำไว้เป็นบทเรียนชีวิตที่ดีต้องรู้จักที่จะเรียนรู้และยอมรับความจริงให้ได้พี่ปั๊บ,1
ชีวิตที่ดีคือชีวิตที่ทำให้คุณมีความสุขและทำให้คุณยิ้มได้ตลอดเวลามาดามเปิดบ้านรับพันล้านค้ารวยๆยอดล้นทุกบ้านจ้า,1
ชีวิตที่ดีไม่ได้หมายถึงชีวิตที่ยืนยาวแต่หมายถึงชีวิตที่ตั้งมั้นในธรรมประกอบคุณงามความดีถึงพร้อมด้วยประโยชน์ตนและประโยชน์ท่านหรืออยู่อย่างไม่ประมาท,1
ชีวิตที่ดีไม่จำเป็นต้องมีพร้อมทุกอย่างมีก็ทุกข์ไม่มีก็ทุกข์,1
ชีวิตที่ดีบางทีก็ปลอมไม่มีลูกจ้างจ้างตัวเองทำงาน,1
ชีวิตที่ดีไม่ต้องมีทุกอย่างแค่ทุกอย่างที่มีทำให้เรามีความสุขก้อพอ,1
ชีวิตที่ดีไม่จำเป็นต้องมีทุกอย่างแค่มีใครบางคนยืนอยู่ข้างๆอะไรบางอย่างก็ไม่จำเป็นวันอาทิตสุดแสนชิวๆ,1
จงรักในสิ่งที่มีและสร้างชีวิตที่ดีจากสิ่งที่อยู่รอบตัวเราดีกว่า,1
ชีวิตที่ดีไม่ใช่ชีวิตที่มีทุกอย่างแล้วโอเคแต่เป็นชีวิตที่โอเคในทุกอย่างที่มีต่างหากยอมรับชื่นชมและเห็นคุณค่าในสิ่งที่มีเพียงเท่านี้ชีวิตจะมีแต่เรื่องดีๆตลอดชีพและตลอดไปสวัสดีตอนเช้าค่ะ,1
ชีวิตคู่ไม่ได้อยู่แค่วันสองวันแต่เราจะอยู่ด้วยกันตลอดชีวิต,1
คู่ชีวิตไม่ต้องดีที่สุดแต่ขอเข้าใจกันก็พ,1
บางทีคุณไม่ได้ต้องการคู่คนหน้าตาดีมีฐานะร่ำรวยมีหน้ามีตาต่อสังคมคุณแค่ต้องการคนที่พร้อมจะดูแลคุณสนับสนุนให้กำลังใจผลัดกันรับผลัดกันให้อยู่แล้วสบายใจพร้อมจะทุกข์จะสุขไปด้วยกันแค่นั้นแหละชีวิตคู่,1
เมื่อเราบอกว่าไม่สบายแฟนออกโอมารับแล้วไม่ได้บอกเราก่อนเลยทั้งๆที่เราเอารถมาเองมาช่วยปิดร้านพามาซื้อน้ำเต้าหู้เพราะอยากให้เรากินอะไรอุ่นๆความใส่ใจเล็กๆน้อยๆนี่แหละสำคัญเลยชีวิตคู่นายก๋วยเตี๋ยว,1
อนาคตไม่แน่นอนแต่ปัจจุบันเรายังมีกันทะเลาะกันบ้างเบื่อกันก็บ่อยง้อกันรักกันนี่แหละรสชาติของชีวิตคู่,1
สิ้นสุดการเดินทางของชีวิตคู่เริ่มต้นสู่เส้นทางเดินใหม่,1
กาลเวลาทำให้ทุกอย่างเปลี่ยนแปลงต้องเปลี่ยนอีกครั้งแต่ทุกครั้งที่เปลี่ยนต้องดีกว่าเดิมเสมอคิดดีทำดีพูดดีมีจิตใจที่ดีส่งผลดีๆชีวีมีสุขไม่ทุกข์ใจรอบนี้พี่ชายจัดให้อดีตมีเพื่อจดจำอนาคตสำคัญที่สุดพ่อแม่ต้องสบายทุกคนที่บ้านต้องมีความสุข,1
จะสุขหรือทุกข์อยู่ที่ตัวเราไม่โทษคนรอบตัวทำเหตุดีผลที่ได้ก็ดีถ้าปัจจุบันทำดีแล้วผลที่ได้ก็ยังทุกข์ก็เพราะเหตุที่ทำไว้ในอดีตชาติจะปีใหม่แล้วยิ้มเข้าไว้นะคะคิดดีทำดีพูดดีหนีทุกข์พ้นทุกข์ทั้งปวงค่ะ,1
สิ่งดีๆในชีวิตเช้าๆอากาศดีโนเนมคิดถึงแม่จึงร้องเรียกให้ออกมานั่งใกล้ๆบิวตี้หลบซ่อนตัวในท่อกลมๆเดินหาไม่เจอจนช่วงสายจึงโผล่หน้าออกมาฉันป้อนอาหารบิวตี้ดีใจที่เริ่มกินอาหารได้มากขึ้นพอออกไปทำงานเจอนกหาปลาในทุ่งนาจอดรถถ่ายรูปนิดหนึ่งชาวบ้านแถวนั้นมองๆฉันฉันก็อายคนนั่นแหละพอถ่ายรูปเสร็จก็รีบขับรถไปไม่อยากให้เขาเดินมาคุยมาถามเติมพลังบวกให้ตัวเองจากสิ่งละอันพันละน้อยไม่มีใครทำให้เราสุขได้ตลอดเวลาทุกข์ก็เช่นกันเดี๋ยวมันก็ผ่านไปเราต้องรักและดูแลตัวเอง,1
ตัดผมบริจาคจากนางฟ้าแด่คุณวันใหม่สุขใจผู้ให้ขอให้ผู้รับมีสุขภาพแข็งแรงสิ่งดีๆในชีวิตสุขสมหวังทุกประการ,1
สิ่งดีๆในชีวิตมาจากความคิดที่เรากำหนดว่าแต่ว่าหนาวปีนี้สิกอดไผแล้วหนาวปีได๋จะสิกอดเจ้าอ้ายเอ้ยเพ้อมันคืออาการข้างเคียงหลังฉีดวัคซีนใช่มั้ยคะหมอ,1
ปีแล้วนะกับชีวิตข้าราชการครูนี่ก็นึกว่าใกล้จะเกษียณแล้วซะอีกเหนื่อยเหมือนกันนะไม่ซิเหนื่อยมากแต่ก็ภูมิใจขอบคุณทุกแรงบันดาลใจทุกกำลังใจและมิตรภาพดีๆที่ผ่านมานะคะสู้ต่อไปในปีที่ค่ะสิ่งดีๆในชีวิตวันดีๆของฉัน,1
สิ่งดีๆในชีวิตก็เก็บไว้คิดเป็นกำลังใจสิ่งร้ายๆที่ผ่านไปก็จดจำไว้เป็นบทเรียนสวัสดีธรรมะในวันพระท่านทั้งหลายอาตมภาพก็ขออนุโมทนาบุญด้วยขอให้บุญรักษาเทวดาคุ้มครองพระรัตนตรัยปกป้องและมีแต่สิ่งดีๆเข้ามาในชีวิตสุขภาพแข็งแรงโรคภัยจงอย่าแผ้วพานท่านและครอบครัวให้มีความร่มเย็นให้ร่ำรวยเงินทองและทรัพย์สินให้สูงส่งด้วยบารมีพรใดล่ำพรใดเลิศพรใดประเสริฐขอจงบังเกิดแก่ท่านและครอบครัว,1
วันเกิดปีนี้ขอให้ตัวเองและครอบครัวมีแต่ความสุขด้วยเถิดสาธุสิ่งดีๆเข้ามาสิ่งร้ายๆจงออกไปไกล้เข้าเบญจเพศแล้วก็จะพยายามดูแลตัวเองดีๆขอบคุณทุกคำอวยพรด้วยนะครับ,1
ป๊าดเจบหนักขนาดจำอายุตัวเก่าบ่ได้บึดกะฉลองเลขบ่ได้กะฉลองวันเกิดกะได้เนาะ,1
หนึ่งคำถามของเจ๊จ๋าถามด้วยสีหน้ากังวล,1
แม่ขาถ้าแม่แก่แล้วเด้กจะอยุ่ยังไงคำพูดหนึ่งประโยคของเจ๊จ๋าแม่ขาถ้าแม่แก่เดี่ยวจ๊ะจ๋าจะไปทำงานเองแล้วให้จีจร้ายุบ้านอ้่าวทำไมให้จร้ายุบ้านหละจีจร้าจะได้ยุเปนเพื่อนแม่ไงแม่ไม่ต้องยุบ้านคนเดียวโตขึ้นไปเปนเด้กดีนะลูกนะเราจะพูดกันแต่สิ่งๆดีๆต่อจากนี้เราจะไม่มีคำพูดร้ายในบ้านและจะไม่ให้ใครมาใช่คำร้ายๆให้หนูได้ยินอักแล้วบันทึกไว้เปนความทรงจำสิ่งดีๆกำลังใจของแม่จะลำบากจะเหนื่อยแค่ไหนเราจะไม่มีวันแยกจากกัน,1
สุขสันต์วันคล้ายวันเกิดนะคะคนงามของแม่ลูกจงพรั่งพร้อมบริบรูณ์และเป็นผู้ที่เกิดมามีพลังทรัพย์มากมายโชคดีในทุกทุกด้านนะคะลูกสาวครอบครัวปันสุขพลเมืองปันสุขพูดดีคิดดีทำดีตลอดไปนะคะลงวันที่ธันวาคม,1
พลังงานบวกคือความเพียรความเมตตาความเอาใจใส่ความปรารถนาดีความมุ่งมั่นความกตัญญูความรักอย่างไม่มีเงื่อนไขความใจกว้างพลังงานลบคือความกระสันความกลัวความสะใจความน้อยใจความโลภความโกรธความตระหนี่ความอยากเอาชนะการประชดประชันขอให้ทุกๆคนจงมีแต่พลังงานบวกในทุกๆวันครับคิดดีพูดดีทำดีรู้จักให้อภัยมีน้ำใจต่อกันขอให้สิ่งศักดิ์สิทธิ์คุ้มครองทุกท่านตลอดไปคับ,1
พูดดีคิดดีทำดียินดีกับพี่ชายพี่อู๊ดว่าที่นายกอบตหัวเตยด้วยคะเมื่อได้รับโอกาสก็ตั้งใจทำงานให้เต็มที่พัฒนาบ้านเกิดต่อไป,1
วุ้นวุ้นอวยพรวันเกิดวินวินบอกว่าให้พี่รวยๆจะได้เลี้ยงน้องคิดดีพูดดีคิดได้ไง,1
สายมูมาแล้วคิดดีทำดีพูดดีจะพบเจอแต่สิ่งดีๆ,1
สีแดงรับทรัพย์ขอบคุณวันนี้มีแต่เรื่องราวดีๆงวดก่อนงวดนี้งวดหน้าอะไรดีน๊างวดหน้าถูกอีกสิเป็นปอบบ่มาแต่ตัวอั้นไปกดติดตามเพครูแอร์น้ำจิ้มหมูกระทะนะคะมาตัวเดียวทุกงวดก่อนวัน,1
เริ่มต้นชีวิตใหม่ในทุกๆวันด้วยการเป็นคนดีคิดดีพูดดีทำดีอยู่ท่ามกลางคนดีๆในสถานที่ดีอากาศหนาวมาเยือนนิ้วล๊อคหรือเหน็บชาทำตามนี้นะเจ้าเจ้า,1
ว้าววยจังนะตัวเราความสุขจะเบ่งบานมาจากจิตใจที่งดงามคิดดีพูดดีแล้วสิ่งดีๆๆก็จะตามมาüö,1
ไกล้ปีใหม่แล้วเราจะไม่โกรธใครเราจะไม่ว่าใครแม้คนคนนั้นจะพูดให้เราเคืองใจก็ตามคิดดีทำดีพูดดีไม่นานคงนิพพานแล้วละเรารู้สึกผ่อนคลาย,1
ใช้ก็หมดไม่ใช้ก็หมดคือเวลา,1
จงใช้ชีวิตให้มีความสุขกับเวลาที่เหลืออยู่คิดดีพูดดีทำดีขอบคุณรูปภาพสวยๆด้วยครัชทั้งทางแชทและเฟสบุ้ควัสไซ,1
จะแต่งตัวลุคไหนก้อไม่น่าภูมิใจเท่าลกจากที่นอนได้แล้วเปิดล้านกาแฟเปิดล้านนไลน์คิดดีทำดีพูดดีสิ่งดีๆเข้ามาในชีวิตวันนี้ขอไห้ตัวแทนขายดีทุกๆบ้านจ้า,1
เชื่อในความดีคิดดีพูดดีทำดีทุกอย่างก็จะออกมาดีทำไปตามกำลังที่มีไม่ต้องไปแข่งกับใครไม่ต้องไปอวดใครแข่งอะไรก็แข่งได้แต่แข่งบุญแข่งวาสนากันมันไม่ได้แข่งที่การทำความดีดีกว่าตายไปคนยังจดจำและพูดถึงในความดีทำชั่วตายไปคนก็พลอยกร่นด่าไม่เหลือความดีให้รำลึกและพูดถึงมะเขือเทศน์,1
ไม่ใช่แค่เล่นแต่ผมมีความรักความศัทธาในหลวงปู่ด้วย,1
คิดดีทำดีพูดดีรู้จักอ่อนน่อมถ่อมตัวยังรับเข้าอยู่ตลอดๆนะคับวันนี้มาไกลหน่อยขยันซื่อสัตว์ประหยัดอดทนทำอะไรอย่าเกินตัว,1
สิ่งดีๆความสมหวังโชคลาภที่เรากำลังเผชิญด้วยแรงอธิษฐานทรงพลัคิดดีพูดดีทำดีชีวิตดี,1
ถูกหวยอ่ะในอนาคตอีกไม่กี่ชมพูดดีพูดซ้อมๆไว้ก่อน,1
ในวันคล้ายวันเกิดปีของลูกพ่อขอให้ลูกสาวพ่อมีความสุขสุขภาพแข็งแรงประสบความสำเร็จในการเรียนที่สำคัญคือเป็นคนดีคิดดีพูดดีทำดีและเอาตัวรอดในสังคมยุคปัจจุบันให้ได้ต้องช่วยเหลือสังคมตามกำลังที่มีรักมากที่พ่อดุพ่อว่าไม่ใช่ไม่รักแต่นั่นเพราะรักมากแก้วตาดวงใจ,1
ทุกเช้าที่ตื่นลืมตาให้ตระหนักรู้าเราต่างมีเวลาน้อยลงอีกหนึ่งวันสิ่งใดเป็นกุศลให้รีบทำสิ่งใดเป็นอกุศล✂️ให้รีบทิ้งคำสอนแม่ชีศันสนีย์ชีวิตสั้นทำดีกับคนที่รักคิดดีพูดดีทำดีไร่ส้มธิดาเชียงรายโชว์ความอวบของขา🎶,1
อยากขึ้นรถไฟไห้ไปชาญชราไม่ไช่มีวยืนเก๊กท่าที่สนามบินเปิดล้านกาแฟเปิดล้านนไลน์คิดดีทำดีพูดดีสิ่งดีๆเข้ามาในขีวิตวันนี้ขอไห้ตัวแทนขายดีทุกๆบ้านจ้า,1
ไม่มีคำคมไหนปลุกใจได้ดีเท่ากับคำว่าตื่นๆแล้วลุกขึ้นมาลงมือเปิดล้านกาแฟเปิดล้านนไลน์คิดดีทำดีพูดดีสิ่งดีๆเข้ามาในชีวิตวันนี้ขอไห้ตัวแทนขายดีทุกๆบ้านจ้า,1
มาเด้อขวัญเอ้ยมากุ้มมาเหลี่ยมมาเทียมให้เห็นให้แจ้งคักซะสาธุเด้อคุณพ่อคุณแม่คุณครูบาอาจารย์รักสมรักษาผู่ข่าเด้อคิดดีทำดีพูดดี,1
แคปชั่นทำบุญคิดไม่ทันเข้าวัดทำบุญก่อนละกันง่ายดีพูดดีคิดดีทำดีเดี๋ยวสิ่งดีๆก็ตามมาเอง,1
อย่าสนใจว่าเริ่มตอนอายุเท่าไหร่ไห้สนใจตอนที่เริ่มแล้วอย่าหยุดทำเปิดล้านกาแฟเปิดล้านนไลน์คิดดีทำดีพูดดีสิ่งดีๆเข้ามาในชีวิตวันนี้ขอไห้ตัวแทนขายดีทุกๆบ้านจ้า,1
ไม่อินกับคนที่เข้ามาในตอนเรามีความสุขเราอินกับคนที่เข้ามาหาเราตอนเรามีความทุกข์เปิดล้านกาแฟเปิดล้านนไลน์คิดดีทำดีพูดดีสิ่งดีๆเข้ามาในชีวิตวันนี้ขอไห้ตัวแทนขายดีทุกๆบ้านจ้า,1
ท้อมีไว้ไห้ลิงถือเป็นคนอย่ามัวท้อเดินต่อถึงจะล้มบ้างก้อต้องเดินต่อไปไห้ได้เปิดล้านกาแฟเปิดล้านนไลน์เปิดรับคัวแทนคิดดีทำดีพูดดีสิ่งดีๆเข้ามาในชีวิตวันนี้ขอไห้ตัวแทนขายดีทุกๆบ้านจ้า,1
นักเรียนขี้อายนั่งหลังห้องนายพรเทพนามภูมีชั้นมวันนี้ออกมาพูดแนะนำหนังสือเล่มโปรดประวัติศาสตร์ยุโรปหน้าชั้นเรียนได้น่าชื่นชมถึงแม้จะออกอาการตื่นเต้นมากแต่พรเทพมีความตั้งใจที่จะนำเสนอเรื่องราวหนังสือที่เป็นเล่มโปรดของตัวเองให้เพื่อนๆรับรู้ครูเห็นความพยายามของหนูแล้วชื่นชมและชื่นใจในอนาคตหนูจะเป็นนักพูดที่พูดดีพูดเก่งแน่นอนค่ะ,1
เค้าจะรักหรือไม่รักไม่ใช่สิ่งที่ต้องคนหาแต่สิ่งที่ตามมาคือวันนึงเค้าคงเห็นสิ่งดีๆในตัวเราเมื่อเราไม่อยู่แล้วคิดดีทำดีพูดดีเพื่อคนที่คุณรักที่เค้าไม่เคยรักอย่าหยุดทำ,1
เราไม่อาจจะอยู่ค้ำฟ้าไม่มีเวลาถอยหลังให้รู้ล่วงหน้าอะไรที่ทำแล้วมีความสุขไม่เดือดร้อนตัวเองและผู้อื่นก็ทำไปเถอะอย่ามัวกลุ้มใจกับอดีตอย่ามัวกังวลอนาคตจนเสียปัจจุบันอย่าทะเลาะกับใครมันเสียเวลาชีวิตพูดดีทำดีกับทุกคนโดยเฉพาะกับคนใกล้ตัวมีอะไรที่ต้องทำแต่ยังไม่ได้ทำทำวันนี้เลยจะได้ไม่เสียดายให้อภัยทุกอย่างทั้งคนอื่นและตัวเราเองขอบคุณวันนี้ที่เรายังมีชีวิตอยู่,1
เคืองตาไม่ต้องมัวไปส่องใครส่องใจตัวเองพอคิดดีจริงป่ะพูดดีจริงป่ะทำดีจริงป่ะใครทำอะไรไว้ก็ขอให้เป็นสุขเป็นสุขตามที่ตัวเองกระทำพูดในที่ลับใครได้ยินคนนั้นก็รับไปพูดในที่แจ้งก็รับทั้งผู้พูดและผู้ฟังอ่ะนะ,1
วันเวลาผ่านไปในแต่ละวันมันช่างรวดเร็วเหลือเกินคิดอยากจะทำอะไรก็รีบทำซะคิดดีทำดีพูดดีทำบุญทำทานสะสมบุญไม่รู้ว่าพรุ่งนี้เราจะได้ตื่นขึ้นมาไหมไม่มีใครรู้,1
กรรมเป็นสิ่งที่มีอยู่จริงถ้ายังไม่ได้สัมผัสกรรมนั้นด้วยตัวเองมักจะมองไม่เห็นคิดดีพูดดีทำดีมองแต่สิ่งดีๆสาธุในบุญที่ทุกท่านในสามแดนโลกธาตุได้สร้างขึ้นด้วยทุกประการนะคะ,1
พานางมารับรางวัลที่ประกวดภาพวาดกิจกรรมของโรงเรียนดีใจกับตัวเธอด้วยนะเกรสฉันเป็นแม่ที่ไม่เคยคาดหวังอะไรจากเธอเลยนะและฉันก็เป็นแม่ที่ไม่ค่อยเหมือนคนอื่นเพราะไม่ค่อยตัดสินใจอะไรแทนเธอฉันจะให้เธอเป็นคนเลือกและตัดสินใจเองมาตั้งแต่เล็กๆไม่เคยบังคับว่าต้องทำอะไรแต่ฉันจะคอยสนับสนุนทุกอย่างที่เธอเลือกทำฉันสอนเธอเสมอว่าทำอะไรที่มีความสุขและไม่สร้างความเดือดร้อนให้ใครเป็นคนดีที่สามารถอยู่ร่วมกับคนอื่นได้แค่นี้ฉันก็ภูมิใจในตัวเธอแล้วนะคิดดีพูดดีทำดีแล้วสิ่งดีๆจะเข้ามาในชีวิตตัวเธอเองเชื่อฉันซิ,1
รพสตตสี่ขีดจิตสาธารณะคือจิตของคนที่รู้จักความเสียสละร่วมมือร่วมใจทำประโยชน์เพื่อส่วนรวมบวกกับคิดดีทำดีพูดดีทุกคนทำได้จ้า,1
เราไม่ได้อยู่ค้ำฟ้าไม่มีเวลานับถอยหลังให้รู้ล่วงหน้าพูดดีทำดีกับทุกคนโดยเฉพาะคนใกล้ตัว,1
วันเวลาผ่านไปนานเท่าไรก็ไม่สำคัญแค่รักและดูแลกันสม่ำเสมอก็พอดีต่อใจวันแรกมีความสุขอย่างไรวันนี้ยิ่งมีความสุขยิ่งกว่าเดิมพูดดีคิดดีทำดีมีความสุขทั้งวัน,1
จะดีหรือจะเลวมันขึ้นอยู่กับว่าใครเป็นคนเล่าให้คุณฟังมันเป็นสัจธรรมของชีวิตเพราะฉะนั้นอย่าได้แคร์ตำปากคนจงทำตัวให้คนอิจฉาอย่าทำตัวให้คนสงสารขยันอดทนรีบสร้างตัวตอนที่ยังมีแรงอยู่ศรัทธาคิดดีพูดดีทำดีศิษย์มีครูครูท่านเฝ้ามองดูเราอยู่แรงครูจะช่วยหนุนดวงชะตาให้ดีขึ้นศิษย์มีครูไม่มีวันอับจน,1
วันนี้แม่ปิติมากเทียนทุกเล่มทุกดวงชะตาสว่างไสวไฟโชติช่วงมากพลังศรัทธาดีครูบาอาจารย์อำนวยพรท่านมหาเมตตาทำพิธีขอให้ทุกดวงชะตาหลุดพ้นจากความมืดมนมีแสงสว่างนำทางชีวิตมีแต่ความเฮงความปังความร่ำรวยความโชคดีค่อยๆสะสมบุญบารมีเติมแต้มบุญตามกำลังอย่าทำอะไรแล้วเบียนเบียนตัวเองคิดดีทำดีพูดดีบุญดีชีวิตมีแต่โชคดี,1
ถ้าคุณอยากประสบความสำเร็จให้จงฝึกฝนตัวเองพยายามพัฒนาตัวเองอยู่ตลอดเวลาวัยรุ่นสร้างตัวคิดดีทำดีพูดดีต้องได้ดี,1
อรุณสวัสดิ์ยามเช้าใส่บาตรคอยหมั่นเติมบุญพูดดีคิดดีทำดีเป็นศิริมงคลให้กับตนและครอบครัว,1
วันนี้วันพระพูดดีคิดดีทำดีอนุโมทนาบุญร่วมกันค่ะ,1
มอนิ่งเช้าวันพระค่ะชีวิตคิดดีพูดดีหมั่นขยันทำแต่ความดีชวิตเราก้อจะได้รับแต่สิ่งดีๆนะค่ะนุ่มนิ่มเปิดร้านแล้วฮับให้เฮงๆปังๆออเดอร์ล้นมือทุกๆบ้านนะค่ะ,1
สวัสดีเช้าวันพระคิดดีพูดดีทำดีแล้วสิ่งดีๆจะตามมาเปิดรับทรัพย์ทุกทิศทุกทางเงินไหลมาหาฉันตลอดเวลาเฮงๆปังๆ,1
ชื่อเรียกตำแหน่งเป็นเพียงสิ่งสมมุติมีไว้เพื่อทำประโยชน์ให้สังคมไม่ยึดมั่นถือมั่นใช้โอกาสทำประโยชน์ให้มากที่สุดคิดดีพูดดีทำดีขออนุญาตแท็กนะครับเตือนตัวเองครับปี,1
ปู่ขอแผ่ผลบุญของการสวดมนต์บวชจิตบวชใจเช้านี้ส่งทุกๆท่านทุกๆคนทุกๆตำหนักในสายธรรมและเจ้ากรรมนายเวรทุกภพทุกชาติคิดดีทำดีพูดดีและมีสัจจะศรัทธาคือเส้นทางเจริญสาธุ,1
เราไม่มีสิทธิ์ห้ามในสิ่งที่คนอื่นคิดแต่เรามีสิทธิ์ใช้ชีวิตในแบบของเราเองชีวิตคิดบวกสร้างกำลังใจให้ตัวเองคิดดี,1
สาธุเช้านี้ตื่นมาขอให้เฮงๆหมานๆขอให้สิ่งดีๆได้เกิดขึ้นกับครอบครัวของลูกด้วยเทอญขอบพระคุณพ่อที่เมตาลูกแอบกระซิบงวดหน้าต้องมานะคิดดีทำดีกตัญญูรู้คุณอะไรๆก้อจะดีเชื่อว่าอย่างนั้นแล้วก้อสอนลูกแบบนั้น,1
กว่าจะใช้ชีวิตผ่านไปได้แต่ละวันแม่ปุ้งก็เหนื่อยมากแร้วจะกินจะนอนจะเดินลำบากไปหมดอย่าเอาแม่ปุ้งไปเกี่ยวข้องอะไรด้วยเลยถามว่ารู้เห็นในเรื่องยืมเงินอะไรกันไหมตอบเลยรู้อันนี่ไม่ตอรุ้แค่บางส่วนตื้นหนาบางลึกอะไรไม่รู้ขนาดนั้นแร้วก็เห็นใจทั้งเจ้าหนี้และลูกหนี้เจ้าหนี้ปลูกต้นไม้เขาก็หวังผลลูกหนี้ตอนอยากได้ก็บอกไหวพอตอนจะจ่ายไม่มีไม่หนีไม่จ่ายเราเคยตกอยูในสภาพนี้มาแร้วเข้าใจหมดแหละทุกวันนี้ก็ยังไม่ได้คืนครบสักบาทเลยแต่ก็ยึดคำสอนที่ว่าคิดดีทำดีพูดดีแล้วก็ปล่อยวางเป็นกำลังใจให้ทุกคนนะ,1
ถวายเพลก่อนทำงานสุขใจที่ได้ทำรักษาศีลคิดดีทำดีแค่นี้ก็มีสุข,1
อัฟเดตบ้านในฝันยามค่ำคืนคิดดีทำดีใจเป็นสุข,1
ทุกคนล้วนมีวันแย่ๆก็แค่วันวันหนึ่งเดี๋ยวมันก็ผ่านไปรอสักพักสิ่งดีๆจะเข้ามาหาเราเองขอเพียงเราคิดดีทำดีพูดดีและเป็นคนดีไว้,1
สวัสดีวันพระบุญทำกรรมไม่สร้างทำบุญตักบาตรถวายเพลกันจ้ข้าพเจ้าพร้อมครอบครัวพร้อมบุตรธิดาและบุคคลอันเป็นที่รักของข้าพเจ้าคิดดีทำดีสะสมบุญขอไห้ชีวิตลูกและครอบครัวมีแต่ความสุขความเจริญตราบสิ้นลมหายใจสุดท้ายของตัวข้าพเจ้าด้วยเทอญ,1
เราไม่รู้หรอกว่าวันพรุ่งนี้ดวงอาทิตย์หรือความตายจะมาก่อนกันคิดดีทำดี✍,1
พักบ้างเดี๋ยวลุยต่อคิดดีทำดีเจอแต่สิ่งดีดีขอให้ชีวิตเจอคนดีดีในทุกๆวัน,1
เราไม่มีสิทธิ์ห้ามในสิ่งที่คนอื่นคิดแต่เรามีสิทธิ์ใช้ชีวิตในแบบของเราเองชีวิตคิดบวกสร้างกำลังใจให้ตัวเองคิดดีวันหยุดหมดแล้วไปทำงานกันขอขายรถรัวๆทั้งอาทิตย์เป้าได้ด้วยเทอด,1
พลังแห่งศรัทธาศรัทธาที่ไม่มีเคยหมดจากตัวเราผลักดันเป็นพลังในการทำสิ่งต่างๆอย่างเช่นกองประกวดมิสมิโมซ่าควีนไทยแลนด์ศรัทธาในการทำความดีพร้อมรับใช้สังคมหรือมิสมิโมซ่าควีนไทยแลนด์ต๊อกแต๊กที่ขอเป็นตัวแทนในการบำรุงศาสนาและสืบทอดต่อไปณถ้ำนาคาจังหวัดบึงกาฬในการกราบสักการะสิ่งศักดิ์สิทธิ์ค่ะความงามจะอยู่กับเราเพียงชั่วคราวแต่ความดีจะอยู่กับเราไปตลอดกาลนางงามจิตสาธารณะนางงามจิตอาสาทําดีเพื่อสังคมบึงกาฬบึงโขลงตำนานพญานาค,1
น้องทำหน้าที่เต็มที่แล้วครับผิดผลาดประการใดผมขอรับไว้และแก้ไขปรับปรุงเองครับสู้ต่อไป,1
ปีนี้น้องโปรดไปหาลุงโอ๋ป้าเก่งแล้วเพราะเกรดออกได้คือเก่าไปรับรางวัลเด็กดี,1
เราอยู่ร่วมกันหลายปีแล้วปีนี้สาหัสแต่เราก็ก้าวผ่านกันไปได้คิดถึงนะนู๋เติบโตได้เป็นแม่คนแล้วที่อยู่ก็สู้กันต่อไปโนะ,1
กว่าจะถึงวันนี้มันต้องเจออุปสรรคมากมายถ้าเรามีความอดทนและอดกลั้นในตัวเราในที่สุดก็จะประสบความสำเร็จด้วยตัวของเราเอง🇦🇺ทําดีต้องได้ดี,1
ช่วยๆกันครับเป็นกำลังใจให้บุคลากรทางการแพทย์เเละผู้ป่วยนะครับทําดีต้องได้ดีเลิกสร้างความเเตกเเยกมาช่วยกันเถอะ,1
หากเราลงมือทำจนสุดความสามารถแล้วผลลัพธ์จะออกมาเป็นแบบไหนมันคือเราได้ทำมันดีที่สุดแล้วทําดีที่สุดแล้วใจบางมุม,1
ทำดีที่สุดจะมีผลลัพท์ที่ดีที่สุดก็ต่อเมื่อมันเกิดจาการกระทำไม่ใช่จากคำพูดการกระทำสำคัญกว่าคำพูดเสมอ,1
คลิปน่ารักสวีข่ายมาฝากน๊าวันนี้คริสต์มาสนี้ขอให้ทุกคนพบเจอความสุขน๊าาคริสต์มาส,1
คริสต์มาสแล้วแกอย่าลืมขอมารยาทจากซานต้านะเปลี่ยนที่ใส่บาตรเปิดประสบการณ์ขับรถทางไกลเอง,1
เมื่อลูกค้าบอกว่าหมอฟรุ้งฟริ้งจังหมอไม่ได้ไปไหนค่ะขอเพิ่มความสดใสให้ลูกค้าค่ะคริสต์มาสปีใหม่ไปเลย,1
โรงเรียนวัฒนานุศาสน์พิธีเปิดไฟวันคริสต์มาสวันพุธที่ธันวาคมณบริเวณวงเวียนหอนาฬิกาตลาดใหม่อพนัสนิคมจชลบุรีคริสต์มาสพระคริสตสมภพโรงเรียนวัฒนานุศาสน์,1
ใครอยากมีของขวัญในวันคริสต์มาสอย่ารอช้าให้ของขวัญกับคนที่เรารักด้วยคุกกี้ไส้คริสต์มาสอีกไม่กี่วันแล้วนร้า,1
หยุดน่ารักไม่ได้เลยสำหรับคนนี้ดูแลน้องบีแม่ทีมบียอนถ่ายแบบโปรไฟล์บียอนเช้านี้สดใสๆน่ารักๆๆต้อนรับเทศกาลคริสต์มาสแม่เปิ้ลเปิ้ลเมคอัพช่างแต่งหน้าเจ้าสาวแต่งหน้าเจ๊กอล์ฟกอล์ฟฟี่ช่างแต่งหน้าทำผมสุราษฎร์ธานีทำผม,1
น้องกำลังหาของกินพอดีจัดไปตัวละกล่องแบ่งปันวันดีๆสำหรับโอกาสดีดีให้ได้ทำความดี,1
ตัวเองขอให้เรื่ิงราวผ่าพ้นไปมีแต่สิ่งเข้ามาในชีวิตอารายที่ตัีงจายขอให้สมหวังในทุกเรื่องๆๆมีการงานที่ดีเปงรอยยิ้มนับจากนี้ไปขอให้ชีวิตราบรื่นอวยพรให้เราน่อยงับ,1
มีทุกอย่างก็ใช่ว่าจะมีความสุขแต่ถ้าพอใจในทุกอย่างที่มีอย่างนี้มีความสุขแน่นอนโฟกัสแต่ความสุข,1
หัวเราะวันละนิดชีวิตสดใสช่วยให้มีสุขภาพที่ดีดูเพิ่มเติมรู้สึกเยี่ยม,1
อยู่ด้วยกันจนลืมอะไรไปรึปล่าวหว๊าวันนี้วันครบรอบอีกเดือนนึงแล้วนี้หว๊านะที่รักอยู่ด้วยกันเกือบทุกวันมีความสุขมากเลยรักมากขึ้นทุกวันขอบคุณน๊าที่อยู่ด้วยกันรักและดูแลกันมาตลอดอยู่กะเค้านานๆอย่านอกใจอย่าทิ้งกันไปไหนนะไม่อยากเริ่มต้นใหม่กับใครแล้วไม่ว่าอุปสรคคผ่านมาร้ายแรงเเค่ไหนอย่าปล่อยมือเค้าไปนะจับมือเค้าแล้วผ่านเรื่องราวร้ายๆไปไปด้วยกันคนนะรู้สึกเป็นที่รัก,1
ย้อนหลังป้ากิ่งพบเจอแต่สิ่งดีดีนะป้า☺☺☺เค้กวุ้นฝีมือเพื่อนจอยเริ่ดเริ่ด,1
ส่วนเติมเต็มของการเริ่มต้นชีวิตคู่วันที่ครอบครัวของเราทั้งคู่มาเจอกันอบอุ่นแบบบอกไม่ถูกเลยความสุข,1
อะไรที่ทำให้เรายิ้มได้เราเรียกมันว่าความสุข,1
รักเธอคนเดียวแค่เท่านี้ที่ใจของฉันมีคือรักแท้ให้เธอทุกนาทีให้เธอช่วยรับมันไปได้ไหมรักเธอคนเดียวแม้จะดูเป็นคำสั้นๆคำหนึ่งเท่านั้นแต่ว่ามันจะยาวนานแสนนานตราบที่มีลมหายใจขอให้เชื่อใจฉันอยู่เป็นความโชคดีของกันและกันไปแบบนี้นานๆเลยนะหยิ่นวอร์รอยยิ้มมิตรภาพความสุขอยู่เป็นเรื่องราวดีๆของกันและกันตลอดไปรักยิ้มของคุณอานันท์,1
ยิ่งโตยิ่งเหนื่อยความคิดเปลี่ยนไปเยอะมากและคิดว่าไปในทางที่ดีขึ้นความสุข,1
การมีความสุขเป็นความฉลาดอย่างหนึ่งความสุขไม่ใช่การค้นหาแต่เป็นสิ่งที่เราสร้างขึ้นมาเอง,1
ลิสไว้ตอนทำงานตอนนี้ลาออกจากงานเลยจัดมาเยอะเลยขอใช้เวลาสักเดือนไล่ให้หมดเพื่อพัฒนาในงานใหม่ไม่มากก็น้อยความสุข,1
พอรู้ว่าได้คิวขึ้นค้ำผมตั้งใจรักษาศีลถือพรหมจรรย์กินมังสวิรัติกว่าวันเพื่อชำระกายใจให้เกิดความบริสุทธิ์ไว้เป็นภาชนะเพื่อรับสิ่งดีๆที่ถ้ำนาคาจองคิวขึ้นยากมากจองเท่าไหร่ก็ไม่ทันแต่เพื่อนผมไม่ยอมแพ้ตั้งจิตอธิษฐานถึงปู่อือลือราชาแล้วปู่ท่านเมตตาเลยได้คิวขึ้นเขาแบบปาฏิหาริย์ครับพอได้ขึ้นไปกราบสิ่งที่ได้รับทันทีจากสถานที่ศักดิ์สิทธิ์แห่งนี้คือรู้สึกมีความสุขมากครับอยากเล่าสู่กันฟัง,1
ถ้าได้คิดก้อคิดได้ที่คิดไม่ได้เพราะไม่ได้คิดความสุขคือการอยู่กับปัจจุบันแล้วทำมันให้ดีที่สุดค่ะค่ำคืนนี้ไม่ว่าเพื่อนๆจะนอนเวลาไหนขอให้หลับสบายฝันดีทุกคนค่ะ,1
ความรู้สึกของคนเราก็เหมือนมะม่วงนั้นแหละอย่างน้อยมันก็เคยมีความสุข,1
ฤกษ์งามยามดีขึ้นบ้านใหม่ขอบคุณทุกๆของขวัญขึ้นบ้านใหม่ขอบคุณแม่ๆพี่ๆทุกคนที่คอยให้กำลังใจมาตลอดจนทำให้แบมมีบ้านหลังนี้อยู่ดีมีสุขบ้านน้อยของฉัน,1
อยู่ดีมีสุขโชคดีมีชัยเฮงๆหมานๆนะวันนี้วันดีวันมหามงคลวันสิริสุขะมหาลาโภครูบาขออวยพรขอให้เจ้าประสบความสุขความเจริญรุ่งเรืองยิ่งๆขึ้นไปนะสุขสันต์วันเกิดเน้ออาร์มเอ้ยสาธุๆ,1
ขอบารมีพระภูมิเจ้าที่เจ้าทางปู๋ย่าตายายพระแม่ธรณีและสิ่งศักดิ์สิทธิ์ทุกๆพระองค์ทรงพระเมตตาประทานพรขอให้อยู่ดีมีสุขสำเร็จสมหวังมั่งมีศรีสุขเฮงๆรวยๆสมใจนึกทุกประการรู้สึกได้รับพรกับเสน่ห์ธรรมกิจและวิสุทธิ์อัตตนาถวงษ์ที่อไทรน้อย,1
ทักทายเพื่อนๆยามเย็นอยู่ดีมีสุขสุขภาพแข็งแรงร่ำรวยร่ำรวยครับ,1
ฤกษ์งามยามดีได้ฤกษ์ขนของย้ายขึ้นบ้านใหม่อยู่ดีมีสุขมั่งมีศรีสุขเฮงๆรวยๆเงินทองไหลมาเทมาจ้าวขอบคุณญาติๆทุกคนที่มาช่วยงานในวันนี้ยินดีจ้าดนักจ้าวขอบคุนทุกคนจากใจ,1
คนรวยคนสวยคนเก่งใครก็อยากเป็นแต่ความสามารถต้นทุนชีวิตที่ต่างได้มีความสุขในแบบของเราแค่นี้ก็ดีสุดนะรวยสุขอยู่ดีมีสุข,1
ทำบุญถวายน้ำถวายภัตตาหารปัจจัยปล่อยปลาให้อาหารปลา💌อยู่ดีมีสุขสุขสมหวังดังใจนะคะแม่,1
ฤกษ์งามยามดีฉลองคอนโดใหม่อาก็อตอยู่ดีมีสุขเฮงๆปังๆห้องน่ารักมาก,1
สาธุๆๆจะพ้นจากวิบากกรรมที่เจออย่างหนักเมื่อปีโดยเฉพาะเรื่องความรักปีแม่นมากแม่นจนขนลุกแต่ปีเราจะมีความสุขแล้วนะอยู่ดีมีสุขมีงานที่ดีเจอแต่คนคิด,1
ขอให้ชีวิตมีแต่ของขวัญอยู่ดีมีสุขร่ำรวยครอบครัวสุขสันต์มิ่งมงคลทุกวันเบิร์ดเดย์เด้ออ้าย,1
เป็นวันที่ดีดี๊ยินดีต้อนรับบ้านใหม่ของเราบ้านหลังนี้อยู่เย็นเป็นสุขอยู่แล้วรวยรวยทรัพย์สินเงินทองหลั่งไหลเข้ามาไม่ขาดมือเฮงๆๆปังปุริเย่เพี้ยงอยู่ดีมีสุขบ้านหลังนี้อยู่แล้วรวยบ้านหลังใหม่ที่เชียงใหม่,1
งามกว่าบ้านกะเจ้าของบ้านกับเพี่ยนเจ้าของบ้านท่อนล่ะขึ้นบ้านใหม่บ้านสวยน้ำพักน้ำแรงของนางอยู่แล้วรวยอยู่ดีมีสุขยินดีด้วยกับและคนอื่นๆอีกคน,1
ทำบุญแบบมินิมอลนิวนอมอลพระฆราวาสอยู่ดีมีสุขหมดทุกข์หมดโศกพ้นโรคพ้นภัยสาธุค่ะ,1
สุขสันต์วันเกิดเพื่อนป่องหลังเกษียณมีความสุขอิสระกับครอบครัวใช้ชีวิตสบายๆตามประสาตายายก็ขอให้มีแต่ความสุขแข็งแรงและปลอดภัยตลอดปีตลอดไปอยู่ดีมีสุขกับประเสริฐลีละบรรยงค์และคนอื่นๆอีกคน,1
อยู่ดีมีสุขอยู่ทำตนให้มีค่ายิ่งน่ารักดีประจักร์ต่อสังคมทุกสมัยมีเมตตาปราณีดีต่อกันไปสุขสดใสร่มเย็นเป็นนิรันดร์,1
อยู่ดีมีสุขทิศตกก็เขาทิศออกก็เขาแล้วนะเราตอนนี้เราบ้าเราไม่บวมอ้วนก็ไม่มีโรคผอมก็ไม่มีโรคเพราะเราดูแลสุขภาพกายสุขภาพจิตด้วยเฮโมฮิมช่วยให้สุขภาพดีทุกอย่างเฮโมฮิมอีโเมก้าอายลูนทีนโปรไบโอติกไซเลี่ยมฮัสค์อะโทมี่ยืย,1
ไม่มีคนนี้ไม่มีผมในวันนี้บันทึกไว้ในความทรงจำอำลาปีเก่าที่ว่าดีแล้วสู่ปีใหม่ปีหน้าที่ดีกว่าไม่เจ็บไม่ป่วยอยู่ดีมีสุขรวยๆ,1
เอาบุญตักบาตรเช้าวันอาทิตย์ชัยศรีมาฝากค่ะท่านใดมีทุกข์ขอให้พ้นทุกข์ท่านใดมีสุขขอให้สุขยิ่งๆขึ้นไปบุคคลจะดีได้ต้องผ่านไม่ดีมาก่อนบุคคลจะรู้ได้ว่าสว่างเป็นอย่างไรบุคคลนั้นต้องรู้จักความมืดเสียก่อนบุคคลจะรู้จักความสุขได้ต้องรู้จักความทุกข์เสียก่อนบุคคลจะเบื่อหน่ายในทุกข์และสุขได้ต้องไม่ยึดในทุกข์ในสุขนั่นแลจงยินดีเผชิญหน้ากับทุกๆปัญหาด้วยปัญญาและสติขอให้โชคดีมีกินมีใช้อยู่ดีมีสุขสุขภาพแข็งแรงร่ำรวยเงินทองตลอดไปเทอญ,1
กรกฎาคมยินดีต้อนรับสู่ขวบอย่างเป็นทางการพรุ่งนี้ย่างแก่ขึ้นอีกปีแล้วซินะเราขอให้ตัวข้านี้พบแต่ความดีอยู่ดีมีสุขสุขภาพแข็งแรงประสบความสำเร็จในทุกๆเรื่องเจริญรุ่งเรืองหน้าที่การงานและรวยๆเฮงๆสามีรักสามีหลงอยู่ดูแลกันแบบนี้ตลอดไปโฮมเพี้ยงรู้สึกได้รับพรกับ,1
ฤกษ์ดีวันดีทำบุญบ้านประจำปีอยู่ดีมีสุขอยู่ร่ำอยู่รวยเจริญก้าวหน้าทุกเรื่องช่างภาพขอบคุนทุกคนที่มาร่วมทำบุญ,1
เริ่มก่อร่างสร้างตัวพอทีพอกินพอใช้ทำบุญขึ้นบ้านใหม่หลังแรกในชีวิตและวันเกิดลูกชายหัวแก้วหัวแหวนมีคุณศรัณย์กฤชขอบคุณเมลดากิจสิทธิกรภรรยาคู่ชีวิตที่คอยคิดเคียงข้างขอบคุณบุพการีที่คอยส่งเสริมชุบเลี้ยงสั่งสอนตลอดมาขอบคุณครอบครัวฝั่งภรรยาที่คอยสนับสนุนช่วยเหลือเกื้อกูลทุกๆสิ่งทุกๆอย่างที่ผมและภรรยาทำเพื่อสร้างเนื้อสร้างตัวขอบคุณญาติสนิทมิตรสหายเพื่อนพ้องน้องพี่ทุกๆคนที่มาร่วมงานก็ดีมาไม่ได้ก็ดีมาก็ดีขอให้วันนี้และทุกๆวันมีแต่สิ่ดูเพิ่มเติมรู้สึกได้รับพรกับเมลดากิจสิทธิกรและอีกคนที่,1
ยินดีกับความสำเร็จของน้องชายมั่งมีศรีสุขเด้อครับน้องแบมน้อย,1
ฤกษ์ดีลงเสาเอกบ้านปู่เอียงอยู่บ้านเก่ามาชั่วอายุลูกหลานได้เวลาสร้างบ้านใหม่สักทีอยู่ดีมีสุขมั่งคั่งร่ำรวย,1
ปล่อยเคราะห์ปล่อยโศกปล่อยโรคปลอดภัยเผาเตียนเล่นไฟกระทงบ้านเฮาอยู่ดีมีสุข,1
สุขสันต์วันคล้ายวันเกิดหม่อนส่วยปีแล้วหลานขอให้สุขขีสุขขังสุขมีพลังทองเต็มถังตังค์เต็มไหสุขใจไร้โรคภัยสาธุๆๆโชคดีมีชัยชีวิตปลอดภัยไร้โควิดอยู่ดีมีสุข,1
สุขสันต์วันเกิดนะครับเเม่เเหม่มขอให้เเม่เเหม่มอยู่ดีมีสุขอายุมั่นขวัญยืนร่ำรวยเงินทองสุขภาพเเข็งเเรงอยู่เป็นร่มโพธิ์ร่มไทรลูกๆหลานๆไปนานนะครับรักเเม่เเหม่มนะครับของขวัญวันเกิดรอก่อนนะครับช่วงนี้เอาตังก่อนครับ,1
เจริญเจริญดีดีเฮงเฮงอยู่ดีมีสุขใครว่างมากินข้าวกะบ้านเด้อทุกคน,1
สวัสดีปี๋ใหม่เมืองหรือปีใหม่ไทยปีใหม่นี้ขอให้พบเจอแต่สิ่งดีงามอยู่ดีมีสุขมีแต่ความสุขกันทั่วหน้าขอให้โรคภัยอย่าได้เข้าใกล้สาธุ,1
เก็บตกงานบุญกฐินสามัคคีของวัดดอยพระธาตุค่ะเอาบุญมาฝากด้วยจร้ร่ำรวยอยู่ดีมีสุข,1
เฮงๆรวยๆอยู่ดีมีสุขกิจการรุ่งเรืองๆเจริญๆไหว้เส็ดแล้วก็ว่างอ่ะสนามไหนชวนบ้างน้ะ,1
สงกรานต์ปีนี้ไผ่ขอให้ทุกๆท่านมีสุขภาพร่างกายแข็งแรงปลอดภัยไกลโรคสุขทั้งใจมีเงินใช้ตลอดไปครับสวัสดีปีใหม่ไทยวันสงกรานต์อยู่ดีมีสุขปลอดภัยสุขภาพแข็งแรงไผ่พงศธร,1
อยู่ดีมีสุขความทุกข์จงหายไปปลอดภัยจากโควิดทุเรียนลูกแรกของปีค่ะกินไล่โควิดกะน่ะมาเด้อจ้าทุกๆท่านปลดูแลสุขภาพตัวเองด้วยนะคะด้วยรัก&ห่วงใย,1
ฤกษ์งามยามดีตั้งศาลพระภูมิศาลตายายอยู่เย็นเป็นสุขปกป้องผองภัยอยู่ดีมีสุขเฮงๆรวยๆ,1
วันพฤหัสบดีสุขสันต์สมหวังทุกประการร่ำรวยเร็วพลันโชคดีมีชัยพิธียกเสาเอกฤกษ์งามยามดีนของขวัญที่ดีอย่างหนึ่งในชีวิตคือการมีคนคอยสนับสนุนความฝันของเราเชื่อมั่นในตัวเราและคอยอยู่ข้างเราเสมอฝันเป็นจริงแล้วนะนกน้อยทำรังแต่พอตัวบ้านของฉันฝันของพ่อกับแม่อยู่ดีมีสุข,1
เล็กๆอีกหนึ่งรายการพอได้ค่าข้าวอยู่ดีมีสุขเฮงๆรวยๆครับขอบคุณที่เรียกใช้บริการคราฟภูธรคัลเลอร์,1
ขอบคุณผู้สนับสนุนเค้กด้วยคราบพี่ชายและพี่สะใภ้พี่หนอยพี่ปิ๊กและน้องป้อมพี่ผู้มีแต่ให้ขอบคุณคนที่อยู่ข้างๆขอบคุณทุกคำอวยพรทุกช่องทางขอให้พรที่ให้มานั้นกลับไปถึงทุกๆคนด้วยนะคะสุขภาพแข็งแรงปลอดโรคปลอดภัยอยู่ดีมีสุขกินดีอยู่ดีมั่งคั่งร่ำรวยแคล้วคาดปลอดภัยผ่านวิกฤตินี้ไปได้ด้วยเทอญ,1
เสร็จเรียบร้อยลุล่วงไปด้วยดียกเสาขอบคุณทุกคนที่มางานและขอบคุณทุกฝ่ายที่ช่วยเหลือด้วยนะคะอยู่ดีมีสุขร่ำๆรวยๆๆสาธุ,1
เข้าวัดทำบุญ,1
ขอให้เจริญก้าวหน้าเงินทองมั่งมีอยู่ดีมีสุขสุขภาพแข็งแรงให้แก่ตัวข้าพเจ้าครอบครัวและทุกๆท่านเทอสา,1
วันดีฤกษดียามดีรุ่งเรืองร่ำรวยอยู่ดีมีสุขไม่เจ็บไม่จนเหลือกินเหลือใช้,1
ขอบคุณทุกๆท่านนะคร้าที่อวยพรแต่สิ่งดีๆให้มาอุ๊อุ๊ขอให้สิ่งดีๆเหล่านั้นกลับไปหาทุกๆท่านด้วยนะคะอยู่ดีมีสุขสุขภาพแข็งแรงเฮงๆรวยๆทุกๆคนถูกตัวท้ายพอได้ย๊ายข้าวสากจร้า,1
ตัวขนาดนี้ฮิปโปดีๆนี่เองต้องเข้าล่ะเริ่มภาระกิจลดหุ่นพยครอบครัวตัวกลมอยู่ดีมีสุข,1
อย่าเกรงกลัวกับการเปลี่ยนแปลงแต่จงมองหาทางอยู่รอดกับการเปลี่ยนแปลงให้ได้เช้านี้อวยพรให้ทุกคนอยู่ดีมีสุขปลอดโควิดชีวิตเจริญรุ่งเรืองเงินทองไหลมาเทมาขายค้าร่ำรวยๆเฮงๆปังๆกันทุกบ้านค่ะ,1
เป็นศิริมงคลทำบุญขึ้นคอนโดใหม่สุขกายสบายใจอยู่ดีมีสุขร่ำรวยเหลือเฟือตลอดไปเทอญสาธุสาธุสาธุอยู่ดีมีสุขร่ำรวยเหลือเฟือ,1
ขอร่วมอนุโมทนาสาธุกับเพื่อนฝากนำอาหารใส่บาตรด้วยขอให้อยู่ดีมีสุขมีความสุขความเจริญโชคดีมีชัยสุขภาพแข็งแรงเฮงๆรวยๆขอให้บุญพระรักษาสาธุ,1
สวัสดีวันอังคารกับไหลชมพูพอเป็นก็สุขใจพอใจก็สุขเป็นโชคดีมีชัยชีวิตปลอดภัยอยู่ดีมีสุข,1
อย่าได้แปลกใจถ้าวันนี้เราได้มาพบกันคิดบวกคำคมคนมีตังค์คำคมแคปชั่นข้อคิดแนวคิดสังคมคิดบวกกำลังใจแรงบันดาลใจปรัชญาหนังสือพัฒนาตัวเอง,1
ถ้าไม่มีใครเห็นคุณค่าอย่าไปโกรธเขาเป็นไปได้ว่าเราอยู่ในที่ที่ผิดเท่านั้นเองเดินหน้าต่อไปสักวันเราจะเจอคนที่เห็นคุณค่าเราเองคิดบวก,1
ดอกเบี้ยเงินฝากดีใจน้ำตาไหลมีเงินเข้าดีกว่ามีเงินออกเนาะคิดบวก,1
ความสมบูรณ์แบบแม้จะดูเข้าถึงยากแต่ถ้าเราพยายามและไล่ตามสักวันหนึ่งเราจะเข้าถึงได้แน่นอนคิดบวกชีวิตดี๊ดี,1
จะดีจะร้ายขอเพียงไว้ก่อนชีวิตแจ่มว้าวกันก่อนดีไหมมี้มากับลีมูนซีนเต่าสีชมพูคันเดียวในประเทศไทยคิดบวกยิ้มให้ตัวเองมี้เองเจี๊ยบๆผู้น่าฮัก,1
คิดบวกไม่ใช่การหลอกตัวเองว่าไม่มีปัญหาแต่สอนให้เรามีความสุขภายใต้ปัญหาที่มีอยู่พลังบวกพีระพงษ์รวบรัด,1
ไม่มีความสุขอะไรที่เสถียรจริงๆนอกจากทัศนคติของเราเองคิดบวก,1
พรุ่งนี้วันจันทร์แต่ฉันบอกตัวเองสู้โว้ยเพราะด้วยเป็นอาทิตย์สุดท้ายของปีอะไรไม่ดีขอให้ผ่านไปปีหน้าไซร้ขอให้เจอแต่สิ่งดีดีรูปเก่าลงใหม่คิดบวก,1
ชีวิตคนเราในหนึ่งวันเจอเรื่องราวมากมายทั้งดีใจร้องไห้เสียใจสมหวังและก็ผิดหวังซึ่งมันเป็นเรื่องปกติของคำว่าคนแต่มันจะไม่สำคัญเท่ากับเรารู้เวลาที่จะคืนและตอบแทนกับร่างกายของเราที่ทนมากับเราทั้งวันไม่รู้เหนื่อยสักเท่าไหร่เดินทางทำงานโดนแดดโดนฝนและอีกมากมายความคิดและสิ่งที่จะทำยังอีกไกลคิดบวกยังไม่ตายน้อเรายังมีเวลาอีกเยอะนอนพักผ่อนคืนความสุขให้กับร่างกายเพื่อที่ต่อสู้กับวันใหม่ในยามเช้าฟ้าสางที่ตะวันจะโผล่ขึ้นมาอีกครั้งในวันใหม่รุ่งอรุณดิ์หมอเปรม,1
สคสบางทีก็หมายถึงสร้างความสุขเพราะในวันที่เรามีความทุกข์ก็ต้องสร้างความสุขด้วยตนเองคำคมคนทำงานข้อคิดคนทำงานกำลังใจพิชิตความสำเร็จคำคมคิดบวกแรงบันดาลใจข้อคิดดีๆแคปชั่นเด็ด,1
คิดบวกไม่ได้เป็นการหลอกตัวเองว่าไม่มีปัญหาแต่สอนให้เรารู้ว่าเราสามารถมีความสุขได้ภายใต้ปัญหาที่มีอยู่โลกของอริยา,1
ดูดวงฟรีคำคมคิดบวกกำลังใจโชคลาภความรวยดูรหัสกรรมให้ทุกท่านทุกวันจากชื่อและเบอร์มือถือฟรีเป็นธรรมทานถวายพระธาตุพนมส่งชื่อจริงนามสกุลไม่ต้องส่งเบอร์มือถือปัจจุบันพิมพ์ติดกันไม่มีดวงจะมีโชคใหญ่ดวงพยากรณ์,1
กักตัวจนนิ้วด้านดีจังได้มีเวลาเล่นกีตาร์อย่างบ้าคลั่งคิดบวก,1
ฟังนะคำใส่ร้ายป้ายสีจากปากคนมันไม่สามารถเปลี่ยนคนดีให้กลายเป็นคนเลวได้แต่คำใส่ร้ายสามารถเปลี่ยนคนพูดให้กลายเป็นคนเลวได้ในทันทีเห็นเขาต่ำใส่จงอย่าต่ำสวนเพราะสุดท้ายมันจะต่ำตมไม่ต่างกันและถ้ารู้ว่าเขาเลวมาแล้วเลวกลับไปตอบได้ไหมว่าใครเลวกว่ากันแบ่งปันข้อคิดคิดบวกความสูข,1
อย่าทุ่มเททั้งชีวิตเพื่อแสวงหาเพียงทรัพย์สมบัติเพียงเพื่อเก็บไว้ใช้รักษาตัวยามแก่ชราแต่ผมเลือกใช้ชีวิตตลอดช่วงเวลาของชีวิตเพื่อแสวงหาความสุขชีวิตเป็นของเราใช้ซะคิดบวกเสมอโครงการบ้านสวนรับอรุณ,1
ถ้าไม่ตัดสินใจวันนั้นคงไม่มีวันนี้เรามีเครื่องมือที่ดีเครื่องมือที่ใช่ใช้เครื่องมือให้เป็นประโยชน์ทุกคนมีเป้าหมายมีความฝันของตัวเองฉันระอาชีพนี้คิดน้อยทำมากคิดมากทำน้อยเราต้องคิดน้อยทำมากคิดบวกเสมออย่าคิดลบโค้ชซาอุดีโค้ชนูรีดา,1
คิดบวกเสมอเพื่อชีวิตที่ดีมีความสุขการคิดบวกหรือความคิดแต่สิ่งดีๆตามที่ตัวเองต้องการนั้นจะนำพามาซึ่งสิ่งดีๆเข้ามาหาเราเพราะการที่คิดบวกจะเป็นพลังงานทางความคิดให้ผู้คิดสามารถรับมือกับสิ่งที่ท้าทายก้าวผ่านอุปสรรคต่างๆในชีวิตได้อีกทั้งยังเป็นตัวส่งให้คุณเป็นคนมองโลกในแง่ดีถึงแม้ว่าการที่จะทำให้คนเราคิดบวกอยู่ตลอดเวลานั้นมันอาจเป็นเรื่องยากต่อการฝังความคิดแต่ถ้าเมื่อใดที่คุณมีความคิดด้านลบจงเอาแนวคิดดีๆมาหักล้างความคิดด้านลบเหล่านั้นจงเปลี่ยนแปลงสิ่งเหล่านี้เพราะคลื่นความคิดก็จะแปรเปลี่ยนเป็นแรงดึงดูดที่จะนำพาซึ่งสิ่งดีๆเข้ามายังชีวิตการมีสติเป็นส่วนสำคัญของกฏแห่งแรงแดงดึงดูดเพราะการมีสติจะเป็นตัวกำหนดให้ตนเองรู้ว่าขณะนี้เราคิดอะไรคิดดีหรือไม่เมื่อเราสามารถรู้เท่าทันความคิดเมื่อไหร่เราก็สามารถควบคุมมันแยกความคิดไม่ดีออกจากความดีได้ก็จะเป็นตัวขับเคลื่อนดำเนินความคิดดีๆต่อไปเพราะเรายับยั้งความคิดไม่ดีไม่ให้เข้าไปอยู่ในส่วนของสิ่งดีๆทุกข้อคิดมีไว้สอนตัวเองเป็นหลักแบ่งปันเผื่อว่าจะมีประโยชน์กับเพื่อนๆบ้างด้วยรักตาลกรกนกวรรณ,1
ลองจัดการความรู้สึกที่ไม่ดีของตัวเองด้วยการคิดบวกกันค่ะเผื่อช่วยให้ความทุกข์ที่มีลดลงบ้างให้กำลังใจกันนะคะ,1
ขายหยังกะรวยปลูกหยังกะดกคิดบวกเสมออยากได้สิ่งใดต้องไขว่คว้าอย่ามัวแต่หาข้ออ้างเปลี่ยนแปลงตัวเองคือความลำบากเพียงชั่วคราวหากไม่เปลี่ยนแปลงตัวเองคือความลำบากทั้งชีวิต,1
จงใช้ชีวิตให้เหมือนอาทิตย์ตกและขึ้นในทุกๆวันไม่ว่าจะแบบไหนย่อมสวยงามเสมอดังวิถีชีวิตของคนเราวันนี้มีทั้งดีทั้งแย่พรุ่งนี้ก็อาจจะเจอเรื่องที่ดีสวยงามรออยู่เช่นกันสู้ชีวิตกันไปจะหมดปีแล้วคิดบวกเสมอคิดดีพูดดีทำดี,1
สาวสวยคนละแบบจ้าาถ้าไม่แต่งหน้าก็จะแก่ประมาณนี้เด้อจร้าาความสุขหาได้จากตัวเราเองรักตัวเราเองคิดบวกเสมอ,1
เป็นคนเงียบๆแต่ศัตรูเราก็เพียบนะค้าบบคิดบวกเสมอเท่ากับพร้อมบวก,1
ความสุขหาได้ไม่ยากมันอยู่ที่ใจและความคิดมิ้งเป็นแค่เด็กบ้านๆคนหนึ่งพ่อแม่ก็ไม่ได้รวยค่ะแต่ทุกๆอย่างที่ได้เราสร้างด้วยมือของเราเองไม่เคยอายที่เกิดมาจนแต่เราไม่จนความคิดและปัญญาตอนนี้มิ้งก็ยังเป็นแค่เด็กบ้านๆคนหนึ่งเหมือนเดิมแต่เพิ่มเติมคือฉลาดคิดและกล้าลงมือทำทุกอย่างคือความฝันทุกความฝันล้วนมาจากความคิดทั้งนั้นจากเด็กบ้านๆและก็ยังคงความบ้านๆของเราอยู่กิ่วม่วงในวันที่ฝนพรำสายหมอกน่านเมืองสร้างสรรค์คิดบวกเสมอชีวิตดีเพราะคิดบวกอากาศเย็นๆทะเลหมอก,1
เมื่อเกิดปัญหาให้ถามตัวเองว่าปัญหามันใหญ่หรือใจเรามันเล็กคิดบวกเสมอ,1
ทุกความสามารถเกิดจากการลงมือทำที่ต้องทำแล้วทำอีกทำซํ้าๆจนเกิดผลลัพธ์ที่คุณเองก็คาดไม่ถึงหยุดโทษตัวเองว่าเรานัันมันทำไม่ได้คิดบวกเสมอคนไทยในต่างประเทศ,1
ยังยิ้มเสมอช่วงนี้ออนไลน์วนไปเวลาว่างไม่ค่อยจะมีแต่เวลาดีๆมีเยอะคิดบวกเสมอ,1
จิตที่ฝึกดีแล้วย่อมไม่หวั่นไหวต่อสิ่งใดทั้งปวงคิดบวกเสมอ,1
ท้อก็แค่เริ่มใหม่ไม่มีคำว่าสายสำหรับความตั้งใจที่เรามีเติมไฟให้กับตัวเองไม่ยากคิดบวกเสมอล็อคเป้าหมายให้ชัดแล้วลุยมองปัญหาที่เข้ามาเป็นเพียงโจทย์ที่้ต้องแก้ไขให้กำลังใจตัวเองอยู่เสมอล้มลุกขึ้นเดินต่อลุยสู้สู้ข้อคิดดีๆจากแม่ฝนร้อยล้านโค้ชพรีม,1
หลายคนคงคิดว่าทิพรวยกลับบ้านมาทีเลี้ยงญาติพี่น้องได้ทุกวันเอาจริงๆแม้มีเงินในบัญชีแค่หลักหมื่นก็เลี้ยงนะเพราะชีวิตเราไม่มีอะไรแน่นอนกินบ้างใช้บ้างแบ่งปันบ้างอาจจะไม่มากแต่ก็ทำให้พ่อแม่ญาติพี่น้องมีความสุขได้พ่อแม่ลุงป้าน้าอาก็แก่กันละไม่เลี้ยงตอนนี้จะเลี้ยงตอนไหนหากรอวันที่พร้อมและรวยมากก็อาจไม่มีโอกาสทำก็ได้เพราะเรารู้วันเกิดแต่เราไม่รู้วันตายคิดบวกเสมอเงินทองอาจมีไม่มากแต่เรื่องน้ำใจรวยมากนะฝึกแบ่งปันฝึกเป็นผู้ให้บ่อยๆแล้วชีวิตจะมีแต่เจริญ,1
ยอดหนี้ที่รพสแสนรักษ์ประจำเดือนตคมาแล้วค่ะยอดบาทกำหนดชำระคือธคยังพอมีเวลาให้แม่หมาได้ดิ้นหาเงินคิดบวกเสมอเพราะมันจะมีผลต่อหัวใจเราเป็นหนี้เราไม่ถึงตายหรอกแต่ถ้าลูกของเราไม่ได้รักษาต่างหากถึงตายแน่นอนจงอย่าลืมความตั้งใจแรกที่เปิดบ้านคือเพื่อชีวิตที่ดีขึ้นของพวกเค้าในบ้านหลังนี้,1
ถ้าเทอร์จะไปเราไม่เคยว่าแต่ถ้าเทอร์จะไปมีสาระบ้างเอาฮาบ้างซักวันหลังวันหวยแดกเอ้ยหวยออกคิดบวกเสมอ,1
ยิ้มรับทุกปัญหาความสุขก็จะตามมานะคะนอนหลับฝันดีคะคิดบวกเสมอ,1
ถึงจะมีปัญหาทั่วไปในขณะนี้แต่เราก็ยังกินหรูระดับดาวสบายๆในชีวิตประจำวันคิดบวกเสมอ,1
ไม่มีอะไรทำร้ายเราได้มากเท่าใจของเราเองยิ้มอ่อนๆคิดบวกเสมอเปิดรับออเดอร์,1
คนเยอะขอหลบๆมุมลอยกระทงซะหน่อยขอคมาพระแม่คงคาที่เคยใช้ชำระชะล้างน้อมพระคุณที่ได้ใช้เพื่อดำรงค์อยู่ในชีวิตสาธุมงคลบารมีบังเกิดรีบลอยรีบกลับมีเด็กๆนั่งรออยู่ที่บ้านคิดบวกเสมอโครงการบ้านสวนรับอรุณ,1
สิ่งที่เตือนตัวเองเสมออย่าลังเลใจที่จะชื่นชมคนอื่นที่จะพูดให้เขารู้ว่าเขาสำคัญและมีค่ามากแค่ไหนในทางตรงกันข้ามจงลังเลและคิดให้ดีก่อนเสมอที่จะพูดไม่ดีหรือตำหนิใครเราเติบโตขึ้นในทุกๆวันคิดบวกเสมอ,1
ทุกการเดินทางของฉันมันมีความหมายเสมอบางคนถามทำอะไรเยอะแยะเพราะคนที่ถามไม่มีครอบครัวอยู่ข้างหลังอย่างเราคิดบวกเสมอรักตัวเอง,1
สวัสดีคะทุกๆคนลองยิ้มรับกับปัญหาและมองว่านั่นคือประสบการณ์ใหม่ๆที่ทำให้เราเข้าใกล้ความสำเร็จมากขึ้นค่ะซึ่งการจะยิ้มรับปัญหาได้นั้นเราก็ควรเปลี่ยนตัวเองให้เป็นคนที่มองโลกในแง่ดีเสียก่อนนะคะเพราะเมื่อมองทุกอย่างเป็นไปในด้านบวกแล้วจะช่วยทำให้เรามีจิตใจโปร่งใสและเกิดแรงบันดาลใจที่ดีเกิดขึ้นมาได้ค่ะคิดบวกเสมอ,1
พรวันคล้ายวันเกิดของผมปีนี้ขอมงคลบารมีศิริอายุปราศจากทุกข์เพิ่มพูลสุขจงบังเกิดแก่หมู่มวลกัลยณมิตรทุกคนท่านด้วยเทอญคิดบวกเสมอโครงการบ้านสวนรับอรุณ,1
ขอให้ทุกเช้าของวันใหม่มองในสิ่งที่ให้คุณค่ากับชีวิตให้เราพร้อมก้าวเดินต่อด้วยพลังที่มุ่งมั่นคิดบวกเสมอแล้วสิ่งที่เราหวังและเป้าหมายของชีวิตจะอยู่ตรงหน้าแน่นอนเช้าวันทำงานที่แสนมีความสุขยิ้มรับควๅมปัทุกคนน;ค;,1
เปลี่ยนจนไม่รู้จะพูดไงแล้วอุปสรรคมีให้ก้าวผ่านเสมอก้าวเยอะหน่อยนะถามว่าท้อไหมท้อมีไว้ให้ลิงเท่านั้นส่วนผมถือกล้วยหอมคิดบวกเสมอยังขายนะครับไม่หยุด,1
ฉีดแล้วเป็นที่แน่นอนวัคซีนโมเดอร์นาหลังจากที่รอคอยมานานข้ามซีซั่นคืนนี้มาคอยชมกันใครจะไข้ใครจะหลับคิดถึงป่าคิดถึงเขาคิดถึงแคมป์ปิ้งแต่รอก่อน️คิดบวกเสมอโครงการบ้านสวนรับอรุณ,1
มีเสน่ห์ก็ตรงที่ทำเองกินเองนักเลงพอดูท่าก็รู้ท่าดีกับข้าวอาหร่อยคิดบวกเสมอโครงการบ้านสวนรับอรุณ,1
แอบรอเธออยู่นะจ๊ะจุ๊จุ๊อย่าบอกใครนะโต๊ะเปิดแล้วแอบมาเล่นกันได้นะโต๊ะลุงแดงวัยรุ่นปลาหวานคิดบวกเสมอ,1
ผมอาจจะไม่ได้มีทรัพย์สมบัติมากมายแต่ผมก็มีความสุขมหาศาลกับสิ่งที่ผมมีอีกปีก็ไม่มีใครอยู่บนโลกใบนี้แล้วใช้ซะชีวิตเป็นของเราคิดบวกเสมอโครงการบ้านสวนรับอรุณ,1
ชีวิตถึงมันจะเหนื่อยแค่ไหนเราก็ยิ้มได้คิดบวกเสมอ,1
ความหลังบอกได้ทุกอย่างตราบใดเราไม่หยุดเดินหยุดคิดทุกอย่างต้องดีขึ้นฟ้าหลังฝนต้องสวยงามเสมอคิดบวกเสมอ,1
บรรยากาศแบบนี้มู๋ทะชาวดอยสิครับคิดบวกเสมอโครงการบ้านสวนรับอรุณ,1
ยิ่งกลัวยิ่งต้องเผชิญชอบตัวเองเวลาที่อยู่กับธรรมชาติและทะเลการกระทำสำคัญกว่าคำพูดคิดบวกเสมอ,1
ท้อได้ไม่รู้กี่ครั้งแต่กูถอยไม่ได้สักหนเพราะกูเกิดมาจนหากินบนความอดทนที่คนมั่งมีไม่เข้าใจไอ้คำว่าอดตายความหมายมันเป็นอย่างไรสิ่งแรกที่ต้องคิดในทุกๆครั้งที่เริ่มวันใหม่คิดบวกเสมอโครงการบ้านสวนรับอรุณ,1
ผมจิตใจโอเคขึ้นแล้วน้าขอบคุณในทุกความเป็นห่วงนะครับทุกเหตุการณ์ที่เข้ามาในชีวิตล้วนสร้างภูมิคุ้มกันให้กับเราไม่เจอวันนี้ก็เจอวันหน้าเดินหน้าต่อกันนะครับหมอหมาพาเพรียวหมอหมาโมเดลลดน้ำหนักคิดถึงหมอคิดบวกเสมอ,1
ในใจไม่ได้คิดอะไรจิงๆบางทีก็พูดไปงั้นๆคนเราก็มีบ้างเต็มทีแล้วลุยต่อพังวันท้ายร็อคเอ๊ยจับหัวใจแล้วไปต่อคิดบวกเสมอมวยฝีมือ,1
วันที่เดือนเอาฤกษ์เอาชัยเปิดโชคเปิดลาภเฮงๆรวยๆปังๆตั้งเสาเอกโครงการบ้านสวนรับอรุณความสุขของผมไม่ได้เกิดที่ความสบายที่ตัวผมแต่มันกับเกิดจากเห็นคนที่เรารักมีความสุขบ้านสวนรับอรุณบ้านสวนรับอรุณบ้านเดี่ยวโครงการบ้านสวนรับอรุณบ้านเดี่ยวเมืองนครปฐมบ้านและที่อยู่อาศัยคิดบวกเสมอ,1
ภายนอกดีเริ่มจากภายในดีสวัสดียามเช้าค่ะถึงจะเป็นคนไม่สวยแต่ใช้แอฟเก่งก็สวยได้บอกรักตัวเองทุกวันชมตัวเองฉันสวยบอกตัวเองว่าฉันแข็งแรงโอบกอดตัวเองทุกวันคิดบวกเสมอ,1
ยิ่งให้ยิ่งได้เรื่องจริงที่เกิดขึ้นจริงเชื่อทำดีได้ดีเห็นผลชาตินี้อยู่อย่างพอเพียงคิดบวกเสมอ,1
ผ่านไปอีกวันขอบคุณทุกๆคำตักเตือนขอบคุณตัวเองอีกครั้งที่ไม่เคยท้อเรยวันนี้ไม่ผิดหวังกับสิ่งที่คาดหวังไว้ฉันลบคำสบประมาทไปได้แล้วหนึ่และฉันจะทำวันพรุ่งนี้และวันต่อๆไปให้ดีกว่าที่เคยคิดบวกเสมอไม่เก่งแต่ไม่หยุดขอบคุณกำลังใจที่ดีที่สุด,1
มีกัลยาณมิตรดีมีชัยไปกว่าครึ่งขอบคุณผู้ใหญ่ทุกท่านที่คอยอุปถัมภ์ขอบคุณพี่น้องพ้องเพื่อนจุ้บๆคิดบวกเสมอ,1
มองทุกอย่างเป็นบวกใจเราคิดอย่างไรเรื่องก็จะเป็นอย่างนั้นคิดบวกเสมอสุขใจมีความสุขคิดดีทำดี,1
ขอให้การงานราบรื่นสำเร็จผ่านไปด้วยดีทำงานทำบุญไหว้พระขอพรสาธุสาธุคิดบวกเสมอเมื่อเจอปัญหา,1
บางทีความสุขก็มาในรูปแบบของความเลอะเทอะของเจ้าขามันนี่เจ้าหมาตัวป่วนโกลดี้หมาขี้เซาะลัคกี้ผู้น่ารักคิดบวกเสมอโครงการบ้านสวนรับอรุณ,1
เคยมั้ยน้อยใจอะไรมากไปแต่ทำอะไรไม่ได้ได้แต่ก้มหน้าถามตัวเองว่าที่กูทำมันยังดีไม่พออีกหรอว่ะคิดรัยมากทำดีงัยก็ได้ดีคิดบวกเสมอทำดีได้ดีทำชั่วได้ดีมีถมไป,1
มีหลายคนเคยถามว่าทำบุญแล้วได้อะไรผมก็เลยตอบไปว่าได้บวกเสมอก๋วยจั๊บเป็นเหตุไกลแค่ไหนก็ใกล้ชีวิตคิดบวกเสมอโครงการบ้านสวนรับอรุณ,1
หน้าหนาวต้องยกให้ภาคเหนือแต่น่าฮักปะลํ่าปะเหลือยกหื้อตั๋วได้ก่อคิดบวกเสมอความสุขหาได้จากตัวเราเองรักตัวเราเองขำๆก่อนนอน,1
เติบโตเป็นคนในแบบที่ตัวเองชอบไม่ใช่ในแบบที่คนอื่นชอบแล้วแต่ชอบไม่ชอบก็แล้วแต่เราไงคนที่ชื่อบัวคิดบวกเสมอ,1
คนที่จะประสบความสำเร็จในชีวิตไม่ใช่ว่าต้องเรียนจบปริญญามันอยู่ที่การเรียนรู้และการลงมือทำและความขยันอดทนคิดบวกเสมอ,1
สุขสันต์วันเกิดนะครับอชิลูกชายคนโตของแม่ขวบแล้วลูกคือแก้วตาดวงใจลูกจงเป็นคนที่คิดดีทำดีพูดดีด้วยกายวาจาใจลูกจงเป็นคนขยันซื่อสัตย์ประหยัดอดทนกตัญญูคิดบวกเสมอรักและดูแลตัวเองแม่จะอยู่ตรงนี้เสมอ,1
เข้านี้ขอสะสมบุญเป็นเสบียงบุญทานมังสะวิรัติงดเนื้อสัตว์บุญที่สร้างอยู่เสมอขอให้เจอแต่สิ่งดีดีผู้คนดีดีสุขภาพดีขนมปังนมสดฮอกไกโดกาแฟชาวดอยคิดบวกเสมอ,1
ถ้าคุณทำในสิ่งที่ควรทำและถูกต้องแล้วแต่ยังมีคนอื่นพูดไม่ดีเกี่ยวกับตัวคุณแสดงว่ามันไม่ใช่ปัญหาของคุณมันเป็นปัญหาของเขาสู้แล้วเดินต่อคิดบวกเสมอ,1
บางทีธรรมชาติก็ทำร้ายเราได้ถึงแม้มันจะสวยงามสักแค่ใหนก็ตามคิดบวกเสมอ,1
ธรรมชาติมีความงดงามของมันสงบและสวยงามขอบคุณพี่สาวใจดีที่เป็นไกร์ให้วันนี้นะค่ะไลสไตร์คิดบวกเสมอ,1
ทำงานทุกที่มันมีความกดดันทั้งยอดขายยอดคู่แข่งคิดบวกเสมอแต่วันนี้เราไม่โอเครกับคำว่าไม่ใส่ใจและสายตาที่มอง,1
เชื่อไหมว่านับกัดฟันแทบหักที่พร้อมจะใสหน้าเธอไม่ไหวนะไม่ไหวคุณใช่คำพูดที่ยังไม่รู้จักเราดีพออย่าทำให้เราเสียความรู้สึกเพราะคำพูดคุณบ้านหลังนี้มันอบอุ่นนะอย่าให้เราออกเพราะกูต้องใส่หน้ามึงเลยอีสัส,1
เป็นคนง่ายๆหิวก็ทำกินข้าวหน้าไก๊เกิดเป็นมนุษย์สิ้นสุดแค่อิ่มให้ทุกมื้ออีกปีก็ไม่มีใครอยู่บนโลกใบนี้แล้วครัวบ้านสวนรับอรุณคิดบวกเสมอโครงการบ้านสวนรับอรุณ,1
ไม่ขอแข่งกับไครนะพอดีหนูเป็นเด็กน่ารักไม่ใช่นักกีฬาคิดบวกเสมอโลกสวยตลอดถ้ายังดีไม่พอก็ไปต่อได้เลยจ้ะดีกว่าหนูนี่แม่ชีละ,1
สักวันมันจะเป็นวันของเราถึงเวลาที่ใช่โอกาสที่เหมาะสมเราก็คงจะได้เจอกันคิดบวกเสมอ,1
สาธิตการเทแชมเปญคิดบวกเสมอแรงบันดาลใจ,1
สิให้น้องเล่นของหรือสิฮักน้องดีๆหน้ามึนๆกวนๆหัวเราะเสียงดังๆใจเย็นๆเเบบนี้หายากอยู่เด้คิดบวกเสมอ,1
แค่เรายิ้มและหัวเราะมองอะไรดีๆรู้ไหมว่ามันโคตรสร้างพลังบวกและเพิ่มพลังใจในการดำเนินชีวิตในแต่ละวันเลยนะไม่มียาอะไรดีเท่าที่เราสร้างเสริมให้สุขภาพจิตเราดีได้ด้วยตัวของเราเองพลังหญิงเพื่อหญิงคิดบวกเสมอเน็ตไอดอลอันดับหนึ่งแห่งเมืองเพิร์ทดาวนี่คัมแบลคทูเฟสบุ๊คมาเป็นผู้หญิงอารมณ์ดีกันเถอะผ่านความเจ็บปวดมามากมันไม่ช่วยให้อะไรดีขึ้นยอมรับปัญหาและฟาดกับมันแบบจริงจัง,1
ยิ้มยิ้มยิ้มโลกใบนี้ยังมีรอยยิ้มโชคดีของการเก็บของไม่เป็นระเบียบเวลากระเป๋ามันหายมันยังเหลือเอกสารสำคัญที่ทิ้งอย่างไม่เป็นระเบียบข้างนอกกระเป๋าไว้เป็นหลักฐานสิ่งสำคัญต่อเว้ยเห้ยคิดบวกเสมอ,1
กวางจะบอกให้นะจ๊กวางไม่ได้ขๅยดีหรือขๅยได้มๅตั้งแต่แรกเริ่มจ๊กวางก็มๅจๅกจุดเริ่มต้นคือเหมือนกันกับทุกๆคนแค่กวางมีความมุ่งมั่นและตั้งใจศึกษาและพัฒนๅตัวเองมากกว่ากวางเลยไม่มีคำว่าฉันขๅยไม่ได้มีแต่คำว่ๅถ้ๅฉันคิดจะขๅยฉันต้องรวยเท่ๅนั้นคิดบวกเสมอ,1
กิจการร้านเล็กๆของเราผ่านร้อนผ่านหนาวผ่านอุปสรรคปัญหามาก็เยอะเราจะต้องผ่านโรคโควิดนี้ไปได้อีกครั้งชีวิตคือการต่อสู้พลังใจมีมากคิดบวกเสมอรู้สึกมีแรงผลักดันกับรักชาติส่งเสียงที่พวงมณีเส้นขนมจีนโรยสด,1
ไม่สูงต้องเขย่งไม่เก่งต้องขยันเจอปัญหาต้องฝ่าฟันเจอความกดดันต้องกล้าพุ่งชนคิดบวกเสมอมีแรงผลักดันเชิญชมผลงานดีๆที่,1
เด็กจะเติบโตมาเป็นผู้ใหญ่ที่ดีเเละมีึคุณภาพเกิดจากการเห็นผู้ใหญ่เป็นเเบบอย่างที่ดีการเลี้ยงดูด้วยความรักการเอาใจใส่ปลูกฝังเเต่สิ่งดีงามเด็กจะมีจิตใจดีโอบอ้อมอารีทั้งกับสัตว์เเละเพื่อนมนุษย์เป็นคนใจเย็นดั่งเช่นน้ำคิดบวกเสมอขอพบเจอเเต่คนดีๆ,1
เคยคิดนนะถ้าวันนึงกูรวยมากๆจะเอาเงินไปทำอะไรจะมีใครมาช่วยใช้ไหมช่วงนี้ขอพักผ่อนอยากทำอะไรก็ทำแต่เป้าหมายกูชัดเจนแน่นอนไม่เคยคิดจะแข่งอะไรก็เขาก็ใช่ว่าจะแซงเขาไม่ได้คิดบวกเสมอ,1
ฝนตกอยู่บ้านอากาศข้างนอกดูเหงาๆแต่คนไม่เหงานะคะขึ้นอยู่กับความคิดของตัวเองว่าจะมองหรือคิดยังไงคิดบวกเสมอกินเป็นก็ผอมได้ไม่ต้องอดหมอนวดสิพาจ่อย,1
ถ่ายรูปก็อยากเป็นสาวเท่ห์แบบคนอื่นบ้างแต่ก็เป็นไม่ได้เป็นได้ก็แค่คนน่าร๊ากคิดบวกเสมอ,1
อยากไปนั่งโง่ๆตรงไหนสักแห่งหนึ่ง️แต่นั่งจนเมื่อยไม่เคยโง่เลยมีแต่สวยตลอดคิดบวกเสมอใครไม่คิดพี่คิด,1
วันหยุดพักก่อนแม่บอกให้พักก่อนพักสมองพักกายความสุขของเราแต่งตัวแต่งหน้าใครๆก้อบอกว่าหน้าตามันค้านกับอายุสรุปเราหน้าเด็กคิดบวกเสมออย่าคิดมากเกินวันคืน,1
แม้ระยะทางจะดูยาวแต่ถ้าเราคิดว่าใกล้มันก็ใกล้คิดบวกเสมอ,1
สำหรับวันอย่าลืมขอบคุณตัวเองกันนะจ้ะขอบคุณพลังงานดีๆที่ทำให้เรามีลมหายใจมีแรงก้าวเดินต่อได้สู้ต่อไปสู้นะตัวกูคิดบวกเสมอลงมือทำ,1
พระคาถาแคล้วคลาดรอดปลอดภัยสิ่งที่ต้องทำคือความดีสิ่งที่ต้องมีคือความตั้งใจสิ่งที่ไม่ควรมองข้ามไปคือความมีน้ำใจคิดบวกเสมอ,1
วิ่งๆๆเบิร์นๆกันยาวๆไปเพื่อสุขภาพที่แข็งแรงเราต้องดูแลตัวเองไม่มีใครดูแลเราได้เป็นผู้ยิ๋งอย่าหยุดสวยนะค่ะรูปเต็มเลยสาวสตรองคิดบวกเสมอ,1
สิ่งมหัศจรรย์ของโลกคิดต่างกันก็ยุ่ด้วยกันไม่ได้คิดเหมือนกันก็ยุ่ด้วยกันได้คิดบวกเสมอขอบคุณตากล้องน้องนก,1
☀สวัสดีวันอาทิตย์☀ความสุขอยู่ที่เราคิดอยู่ที่เราสร้างคิดบวกเสมอชีวิตดี๊ดีเปิดร้านเปิดรับทรัพย์ตลอดวัน,1
ความสุขในทุกๆเช้าของผมหากเปิดวันด้วยคิดบวกความสุขก็มีทั้งวันคิดบวกเสมอโครงการบ้านสวนรับอรุณ,1
ทุกสิ่งที่อยู่รอบกายเป็นสิ่งสวยงามมันอยู่ที่เราจะมองวัชพืชมันยังสวยงามถ้าเราคิดว่ามันสวยเหมือนกับชีวิตเรานั้นแหละว่าเราจะมองจะใช้ชีวิตยังไงคิดยังไงคิดบวกเสมอ,1
ผมบังคับให้คนเลวๆคิดดีไม่ได้แล้วผมจะแคร์คนเลวๆไปทำไมล่ะคัฟคิดบวกเสมอ,1
มีสมองและมือไม่อดตายหรอกไม่เคยคิดจะเหยียบหัวใครทำตัวเองให้ดีที่สุดก็พอคิดบวกเสมอ,1
จงยิ้มกับทุกปัญหากับทุกเรื่องราวที่เกิดขึ้นในแต่ล่ะวันแล้วบอกมันว่าชั่งแม่งบ้างกับคำพูดคนคนที่เค้าไม่รู้เราจริงคิดบวกเสมอ,1
ชีวิตบางครั้งก็ไม่ต้องอะไรมากแค่วันนี้มีแรงกายมีลมหายใจก็ถือว่าคุ้มค่าแล้วในแต่ละวันเพราะอีกปีก็ไม่มีใครอยู่ตรงนี้แล้วอย่าทุกข์มากอย่าเครียดนานใช้ชีวิตให้มีความสุขคิดบวกเสมอใช้ซะชีวิตติดธรรมชาติโครงการบ้านสวนรับอรุณ,1
คนติมักไม่ทำคนทำมักไม่ติใครถ้าเราคิดการใหญ่ก็จงมองห้ามปัญหาเล็กๆไปให้ได้สวัสดีวันหยุดค่ะทุกคนชุดทำงานอยู่บ้านของพิมมี่สีสันของชีวิตเรากำหนดเองได้ความสุขอยู่ที่บ้านเมื่อเราอายุเยอะขึ้นสาวสุราษฎร์ในสหรัฐคิดบวกเสมอ,1
เมื่อชีวิตยังคงต้องเดินหน้าต่อไปหญิงฉีดวัคซีนไฟเซอร์ณราชินีบูรณะถุงปูนผลสอบออกแล้วณพระปฐมวิทยาลัยโควิดยังไม่หยุดเราต่างหากที่ต้องปรับตัวอยู่กับมันคิดบวกเสมอโครงการบ้านสวนรับอรุณ,1
คิดบวกเสมอทั้งๆที่ไม่รู้เลยว่าจะปลดล็อคให้ปชชทำมาหากินได้เมื่อไหร่วัคซีนจะฉีดกี่เข็มถึงเอาอยู่ปล่อยข่าวสร้างความสับสนตลอดเราจะอดทนให้ถึงที่สุดครับสู้ต่อไปนะทุกคน,1
หากคุณไม่อยากเรียนรู้ใครก้อช่วยคุณไม่ได้แต่หากคุณตั้งใจที่จะเรียนรู้ใครก้อหยุดคุณไม่ได้เช่นกันปรับตัวได้คือรอดคิดบวกเสมอมองหาสิ่งดีเพิกเฉยกับสิ่งแย่อันนาเอไอเอ,1
ไม่ช่ายละครชีวิตแต่มันคือเรื่องจริงทุกวันนี้ทำงานเลิกทุ่มทุกวันตั้งแต่เคอร์ฟิวปรับเวลาทำงานรพนทำงานห้างนตั้งเป้าไว้พรุ่งนี้ต้องดีกว่าวันนี้ยังมีแรงอยู่ก็ดิ้นกันไปคิดบวกเสมอเหนื่อยได้ล้าได้แต่อย่าถอยอย่าท้เธอเก่งที่สุดแล้วเธอมันเป็นผู้หญิงอ้วนถึกฟ้าฝนลมพายุก็ไม่กลัว,1
ขอบคุณสำหรับโอกาสประสบการณ์ดีดีครั้งนี้ครับได้ไม่ได้ก็ถือว่าได้ลองคิดบวกเสมอขอบคุณทุกๆกำลังใจมากๆครับ,1
ตื่นเช้ามาอากาศเย็นๆทำจิตใจผ่องใสสดชื่นคิดบวกเสมอพร้อมบวก,1
คิดบวกเสมอไม่เคยคิดลบคิดร้ายกับคัยปีนี้เก่าโขไอร่ห่าา,1
เราไม่จำเป็นต้องพยายามคิดบวกเสมอเพื่อทนกับสิ่งที่แย่ๆแต่ควรมองวิธีจัดการปัญหาแทนที่จะอยู่ๆและหลงตัวเองฝนตกขี้หมูไหล,1
กับบางอย่างที่เสียไปก็คุ้มค่ากับบางสิ่งที่ได้มาได้อย่างเสียอย่างในโลกยังนี้มีอยุ่จริงชีวิตข้าพเจ้าคิดบวกเสมอเเต่ทำไมสิ่งที่ได้มักติดลบตลอดเดือนเเห่งความรักเป็นกรรมการทั้งเดือนในครั้งนี้กับการเเข่งขันเเต่งหน้าเกล้าผมระดับชาติทั่วประเทศณวิทยาลัยอาชีวะศึกษาการอาชีพร้อยเอ็ดในนามบโอซีซีจำกัดมหาชน,1
สวดมนต์ไหว้พระจิตใจสงบเบิกบานคิดบวกเสมอ,1
จบคือจบพอคือพอทักมาอีกก็ตอบโทรมาก็รับให้ไปหาก็ไปคิดบวกเสมอ,1
มีคนชอบก็ย่อมมีคนไม่ชอบมันเป็นของคู่กันจะให้มานั่งแคร์ไม่ต้องทำมาหากินหรอกคิดบวกเสมอ,1
คิดบวกเสมอแล้วชีวิตจะดีตามนะคะน้ำหอมมาดามฟินวันนี้วันดีปังๆคะรู้สึกเบิกบาน,1
คิดบวกเสมอก้อมาดิคร๊าบ,1
มีคนบอกว่ากลัวผีเดี๋ยวบ้านเรือนไทยเสร็จจะพาไปนอนนะคะแรงบันดาลใจคิดบวกเสมอ,1
ตื่นแต่เช้าไปชั่งน้ำหนักเพราะรู้สึกว่าน้ำหนักต้องลงอีกดีใจมากจริงๆด้วยขอบคุณตัวเองที่ควบคุมอาหารต่อเองได้ดีตื่นเต้นและจะค่อยๆลงไปต่อสวยก่อนปีใหม่กันเถอะเริ่มต้นใหม่กินครบมื้อออกกำลังกายบ้างคิดบวกเสมอเข้าใจธรรมชาติร่างกาย,1
ดีต่อใจเราใส่ใจเราเอาใจใส่น้องแตกใบละวันดีๆอีกวันแรงบันดาลใจคิดบวกเสมอ,1
มอนิ่งวิ่งๆกันจ้าาเราจะผอมคิดบวกเสมอกับทุกเรื่องของชีวิตขอบคุณทุกสิ่งที่มีในชีวิต,1
สดชื่นมากๆวันจันทร์คิดบวกเสมอ,1
คิดว่าตัวเองเลวกว่านี้ได้ไหมคิดบวกเสมอโครงการบ้านสวนรับอรุณ,1
ข้อดีของการหลงทางทำให้เรารู้จักเส้นทางใหม่ๆเพิ่มขึ้นชีวิตคิดบวกก็จะมีแต่เรื่องบวก,1
สร้างความดีแล้วชีวิตจะมีสุขเองแม้จะทำดีผิดคนแต่จะส่งผลให้อีกคนดีกับเราชีวิตคิดบวกทริปสวิตเซอร์แลนด์บอสสามีมาเป็นช่างภาพ,1
พึงชนะความยากลำบากด้วยความอดทนพึงขนะใจคนด้วยความดีสวัสดีเช้าวันศุกร์ครับผมชีวิตคิดบวกคนหลังเขาด้วยความปรารถนาดี,1
จะหมดปีแล้วปีเต็มที่เราคุยและเห็นหน้ากันผ่านทางโทรศัพท์เป็นอีกปีที่เราวางแผนอะไรไว้ผิดแผนหมดและเราต่างผ่านเรื่องราวมากมายมาอีกปีเรามีความสุขก็แค่เก็บไว้เรื่องเศร้าก็ปล่อยมันไปเหมือนเดิมคนเราต่างเติบโตขึ้นจากเรื่องราวระหว่างทางนั้นเสมอมีปัญหาเข้ามาให้แก้ถ้ามีช่วงเวลาที่แย่ก็แค่อดทนเพราะสุดท้ายทั้งหมดนั้นจะกลายเป็นประสบการณ์ชีวิตที่ไม่มีขายต้องพบเจอกันเองถึงจะเข้าใจจงให้ความยินดีเมื่อตัวเราผ่านพ้นกับเหตุการณ์ร้ายๆมาได้และจงเตรียมรับมือให้ดีเพราะหนทางข้างหน้าอาจจะพบเจอได้อีกหลายๆครั้งจงยิ้มและหันด้านดีเข้ารับมือเสมอชีวิตก็แบบนี้จงเข้าใจและเรียนรู้มันชีวิตคิดบวกคำพูดเดิมๆเติมสติตัวเองชาญ่านวดเพื่อสุขภาพ,1
คบคนดีก็พลอยมีส่วนดีด้วยเมื่อคบคนที่ดีกว่าตัวเองก็ดีขึ้นมาฉับพลันโชคดีมีความสุขสดชื่นแจ่มใสเบิกบานเฮงๆๆปังๆๆทุกคนค่ะขอบคุณทุกสรรพสิ่งชีวิตคิดบวกพี่มุกกี้,1
คติธรรมเพื่อกำลังใจดีทุกวันโชคดีทุกคนนะ,1
ปีหน้าต๊าซกว่านี้สุขภาพแข็งแรงรำ่รวยเงินทองวันนี้วันดีดีทุกวันไปต่อไม่รอแล้วนะล้านล้านล้านสาธุเด้อปู่ย่า,1
ล้มลุกคลุกคลานหน่อยนะเพราะความฝันมันต้องใช้ความพยายาม,1
แล้วมันจะเป็นจิงสักวันทุกสิ่งทุกอย่างจุดเริ่มต้นมันก้อคือความฝัน,1
สำนึกรักบ้านเกิดที่นี่มีความทรงจำมากมายในวัยเด็กนาแปลงนี้มีข้าวเลี้ยงผมจนเติบใหญ่ด้วยมือที่แข็งกร้านกับหัวใจที่แข็งแกร่งของพ่อแม่ผมสักวันผมจะทำให้ที่นี่เต็มไปด้วยความสุขค่อยทำทีละนิดค่อยเดินทีละก้าวขอแค่เราไม่หยุดเดินสักมันเราก็จะไปถึงมันความฝัน,1
ทำดีที่สุดแต่จะไม่หยุดแค่นี้ความฝัน,1
บางทีคำว่าความฝันก็ทำให้เรารู้จักคำว่าพยายามโตมากับคำว่าอยากได้อะไรก็ต้องสร้างเอง,1
ความฝันบางอย่างมันอาจดูไกลเกินเอื้อมแต่ถ้าเราพยายามมันก็ไม่ไกลเกินจริงของขวัญวันเกิดล่วงหน้าน่าาสายังถึงเมียจะหมดเนื้อก็เถอะเปย์ผัว,1
ความฝันมันมีกันทุกคนแต่ความอดทนมีไม่เท่ากัน,1
อย่าเรียกมันว่าความฝันแต่ให้เรียกมันว่าสิ่งที่เรากำลังจะลงมือทำสู้ไปด้วยกันจนฮอดถึงฝั่งความฝันของเรานะธค,1
บางทีคำว่าความฝันก็ทำให้เรารู้จักคำว่าพยายามกูชอบรถซิ่ง,1
อนาคตฉันจะมีคาเฟ่เป็นของตัวเองหาทุนอีกแปปแลนด์มาร์คอวาริชภูมิความฝัน,1
บางทีคำว่าความฝันก็ทำให้เรารู้จักคำว่าพยายามเจ๊ปลาเองจะใครอ่ะ,1
บางทีคำว่าความฝันก็ทำให้เรารู้จักคำว่าพยายามปีนี้จัดเพิ่มอีกสาวคันมันแน่งานนี้,1
การลงมือทำเท่านั้นที่จะเปลี่ยนความฝันให้เป็นความจริงลุยดิก็มันชีวิตเราฮีโร่ของครอบครัว,1
ความฝันของผมกับพวกคุณมันต่างกันแต่ที่ผมขยันเพราะความฝันผมจะได้เป็นจริงฝากติดตามหน่อยนะคับสายปั้น,1
อนาคตที่ดีเริ่มต้นจากวันนี้เมื่อเรามองเห็นภาพอนาคตของตัวเองว่าเราต้องการอะไรอยากมีชีวิตแบบไหนเราจะมีกำลังใจและแรงฮึดสู้ก้าวไปสู่ความฝันเราจะเป็นผู้สร้างมันขึ้นมาด้วยมือของเราเองมอนิ่งวันดีดีนะคะ,1
จักวาลให้มาเจอกันหนุกหนานยิ้มทะลุแมสจ้าอย่าลดขนาดของความฝันแต่จงเพิ่มขนาดของความพยายามว่ามั้ยค่ะทุกคน,1
บางทีคำว่าความฝันก็ทำให้เรารู้จักคำว่าพยายามคนไม่ดีของฉัน,1
สิ่งที่ผมอยากได้ในปีนี้ปีใหม่ความฝันบ้านหลังเล็กๆ,1
การเอาชนะความฝันคือเปลี่ยนมันให้เป็นความจริงความทรงจำที่ภูมิใจ,1
มันคือรางวัลชีวิตและความฝันถึงมันจะทำไม่ให้รวยแต่มันทำให้มีความสุขลงมือทำคือคำตอบรับสมัครเมียมาคอยหุงข้าว,1
การเอาชนะความฝันคือการเปลี่ยนให้มันเป็นความจริง,1
ฤกษ์งามยามดีรับลูกชายเข้าบ้านขับขี่ปลอดภัยตลอดทุกการเดินทางค่ำๆคูณๆขนเงินขนทองเข้าบ้านนะลูกขอบคุนผู้อยู่เบื้องหลังด้วยนะคความฝัน,1
บางทีคำว่าความฝันก็ทำให้เรารู้จักคำว่าพยายาม,1
ถ้ามันอยู่ไกลจากเราให้เรียกมันว่าความฝันถ้ามันอยู่ต่อหน้าเราให้เรียกว่ามันว่าเป้าหมายแล้ววันนึงมันมาอยู่ในมือเราจงเรียกมันว่าความสำเร็จฝันดีราตรีสวัสดิ์ครับพี่น้องสหายทุกๆท่านมือสองครองใจ,1
กะดึกคืนสุดท้ายของปีเจออกันอีกทีปีนะชีวิตต้องดีกว่าเดิมความฝันสาวโรงงาน,1
ความฝันและเป้าหมายมีกันอยู่ทุกคนแต่ความอดทนและยืนหยัดที่มีไม่เหมือนกันยืนหยัดจะมั่นคงเปิดร้านเชว่าพารวย,1
อย่าหัวเราะเยาะความฝันของผู้อื่นคนไม่มีฝันก็เหมือนไม่มีอะไรในชีวิตการลงมือทำเท่านั้นที่จะเปลี่ยนความฝันให้เป็นความจริง,1
ทุกคนล้วนเกิดมาพร้อมภาระที่ต้องทำแตกต่างกันบางคนเรียกมันว่าความฝันบางคนก็เรียกมันว่าหน้าที่สวัสดีวันปิดแปลงการงานก้าวหน้าการเงินก้าวไกลโชคดีกันทุกคนครับท่าน🚚🚛🚜รู้สึกขอบคุณที่บ้านไสนายขัน,1
บางทีคำว่าความฝันก็ทำให้เรารู้จักคำว่าพยายามปลายทางกาฬสินธุ์อุดรธานีร้อยเอ็ด,1
ความฝันและเป้าหมายมีกันอยู่ทุกคนแต่ความอดทนและยืนหยัดที่มีไม่เหมือนกันยืนหยัดจะมั่นคงสวัสดีตอนเช้าจร้าเปิดร้านจร้าเชว่าพารวย,1
ทุกคนมีจุดเริ่มต้นที่ไม่เหมือนกันและต่างคนก็ต่างความคิดต่างที่มาแต่สิ่งเดียวที่คนประสบความสำเร็จมีเหมือนกันคือความฝันมีเป้าหมายที่ชัดเจนและทำมันให้เกิดขึ้นจริง️สนใจทักได้ค่ะยินดีดูแลคนทีพร้อมลุยค่ะ,1
บางทีคำว่าความฝันก็ทำให้เรารู้จักคำว่าพยายามส่งงานครับ,1
โอกาสมักจะมาตอนที่เราไม่พร้อมเสมออยู่ที่ว่าเราสามารถคว้าได้อย่างไรขอบคุณสำหรับโอกาสความฝัน,1
ความฝันอยู่ข้างหน้าถ้าเราไม่ออกวิ่งตามล่ามันก็จะไม่มีวันเป็นความจริง,1
ฉันมีชีวิตอยู่ฉันดีพร้อมฉันทำได้อำนาจอำมาตย์ใหญ่ขอบคุณพลังที่ยิ่งใหญ่ผู้นำที่มีพลังแนวคิดพลังบวกและทุกๆครั้งผู้นำท่านนี้จะบอกเสมอว่าอย่าลืมขอบคุณตัวเองเชื่อในตัวเองโฟกัสเป้าหมายลงมือทำ,1
สับต้นกล้วยยังไงให้สนุกสนานลงมือทำเตรียมบ่อวิธีแช่ปูนใหม่แบบบ้านๆลงมือสับๆหั่นๆต้นกล้วยแช่ต้นกล้วยลงไปในบ่อปูนใหม่เพื่อลดความเค็มอาทิตย์ล้างบ่อพักบ่อเพื่อปรับค่าน้ำให้เหมาะสมก่อนนำปูลงมาเลี้ยงอ้อมสายฮา,1
จงทำทุกวันให้ดีที่สุดถามตัวเราเองว่าอะไรที่เรายังไม่ได้ทำลงมือทำถามตัวเราเองว่าอะไรที่เราควรรู้แล้วยังไม่รู้เรียนรู้ทุกวันพัฒนาตัวเองวันละวันเก่งขึ้นเราเปลี่ยนแปลงอดีตไม่ได้เราเปลี่ยนแปลงปัจจุบันได้เราสร้างอนาคตของเราได้,1
ติดราชการวันกลับมามาฟิตกันต่อฮึ้บๆจงอย่าหยุดความตั้งใจเป้าหมายมีไว้พุ่งชน,1
อนาคตของคุณขึ้นอยู่กับสิ่งที่คุณทำในวันนี้ไม่ใช่วันพรุ่งนี้ณิชาภาเป้าหมายมีไว้พุ่งชนกำลังใจสร้างได้ด้วยตนเองสู้ๆนะคะทุกคนคำคมแห่งความสำเร็จกำลังใจความพยายามคือความสำเร็จของชีวิตคำคมสู้ชีวิต,1
งานร้อยก็มาพร้อมลุยครับผมเป้าหมายมีไว้พุ่งชนหาประสบการไปเรื่อยๆ,1
ไม่มีคำว่าบังเอิญมีแต่ความตั้งใจฉันทำได้คุณทำได้ลดน้ำหนักเวชศาสตร์ชะลอวัยเป้าหมายมีไว้พุ่งชน,1
ถ้าถามว่าเป้าหมายในชีวิตผมต้องการอะไรขอตอบได้เลยว่าผมต้องการเพียงเฝ้ามองดูสาวน้อยมหัศจรรย์คนนี้เติบโตเป้าหมายมีไว้พุ่งชนรักลูกจังหนูอันดา,1
อดที่จะได้เจอทนที่ต้องคิดถึงเป้าหมายมีไว้พุ่งชน,1
สุขสันต์วันคริสต์มาสและสวัสดีปีใหม่นร้าาทุกคนเป้าหมายมีไว้พุ่งชนปีใหม่เริ่มต้นลดน้ำหนักกันใหม่และเชื่อว่าตัวเองทำได้,1
เฟรนไชส์ต้องเข้าแล้วหละสถานีต่อไปวางแผนทำเฟรนไชส์กันเป้าหมายมีไว้พุ่งชน,1
เป้าหมายมีไว้พุ่งชนอาซันเด็กดื้อวันนี้ลงสนามพบกับโนนสง่าครับผม,1
จากวันนั้นจนถึงวันนี้กว่าเดือนที่ผ่านมาน้ำหนักหายไปกกจากเอวสู่เอวขอบคุณตัวเองที่มีวินัยอดทนผ่านมาได้เป้าหมายปีหน้าขอไปต่ออีกเป้าหมายมีไว้พุ่งชน,1
ถ้าใจเราคิดว่าเราทำได้มันก็ต้องได้อีกปีต้องไปให้ถึงเป้าหมายให้ได้คงไม่ยากหรอกมั้งเป้าหมายมีไว้พุ่งชนขอบคุณเบื้องหลังแห่งความสำเร็จในทุกๆเรื่องไม่ต้องแข่งกับใครหรอกแข่งกับใจเราเองนี้แหละ,1
นี้คือของของขวัญครบรอบปีทีเราอยู่สู้ด้วยกันมาขอบคุณนะทีคอยอยู่คอยให้อภัยกันมาตลอดจนมาถึงทุกวันนี้ความฝันทีไม่ใช่ความฝันอีกต่อไปขอบคุณพ่อแม่ที่ให้ลูกคนนี้เกิดมาครบได้มีแรงสู้เผชิญสิ่งต่างๆทีอยู่รอบตัวทีคอยสอนให้ต่อสู้และอดทนขอบคุณพี่ชายทีเป็นต้นแบบอย่างให้น้องคนนี้นะได้ทำวันนี้สำเร็จรักพี่นะเป้าหมายมีไว้พุ่งชน,1
ไปฝึกความไวหมัดมาเป็นไงมั้งติชมได้ครับเป้าหมายมีไว้พุ่งชนพร้อมร่างกายที่ฟิตปั๋งลุย,1
สวัสดีวันหยุดบุญก็ทำวัดก็ต้องเข้าเหล้าก็ต้องกินลูกสาวหล่าสุดดื้ออีกคนสมาคมคนชั่วแห่งประเทศไทยเป้าหมายมีไว้พุ่งชน,1
จบที่รอบแปดทีมสุดท้ายเด็กๆหมดแรงก่อนไปแค่ได้แค่นี้กับเกมระดับดาวสุดยอดแล้วจงพัฒนากันต่อไปครับเป้าหมายมีไว้พุ่งชนดราก้อนจูเนียร์พล,1
เป้าหมายมีไว้พุ่งชนณตอนนี้ยังดูว่าไกลเกินฝันอีกปีเดี๋ยวมาว่ากันจะทำได้หรือไม่ได้หรือว่าจะทำได้ดีแค่ไหนณตอนนั้นถ้าฝันมันไกลเกินเอื้อมก็ค่อยมาลดขนาดความฝันเพื่อให้พอเหมาะกับเรา,1
อย่ากังวลถึงเหตุผลมากมายว่ามันเป็นไปไม่ได้แต่ให้เชื่อมันในหนึ่งเหตุผลว่ามันจะต้องสำเร็จณิชาภาเป้าหมายมีไว้พุ่งชนกำลังใจสร้างได้ด้วยตนเองสู้ๆนะคะทุกคนคำคมแห่งความสำเร็จกำลังใจความพยายามคือความสำเร็จของชีวิตคำคมสู้ชีวิต,1
ข่าวดีความสุขต้อนรับเทศกาลคริสมาสต์ปีใหม่มีงานทำแล้วนะรู้ยังพันธมิตรของคุณมัมทักมาคะกักวันแบบไหนให้เราดูแลแม่นี้คันไม่คันอยากรับสายอยากคีย์บุ๊คกิ้งส่งมาจร้าหมวกใบไหนไม่สำคัญมีเงินเลี้ยงลูกพอเป้าหมายมีไว้พุ่งชนแม่ลูกต้องอยู่ด้วยกันขายของอาหารอีเว้นท์แม่ยังรับนะเจ้าคะอดีตคือแผลเก่าตอนนี้แผลตกเสก็ดแล้วพร้อมเดินไปกับมันไอ้โควิด,1
ทุกคนผมเชื่อว่าต้องการความก้าวหน้าไม่ว่าจะเรื่องไรก็ตามไม่มีใครอยากพบเจอแต่สิ่งเดิมๆเป้าหมายมีไว้พุ่งชนสู้เท่าที่ไหว,1
เหนื่อยหน่อยแต่อย่าเพิ่งเหนื่อยหน่ายพอถึงเป้าหมายจะหายเหนื่อยเองเป้าหมายมีไว้พุ่งชนเป้าคนมีไว้พุ่งใส่,1
ถ้าใช้ชีวิตแบบไม่มีเป้าหมายแล้วคุณจะเหลือลมหายใจไว้ทำไมในแต่ละวันเป้าหมายมีไว้พุ่งชนแต่วันนี้ก็เกินไป,1
ฝากบอกสามีหน่อยว่าวันนี้กลับบ้านสามทุ่มนุ้นและเป้าหมายมีไว้พุ่งชน,1
ทุกปัญหาทุกอุปสรรคมีไว้ให้เรียนรู้ความทุกข์มีไว้ให้เติบโตถ้าเราผ่านมันไปได้เราจะเก่งและเข้มแข็งขึ้นเสมอณิชาภาเป้าหมายมีไว้พุ่งชนกำลังใจสร้างได้ด้วยตนเองสู้ๆนะคะทุกคนคำคมแห่งความสำเร็จกำลังใจความพยายามคือความสำเร็จของชีวิตคำคมสู้ชีวิต,1
ถ้าฝันยังไม่เป็นจริงเธอจะทิ้งฉันไหมเป้าหมายฉันยังอีกไกลเธอรอไหวหรือเปล่าอนาคตที่ดี,1
ขออนุญาตแอดมินครับเปิดขายเสื้อครับสนใจทักได้น่ะครับอนาคตที่ดี,1
ถ้าถามว่าเหนื่อยมั้ยมันก็เหนื่อยนะแต่เพราะคำว่าอนาคตที่ดีเลยต้องอดทนสาวโรงงาน,1
เหนื่อยได้ท้อได้แต่อย่าลืมลุกขึ้นสู้ต่ออนาคตที่ดีเริ่มต้นจากวันนี้ในขณะที่เราหยุดคนอื่นกำลังก้าวแซงเราไปพิสูจน์ตัวเราให้กับตัวเราเองมองให้เห็นข้อด้อยของตัวเองแล้วพัฒนาปรับปรุงข้อด้อยนั้นให้หมดไปให้ได้,1
เพราะคำว่าอนาคตที่ดีใช้มั้ยถึงทำให้เหนื่อยขนาดนี้ๆต้องอดทนขนาดนี้ๆแต่ทุกอย่างเราเลือกเองแล้วๆทั้งนั้นแต่ที่พังสุดก็ความรู้สึกนี้แหล่ะกอดใจตัวเองให้กำลังใจทุกวันยังๆไหวสิ,1
เพราะคำว่าอนาคตที่ดีใช่ไหมกับการที่เราโตแล้วถึงได้เหนื่อยขนาดนี้ต้องอดทนขนาดนี้แต่ทุกอย่างกำลังดีขึ้นแต่ที่พังสุดปีนี้ก็ความรู้สึกกรุนี้แหล่ะ,1
อยากมีก้ต้องสร้างไม่ต้องอ้างว่าบ้านจนอนาคตที่ดีไม่มีขายในตลาดโชคชะตาไม่ใช่ได้มาง่ายๆอย่ามั่วมานั่งนินทาว่าคนนู้นดีคนนี้ชั่วผมไม่มีเวลามาพูดจานินทาใครเพราะแม่กูสอนมาดีไม่ได้อัปปรีย์แบบพวกมึง,1
เพราะคำว่าอนาคตที่ดีใช่ไหมการเติบโตถึงได้เหนื่อยแบบ,1
อีกวันสอบแล้วนะเราเอาล่ะปีนี้ฉันขอขอให้ฉันสอบผ่านทั้งกขความพยามที่ไม่เคยสิ้นสุดสอบท้องถิ่นปีสอบรอบที่สามแล้วความสุขของพ่อแม่ต้องทำให้เต็มที่อนาคตที่ดี,1
เพราะคำว่าอนาคตที่ดีใช่ไหมที่ทำให้เราต้องเหนื่อยมากขนาดนี้อนาคตที่ดี,1
เพราะคำว่าอนาคตที่ดีใช่ไหมการเติบโตถึงได้เหนื่อยขนาดนี้,1
ฤกษ์งามยามดีวันดีมั่งมีศรีสุขที่สุดของปีนี้ได้ของขวัญวันครบรอบหมั้นและวันเกิดชิ้นใหญ่ชิ้นโตน้องจ๊วดจะมาช่วยขนเงินขนทองขนความสุขสัญญาว่าจะดูแลทั้งเธอและรถให้ดีที่สุดความฝันเล็กๆเรื่องวุ่นๆของวัยรุ่น,1
ฝากม้าเหล็กพี่ชายด้วยครับสหายสูบโตความฝันเล็กๆ,1
อนาคตก็จะไปเปิดร้านขายน้ำปั้นอยู่บ้านความฝันเล็กๆร้านฟ้าปั้นละมุน,1
ไม่ต้องเลิศหรูเหมือนใครขอแค่ทำแล้วตัวเองและครอบครัวไม่รำบากก็ภูมิใจละอายุทำได้เท่านี้ก็เก่งแล้วอยากมีต้องสร้างความฝันต่อไปต้องมีบ้านแล้วครอบครัวที่สมบูรณ์แบบความฝันเล็กๆ,1
ด้วยความอยากได้อยากมีเหมือนคนอื่นเขาเราก็ต้องดิ้นรนเราไม่มีเหมือนคนอื่นเราเริ่มต้นอยากศูนย์ก็ต้องเหนื่อยเป็นธรรมดาแหละมีเมื่อไหร่หาได้เมื่อไหร่ก็ค่อยทำไปเรื่อยๆไม่มีก็หาหาได้ก็ค่อยทำสู้ต่อไปนะความฝันเล็กๆ,1
ตอนนี้กำลังสร้างมองข้ามกันไปก่อนความฝันเล็กๆอยากมีร้านกาแฟ,1
เหนื่อยนะเเต่เพื่อทีมท้องไว้เสมอความฝันเล็กๆ,1
อยากมีบ้านตจวแล้วทำแบบนี้จังความฝันเล็กๆ,1
เดินชมโรงเรือนผักโรงเรือนเมล่อนความฝันเล็กๆ,1
อย่าทำอย่างนี้สิจ๊ะได้โปรดเถอะนะเเม่วันทองความฝันเล็กๆ,1
บ้านในวันเด็กของฉันณปัจจุบันฉันทำมันได้แล้วค่ะความฝันเล็กๆ,1
ปีนี้ไม่ถึงเป้าหมายที่ตั้งไว้แต่ไม่เป็นไรปีหน้าเริ่มใหม่เริ่มเก็บเริ่มเหลือเริ่มรวยความฝันเล็กๆ,1
ความฝันเล็กๆแร้วพบกันอู่ซุปตาร์หนองแร้งปะยางเปลี่ยนยางได้หมดช่างมือโปรอ้วนจิงโก้,1
มาน่ะเด็กๆเย็นนี้มะขามอ่อนเก็บมาฝากเอาไปทำพริกเกลือน้ำพริกมะขามได้ที่บ้านน่ะจ๊ะอยากมีชีวิตเรียบง่ายแบบนี้อยุ่ไร่อยุ่สวนแบบพอเพียงมันคงจะมีความสุขมากเลยขอเวลาอีกปีน่ะเศรษฐกิจพอเพียงความฝันเล็กๆ,1
หมุนติ้วดีนะเราขอให้มีเถอะทำได้ความฝันเล็กๆ,1
ไม่มีอะไรล้มเหลวเพราะทุกความล้มเหลวคือการเปลี่ยนเส้นทางชีวิตเดินหน้าต่อไปอรสาเป้าหมายชื้นใหญ่รออยู่ความฝันเล็กๆกับขั้นเทพ,1
เรียบร้อยจร้าอาจจะไม่ได้ดีที่สุดแต่สบายใจที่สุดความฝันเล็กๆของฉัน,1
ความสำเร็จมักจะเกิดขึ้นกับคนที่ไม่ยอมแพ้เสมอความฝันเล็กๆหลงไหลคนไกลบ้าน,1
คิดไรอยู่ตอนนั้นอ่อคิดออกละคิดอยู่ว่าจะเอาเงินที่ใหนซื้อดูหน้าตาก็รู้จริงจังเเค่ใหนความฝันเล็กๆเเต่ไม่เล็กนะครับ,1
ฝนตกไปไหนไม่ได้ทำบ้านเองหลาวบ้านมินิมอลความฝันเล็กๆ,1
อยากทำแบบนี้ตรงที่ข้างบ้านจะมีปัญญามั้ยน้อความฝันเล็กๆขออนุญาตเจ้าของภาพด้วยค่ะ,1
อย่าสูญเสียตัวตนเพราะขี้ปากของคนที่ไม่รู้จักเราลาบหมูแซ่บหมูมะนาวความฝันเล็กๆสักวันนึงคงจะเป็นจริงร้านอาหารตามสั่ง,1
ถ้าชีวิตมีครบทุกอย่างแล้วมีเงินเก็บส่ะเล็กน้อยลูกโตพอจนเลี้ยงตัวเองรอดได้อยากจะไปอยู่บ้านนอกหาซื้อที่ถูกๆปลูกบ้านน้อยๆที่เหลือไว้ทำพืชสวนผักผลไม้ขุดบ่อเลี้ยงปลาดูเพิ่มเติมรู้สึกผ่อนคลาย,1
ชีวิตแม่ปันเหมือนแม่ของไอเลยค่ะความฝันของเราคือพ่อแม่เราต้องสบาย,1
ความฝันอยู่ข้างหน้าถ้าเราไม่ออกวิ่งตามล่ามันก็จะไม่มีวันเป็นความจริงความฝันของเราแรงบันดาลใจ,1
อัลฮัมดูลิลละทุกอย่างผ่านไปด้วยดีขอบคุณทุกคนที่มาช่วยขอบคุณทุกคนที่มาหาขอบคุนสำหรับของขวัญทุกๆชิ้นขอบคุนมากๆจิงๆบ้านของเราความฝันของเราแม้มันยังไม่ถึงฝั่งแต่อย่างน้อยเราก็ได้เริ่มมันแล้ว,1
ฤกษ์งามยามดีขนเงินเข้าบ้านเด้อเป็นโพธิ์เงินโพธิ์ทองโพธิ์ดำให้พี่สองคนด้วยนะต้อนรับสมาชิกใหม่งับน้องนับหนึ่งความฝันของเรายินดีให้กับเราด้วยนะคะก้าวไปพร้อมกันนะคนเก่งค่อยๆก้าวช้าๆไม่ต้องรีบ,1
ขึ้นเสาเอกเสาโทบ้านเราเองทำเองสร้างเองอยู่ดีมีแฮงค้ำๆคูณๆเด้อมีโชคมีชัยเงินทองไหลกองเทมามีแรงเดียวคนเดียวแต่ใจสู้นะความฝันของเรา,1
ของขวัญที่ดีอย่างหนึ่งในชีวิตคือการมีคนคอยสนับสนุนความฝันของเราเชื่อมั่นในตัวเราและคอยอยู่ข้างเราเสมอกราบขอบพระคุณพ่อแม่ครูอาจารย์เพื่อนและพี่ๆทุกๆคน,1
ภารกิจเช้าตรู่ตั้งแต่นไปหลับต่อที่ทำงานความฝันของเรา,1
ไม่เคยลืมจากบ้านมาไกลเพื่อทำอะไรความฝันของเรา,1
ถ้ากลับไปหุ่นเท่านี้ได้จะขอบคุณตัวเองที่สุดความฝันของเรา,1
ของขวัญที่ดีอย่างหนึ่งในชีวิตคือการมีคนคอยสนับสนุนความฝันของเราเชื่อมั่นในตัวเราและคอยอยู่ข้างเราเสมอทริปควนนกเต้นวันพักผ่อนบังโอรัตภูมิ,1
สู้ๆๆน่ะลุยไปด้วยกันคว้าความสำเร็จความฝันของเรา,1
ค่อยๆคิดค่อยๆทำไม่ต้องรีบร้อนแต่ต้องให้มันสำเร็จให้ได้จะช้าจะนานก้อปล่อยมันยืนข้างๆกันคอยดูความฝันของเรา,1
จบตั้งสูงมาขายของเป้นคำที่เราได้ยินจนเบื่อตั้งเเต่เราจบมาเเต่เราก้อทำไปเรื่อยๆทำให้คนที่พูดเขาเห็นเองว่าสิ่งที่เราทำอยู่มันดีมันสบายกว่าคนที่ทำงานสบายนั่งตากแอร์อีกขอบคุณตัวเองที่อดทนทุกอย่างจนได้ในสิ่งที่ปรารถนาในหลายอย่างรางวัลคนขยันจบมาขายของน้องนำเงินความฝันของเรา,1
อาหารลูกคือความสุขของแม่พ่อต๊ะบอกให้เราอยู่ที่นี้ก่อนเพราะช่วงนี้อากาศดีเปิดเทอมค่อยกลับคิดถึงก็จะอดเอาความฝันของเราเราอยากมีชีวิตที่เรียบง่ายกับครอบครัวของเราที่ไหนก็ได้ที่มีพ่อแม่ลูกอดทนทำงานไปก่อนเหนื่อยก็ต้องทนเพราะความจนมันน่ากลัวคำสอนจากผัวจำขึ้นใจตลอดต่อให้ลำบากแค่ไหนก็สะบายปลและต้องรู้จักถ่อมตนให้เป็นนิสัยอย่าคุยโวโอ้อวดว่าเหนือใครชีวิตไม่มีทางบรรลัยแน่นอน,1
ความฝันของเราเมื่อคราวยังเด็กเป็นจริงได้ด้วยแอปค่ะ,1
ถ้ารอให้ทุกสิ่งทุกอย่างพร้อมคงไม่ได้เรียนรู้โลกและไม่ได้เริ่มต้นอะไรใหม่สักทีเฉกเช่นการได้ออกไปเจอไปสัมผัสประสบการณ์ใหม่เรียนรู้สิ่งใหม่เชื่อว่าจะเป็นอีกหนึ่งกำไรของชีวิตวันหยุดวันของครอบครัววันพักผ่อนชีวิตในเมืองหลวงความฝันของเรา,1
ของขวัญที่ดีอย่างหนึ่งในชีวิตคือการมีคนคอยสนับสนุนความฝันของเราเชื่อมั่นในตัวเราและคอยอยู่ข้างเราเสมอ,1
เดี๋ยวบ้านเสร็จจะอัพเดทลงให้ดูอีกทีนะค่ะตอนนี้เริ่มติดไฟความฝันของเราคนอยากมีบ้าน,1
ของขวัญที่ดีอย่างหนึ่งในชีวิตคือการมีคนคอยสนับสนุนความฝันของเราเชื่อมั่นในตัวเราและคอยอยู่ข้างเราเสมอพ่อคือคนที่คอยซัพพอร์ตหนูพ่อเป็นทุกอย่างให้หนูคุณค่าของการเดินทางไม่ได้วัดกันที่ระยะทางแต่วัดกันที่ความสุข,1
ความฝันเราพูดคำนี้บ่อยพูดมาตลอดกว่าปีความฝันเราไม่ใช่××การร่ำรวยเงินทองไม่ใช่××ความยิ่งใหญ่มั่งคั่งความฝันเราคือมีรายได้เพียงพอเลี้ยงดูครอบครัวด้วยอาชีพอิสระมีเวลามากพอที่จะใช้ทุกช่วงชีวิตร่วมกันอย่างเสรีความฝันของเราได้เดินมาถึงครึ่งทางแล้วพร้อมก้าวเดินต่อไปสู่เป้าหมายแม่น้ำบ้านต้นรักกันยายนอิสรภาพบ้านสวน,1
ของขวัญที่ดีอย่างหนึ่งในชีวิตคือการมีคนคอยสนับสนุนความฝันของเราเชื่อมั่นในตัวเราและคอยอยู่ข้างเราเสมอลองชุดนักเรียนใหม่ไม่ค่อยเห่อเลยเนอะกับนาโนหนึ่งนุชและจุ้ยหนึ่งนุช,1
ถ้าล้มแล้วลุกลุกแล้ววิ่งเลยความฝันของเราเราต้องลงมือทำไม่ผูกความฝันของเราไว้กับคนอื่นไม่ไหวบอกไหวสู้ๆนะ,1
ชีวิตเราไม่ได้เป็นในแบบที่เราคิดแต่ชีวิตเราจะเป็นในแบบที่เราทำความฝันของเราอย่ารอให้ใครมาโมติเวทอยากได้ก็ลงมือทำนะก๊ะเที่ยงละอย่าลืมดูแลระบบเผาผลาญกันนะคะอายุเกินควรจัด,1
ไม่เน้นหรูหราเราเน้นร่มรื่นบ้านสวนของฉันความฝันของเรา,1
ความฝันของเราคืออยากเห็นพ่อแม่มีความสุขในทุกๆวันที่ฉันตื่นขึ้นมาขอให้ตัวเองทำในสิ่งที่ตั้งใจสำเร็จมีเงินใช้หนี้เค้ามีเงินเลี้ยงครอบครัวเห็นพ่อแม่ยิ้มได้ฉันก็มีความสุขมันคือที่สุดแล้วที่ได้เกิดมาคำสัญญาของคนบ้านนอก,1
สวัสดีวันพระความฝันของเราเราเท่านั้นที่จะต้องรับผิดชอบมันอย่าฝากเรื่องราวที่อยากเป็นให้คนอื่นลงมือทำอยากรวยก็ต้องลงมือทำอยากหุ่นดีก็ต้องลงมือทำอยากเป็นอะไรก็ลงมือรูปเก่า,1
เราความฝันของเรายังจำได้มั้ยว่าตอนเด็กเราฝันอะไรบ้างหรือตอนนี้เราฝันอยากมีชีวิตแบบไหนแล้วเครื่องมือที่เราใช้อยู่จะพาเราไม่ถึงความฝันได้มั้ยหรือเรากำลังสู้อยู่ในกติกาที่ไม่มีวันชนะแล้วอะไรที่จะเราให้ไปถึงความฝันของเรา,1
ใช้หนี้ให้หัวโตกันไปเลยเนาะความสำเร็จอีกขั้นของฉันความฝันของเราอยู่ทำความฝันให้สำเร็จไปทุกเรื่องเลยนะ,1
ชีวิตอยู่ติดธรรมชาติอยู่ท่ามกลางธรรมชาติค่ำมาเเลงมานั่งฟังเสียงกบเขียดร้องสุขกายสบายใจบ้านสวนของฉันความฝันของเรา,1
วิ่งเล่นยามเย็นความฝันของเราขอเวลาพ่ออีกหน่อยเราจะได้อยู่ด้วยกันทุกวัน,1
ชีวิตมันไม่ง่ายชอบกินอะไรก็ปลูกเนาะความฝันของเรา,1
ชีวิตเราไม่ได้เป็นในแบบที่เราคิดแต่ชีวิตเราจะเป็นในแบบที่เราทำความฝันของเราอย่ารอให้ใครมาโมติเวทอยากได้ก็ลงมือทำแค่นั้นรีอาร์ยู,1
ย้ายเข้าบ้านวันแรกเรียบร้อยด้วยดีขอให้ร่มเย็นเป็นสุขโชคลาภถาโถมเข้ามาด้วยเทอญความฝันของเรากับฟลุ๊คอโรม่าที่หมู่บ้านสิลันตาไลฟ์,1
ผลการแข่งขันรอบแรกชนะรรบ้านแพงพรุ่งนี้รอบทีมเวลานมาให้กำลังใจทางไลฟ์สดกันเยอะๆนะครับขอบคุณรุ่นพี่ที่มาดูแลรุ่นน้องช่วยและเด็กๆทุกคนที่ช่วยกันเล่นจนทำให้ทีมประสบความสำเร็จไปอีกขั้นความฝันของเราเราจะสร้างเองคงไม่ต้องไปนั่งมองคนอื่นที่สร้างฝันที่เราหวังไว้ครอบครัวของเราช่วยกันสร้าง,1
รอลุ้นมาตั้งหลายวันวันนี้ก้ได้รับข่าวดีถือว่าเริ่มต้นได้ดีความฝันของเรา,1
อย่าอิจฉาคนอื่นในวันที่เราไม่มีแต่จงทำความฝันของเราให้ดีเพื่อให้มีเหมือนคนอื่น,1
ในที่สุดวันนี้ก็มาถึงบ้านหลังน้อยๆค่อยๆสร้างปีกว่าเองเนาะขอบคุณพ่อแม่พี่น้องลุงป้าน้าอาที่ร่วมมือร่วมใจช่วยกันปลูกบ้านหลังนี้ให้ขอบคุณสามีที่ยอมเหนื่อยช่วยปลูกบ้านของเราเกือบทุกขั้นตอนทุนน้อยค่อยๆสร้างเก่งสุดความฝันของเรา,1
ชาตินี้จะมีปัญญาซื้อที่ซื้อทางแบบคนอื่นเขาไหมว่ะความฝันของเรา,1
ขยันมากได้มากขยันน้อยได้น้อยความฝันของเราใกล้เข้ามาเเล้วสินะ,1
ของขวัญที่ดีอย่างหนึ่งในชีวิตคือการมีคนคอยให้กำลังใจคือการมีคนคอยสนับสนุนความฝันของเราเชื่อมั่นในตัวเรา,1
เมื่อวันก่อนเราได้เสียดวงใจของเราไปน้องมูมู้ละวันนี้เป็นครั้งแรกที่เราได้เห็นหัวใจดวงน้อยๆอีกดวงที่เต้นตุ๊บตับอยู่ในตัวเราเราดีใจมากปลื้มเป็นเขินๆบอกความรู้สึกไม่ถูกจริงๆความฝันของเราเรารอของเรามานานเรารักของเราแต่ด้วยสุขภาพของเราโรคประจำตัวของเราหรืออะไรก็ช่างมันตอนนี้หมอได้สั่งให้เรานอนนิ่งๆวันทำได้แค่ลุกเข้าห้องน้ำขอไม่บอกว่าเพราะอะไรนะคะบางคนอาจจะเดาออกแต่เราไม่อยากพูดถึงอ่าเราต้องทำได้เราเก่ง,1
อย่าให้คำพูดคนอื่นมาทำลายความฝันของเราจงทำมันซะจนกว่าจะสำเร็จไทบ้าน,1
ติดกระจกแล้วเด้อไกล้เสร็จแล้วสำหรับลูกค้าใหม่รอโปรโมชั่นปังๆได้เลยน่ะวัยรุ่นสร้างตัวความฝันของเรา,1
ของขวัญอย่างนึงในชีวิตคือการมีคนคอยสนับสนุนความฝันของเราเปิดล้านนรับทรัพย์ปังๆทุกบ้าน,1
สำเร็จไปอีกขั้นค่อยๆสร้างกันไปอยากมีก็ต้องสู้ๆความสำเร็จที่ภูมิใจที่สุดบ้านของเราความฝันของเราสมบัติชิ้นโตรถเขาเราเท่ห์,1
ของขวัญที่ดีอย่างหนึ่งในชีวิตคือการมีคนคอยสนับสนุนความฝันของเราเชื่อมั่นในตัวเราและคอยอยู่ข้างเราเสมออดทนเพื่อคนที่รักเราและที่เรารักเตื่อนตัวเองอดทน,1
นี่คือเหตุผลที่ต้องขยันช่วยกันหาตังความฝันของเราอุดหนุนสินค้าร้านเเม่ได้นะรับเขียนเเบบสร้างบ้านต่อเติมครบวงจร,1
ความฝันของเราเป้าหมายของเราความสำเร็จเป็นของเราอย่าหวังพึ่งคนอื่นถึงวันนั้นโคตรจะภูมิใจเลยแหละอดทนนเปิดล้าน,1
ความพยายามก็ไม่ได้การันตีว่าจะไม่พ่ายแพ้แต่ที่แน่ๆความท้อแท้ก็ไม่เคยทำให้ใครชนะ,1
ไม่มีความสำเร็จใดที่ไม่ใช้ความพยายามและเวลาเป็นกำลังใจให้ทุกคนค่ะ,1
ความพยายามความอดทนของลูกสาวแม่ได้คะแนนรวมถ้วยบุคคลชนะเลิศอันดับ,1
การเริ่มต้นที่ดีความตั้งใจความพยายามมีชัยกว่าครึ่งแล้วตัวเล็กฟิตหุ่น,1
อยากให้ทุกคนได้ดูคลิปนี้แล้วคุณจะมีไฟและหลงรักถึงพลังของคำว่าความพยายามที่ทุกคนล้วนมีอยู่ในตัวเองเพราะพวกเราทุกคนต่างได้สู้เพราะคนที่เรารักและคนที่อยู่ข้างหลังเดิมมาดิกเราขอเป็นกำลังใจให้คนสู้ชีวิตทุกคนคุณค่าที่มากกว่าความสวยคือความดีภาพยนตร์โฆษณาคลิป,1
ไม่มีความสำเร็จใดที่ไม่ใช้ความพยายามและเวลาผิวสวย,1
ในใจผมขอยกให้รายการนี้เป็นสุดยอดที่สุดของผมแห่งปีปีที่ได้ทำและผมก็ทำได้ในปีจะทำอะไรติดตามกันต่อไปครับความพยายามความภูมิใจขอบันทึกไว้ให้เป็นความทรงจำ,1
เมื่อเราไม่ได้กิดมาพร้อมต้นทุนที่ดีเหมือนคนอื่นมีสิ่งเดึยวที่เราจะประสบความสำเร็จได้นั้นคือความพยายามสวัสดีวันอาทิตย์,1
บนโลกนี้ไม่มีอะไรได้มาฟรีๆแม้แต่ความสำเร็จเราก็ต้องจ่ายด้วยความพยายาม,1
รางวัลของความอดทนคือการเห็นผลสำเร็จของความพยายามเปิดร้านพร้อมรับออเดอร์จ้า,1
ไม่มีความสำเร็จใดที่ไม่ใช้ความพยายามและเวลาเป็นกำลังใจค่ะทุกคน,1
อย่าเอาความท้อแท้เพียงไม่กี่ครั้งไปแลกกับความพยายามมาทั้งชีวิตสู้ๆนะครับทีมงานคุณภาพทั้งหลาย,1
ชีวิตที่ไม่มีต้นทุนไม่น่ากลัวเท่าชีวิตที่ไม่มีความพยายามสุขสันต์วันคริสต์มาส,1
ความพยายามความตั้งใจไม่เคยทรยศหักหลังใครถ้ามันมากพอ𝗚𝗼𝗼𝗱𝗺𝗼𝗿𝗻𝗶𝗻𝗴,1
สุขสันต์วันคริสต์มาความพยายามไม่เคยทำร้ายใคนุ้งใส่เองได้แม่มีเพื่อนเดินห้างล่ะเด้อ,1
งานม่ายเลิกพี่ใช่หลบบ้านนิความพยายามไม่ได้การันตีว่าจะไม่พ่ายแพ้แต่ที่แน่ๆความท้อแท้ก็ไม่เคยทำให้ใครชนะ,1
นี่สินะรสชาติของความพยายามแตกอีกกรมที่,1
เมื่อไม่ได้เกิดมาพร้อมต้นทุนบนกองเงินกองทองที่ดีเหมือนคนอื่นมีเพียงสิ่งเดียวที่จะประสบความสำเร็จได้สิ่งนั้นก็คือความพยายามทำให้ดีที่สุดในทุกๆเรื่องที่ผ่านเข้ามาในชีวิตขอบคุณทุกๆโอกาสที่มีให้,1
อย่าลดขนาดของความฝันเราแต่จงเพิ่มขนาดของความพยายามไม่ต้องเก่งเหมือนใครเขาจงเป็นเราในแบบที่เราเป็นขอบคุณออเดอร์ลูกค้าวันนี้มากๆเลยนะคะงานตัวเองถึงจะไม่มีเกียรติเหมือนงานอื่นแต่ก็ทำให้เรามีความสุขกับชีวิตที่เป็นอยู่ได้ถึงจะเหนื่อยจนไม่ได้นอนพักก็ตาม,1
ไม่มีความสำเร็จใดที่ไม่ใช้ความพยายามและเวลาเป็นกำลังใจให้ทุกคนค่ะโค๊ชอิ๋วสอนขายออนไลน์,1
ความพยายามทำไปเถอะสิดาลักษณ์,1
ขอให้มีแต่ความสุข⛄ขอให้เจอแต่เรื่องดีๆขอให้มีแต่คนรักขอให้มีสุขภาพแข็งแรงขอให้มีหัวใจที่แข็งแกร่งประสบความสำเร็จตามที่หวังทุกประการนะตัวเราและทุกคนนะคะ,1
รอดูความสำเร็จของลูกคนนี้นะพ่อแม่ต่อจากนี้ลูกจะเข้มแข็งอดทนเพื่อครอบครัวขอบคุณคนข้างหลังที่ค่อยซัพพอร์ตทุกเรื่องเริ่มใหม่ความพยายามค่อยๆเรียนรู้ก้าวเล็กๆจากลำปางสู่เชียงรายขอบคุณที่ค่อยให้กำลังใจกัน,1
เพราะทุกความพยามนำมาซึ่งความสำเร็จแต่ทุกความสำเร็จล้วนเกิดจากความพยายามส่งกำลังใจให้ทุกคนใช้ความพยายามให้เกิดผลนะคะผักผลไม้สีสินค้าเพื่อสุขภาพและความงาม,1
ไม่มีความสำเร็จใดที่ไม่ใช้ความพยายามและเวลาเรามาเป็นเต่าที่เดินไม่หยุดจนจุดหนึ่งเอาชนะกระต่ายได้ในที่สุดควบคุมตัวเองเอาชนะใจตนเองส่งกำลังใจให้ทุกคนค่ะสู้ไปด้วยกันนะคะจับมือไปด้วยกันครูส้มจี๊ดออนไลน์หมื่นล้าน,1
ความพยายามไม่เคยทำให้คัยพ่ายแพ้ความท้อแท้ก้อไม่ด้ายทำให้ใครชนะได้เหมือนกัน,1
ขอบคุณความตั้งใจความพยายามความขยันของฉันขอบคุณที่ให้เกียรติมาเยี่ยมชมบ้านสวนไก่อบโอ่งเมืองช้างแลกเปลี่ยนแบ่งปันความรู้,1
สาธิตการปลูกแคคตัสฉบับน้องณชาให้คะแนนความพยายามขวบชอบ,1
ไม่มีความสำเร็จใดที่ไม่ใช้ความพยายามและเวลา,1
แท้จริงแล้วคุณสมบัติที่คนประสบความสำเร็จมีเหมือนกันคือความพยายามพร้อมส่งทั่วประเทศ,1
และแล้วรุ่นก้อได้ใบประกาศกันทุกคนความพยายามความสำเร็จเย้ๆ,1
ไม่มีความสำเร็จใดที่ไม่ใช้ความพยายามและเวลามอร์นิ่งค่ะเปิดร้านจ้าดูเพิ่มเติมกับ,1
การเติบโตเป็นสิ่งที่ต้องใช้ความพยายามไม่มีสิ่งใดยิ่งใหญ่ไปกว่าการพัฒนาตนเองเจอปัญหาแก้ปัญหาไปต่อไม่มีข้ออ้างดูเพิ่มเติมกับคนึงคำสูง,1
ไม่มีความสำเร็จใดที่ไม่ใช้ความพยายามและเวลาเป็นกำลังใจให้ทุกคนนะค้าโค้ชผึ้งทิวากรออนไลน์,1
นึกไว้เสมอว่าแม้เราจะไม่ได้เป็นคนที่เก่งที่สุดแต่เราก็เป็นคนนึงที่มีความพยายามมากที่สุดมอนิ่งค่าบพ้มนุ๊กซิงเกิ้ลถ้าไม่เบิ้ลไม่ใช่นุ๊กในโลกแห่งความเป็นจริงผมสะดวกแบบนี้จำเอาไว้ดูเพิ่มเติมรู้สึกโอเคกับผู้ชายอิสระและโกดั๊กลำพัง,1
ความสำเร็จต้องแลกมาด้วยความพยายามทุ่มเทน้ำครึ่งแก้ว,1
ทำการบ้านไปด้วยรับออเดอร์ไปด้วยขอบคุณลูกค้าทุกท่านนะครับความพยายามอยู่ที่ไหนความสำเร็จอยู่ที่นั่นครับโกโก้สอดอ,1
ไม่มีความสำเร็จใดที่ไม่ใช้ความพยายามและเวลาสมัครเรียนขายของออนไลน์ทักมาได้น้ะค่ะ,1
ในเรื่องราวร้ายๆก็ยังคงมีเรื่องดีๆอยู่เสมอและถ้าไม่มีอุปสรรคก็ไม่รู้คุณค่าของความพยายามประสบความสำเร็จไปอีกขั้น,1
ไม่มีอะไรที่จะยากเกินกว่าจะทำได้ขอแค่มีความพยายามมอนิ่งคับพี่ๆเพื่อนๆทุกคนเดียวนิวเชฟน้ำเงิน,1
เพราะชีวิตไม่ได้สวยงามความพยายามจึงเปนสิ่งจำเปนที่สุดสู้ๆสวัสดีวันอาทิตย์เปิดร้านจ้าารับทรัพย์ๆๆ,1
เรื่องบางเรื่องอาจไม่ได้ผ่านไปด้วยดีแต่โชคดีที่ผ่านมันมาได้เปิดใจสาวนายความพยายามคือสารเคมีชนิดหนึ่งทำให้ชัยชนะมีคุณค่าและน่าจดจำ,1
ลมไม่มีแต่ดูความพยายามของเด็กๆสนุกสนานว่าวบาดเจ็บทุกตัวค่ะว่าวไทยกีฬาไทยจุฬาปักเป้าโรงเรียนไชยพันธ์พงษ์พิทยา,1
เราเป็นคนนึงที่เชื่อว่าความพยายามจะทำให้เราประสบความสำเร็จ,1
ประเดิมชีวิตมหาลัยเทอมแรกก็ปังไปเลยสิจ้ะงั้บความพยายาม,1
ขอบคุณครอบครัวที่สนับสนุนทุกอย่างขอบคุณเพื่อนพี่น้องขอบคุณผอท่านรองและครูทุกท่านที่ให้ความอบอุ่นเหมือนครอบครัวขอบคุณตัวเองที่ไม่ยอมแพ้น้ำตาจะไหลความพยายาม,1
ไม่มีความสำเร็จใดที่ไม่ใช้ความพยายามและเวลาเป็นกำลังใจให้คนที่พยายามทุกๆคนวันปั้นเงินล้าน,1
ความพยายามความคิดของนายช่างต้นสาคูเอายากและอยู่ต่ำกว่าถนนมากนายช่างฟาร์ม,1
ถ้าโลกนี้ไม่มีคำว่าอุปสรรคมนุษย์ก็จะไม่รู้จักอีกคำที่เรียกว่าความพยายาม,1
คริสต์มาสพ่อก้าม้ายได้เป็นหรั่งตรุษจีนก้าเปล่าแม่ม้ายเชื้อจีนแต็ดเด่วถ้าเดือนสิบอย่างเด่วแม่มชิงเปรต,1
เด็กบ้านนอกออกรถคันละเหนื่อยมาหลายเดือนขอให้รางวัลตัวเองบ้างน้าเป็นคนนึงที่อยากได้อะไรก็ต้องสร้างเองไม่เคยมีใครหามาประเคนไว้ให้ยืนให้ได้ด้วยตัวเองดีที่สุดถึงมันจะเหนื่อยแต่ก็โคตรภูมิใจบันทึกของตุ๊กตาน้ำพักน้ำแรงรางวัลชีวิตแม่ค้าออนไลน์ขอบคุณนะตัวฉันขอบคุณทุกคนที่ซัพพอร์ต,1
โบกมืออำลาห้าปีกว่าที่อยู่ร่วมกันมาตอนนี้ตัวกล้องภาพสั่นแบตเสื่อมที่ผ่านมาคือใช้เกินคำว่าคุ้มเจ็บแบบจบๆน้อนเซียร์ร่าบลูรางวัลชีวิตขอบคุณผู้สนับสนุนของเค้า,1
ฤกษ์งามยามดีก้าวสู่เป้าหมายใหม่อีกระดับกับขอบคุณตัวเองที่อดทนและพยายามน้ำพักน้ำแรง✈รางวัลชีวิต,1
คิดแล้วทำยังมีโอกาสสำเร็จคิดแล้วไม่ทำไม่มีทางสำเร็จแน่นอนขอบคุณคำดูถูกคนรอบข้างทำให้เรามีเเรงผลักดันในวันนี้ขอบคุณกำลังใจที่ดีถึงเเม้จะไม่มีใครว่าเค้าดีเเต่เค้าก็เป็นคนเดียวที่ยืนเเละซับพอยร์เรารางวัลชีวิตลูกสาวอีกคนค้ำๆคูนๆเด้อ,1
บางคนอาจเรียกสิ่งนี้ว่าความสิ้นเปลืองแต่สำหรับเรามันคือความสุขรางวัลชีวิตอาจไม่ได้สวยหรูเหมือนคนอื่นแต่มันคือความสุขในแบบฉบับของเราตั้งใจว่าจะถอยวันเกิดแต่มันอดใจไม่ได้จิงๆน้ำพักน้ำแรงจากงานขายของอภิรางวัลความเหน็ดเหนื่อยรางวัลชีวิตจ่ายกันสดๆไอโฟนเครื่องแรกในชีวิตสีฟ้าภาพสวยๆต้องมาแค่แวะมาดูเฉยๆจริงจริ๊งลูกสาวสั่งลุยเอาเลยแม่หนูรับผิดชอบเอ๊งอิแม่ก็เลยต้องจำใจเอาไม่อยากขัดกลัวนางเสียใจขอบคุณน๊าาคุณลูกสาวแม่ชื่นจายที่สุดดูเพิ่มเติมกับและคนอื่นๆอีกคนที่โลบินสันบ่อวินเหนื่อยมาทั้งปีขอเวลาดีๆแบบนี้บ้างล่ะกันรางวัลชีวิตบันทึกความทรงจำพยบันทึกเรื่องราวดีดีความฝันเป็นจริงได้ด้วยความพยายามอดทนต่อสู้และตั้งใจจริงตั้งเป้าแล้วเดินไปให้ถึงถึงแล้วมันชื่นใจหายเหนื่อยรางวัลชีวิตมิตรภาพความรัก,1
รางวัลชีวิตของขวัญให้ตนเองบ้างเนื่องในวันคริสต์มาสและโอกาสวันขึ้นปีใหม่ลูกแค่นให้ใช้มานานแล้วมีบ่นถ้าเครื่องเก่าไม่อับปางคงยังไม่ซื้อธคบันทึกไว้เป็นที่ระลึก,1
รางวัลชีวิตตากแดดตากฝนทนร้อนตื่นเช้านอนดึกเก็บไว้มรดกให้เจ้าขอบคุณเด้อเฒ่าแก่ลูกชิ้นปลาละเบิด,1
ยามมีให้เก็บยามเจ็บให้จำเหน็ดเหนื่อยมาทั้งปีรางวัลชีวิตขออีกจักเส้นแนเสี่ย,1
เอาสำนี้หละนะพอผ่อนไหวรางวัลชีวิต,1
ไม่สำคัญว่าจะอยู่กับใครขอแค่ใจฉันสุขพอรางวัลชีวิต,1
ภูมิใจในตัวเองที่มีวันนี้ได้ชีวิตที่ไม่มีต้นทุนสูงเหมือนใครๆมีแต่ความอดทนความขยันสู้เก็บออมมาได้จากน้ำพักน้ำแรงของตัวเองล้วนๆโฉนดใบแรกในชีวิตซื้อเงินสดในจำนวนไร่ในเขตอำเภอเมืองรางวัลชีวิตกว่าจะมีวันนี้ได้เงินหลายล้านก็ไม่ได้หาได้ง่ายๆเนอะ,1
ทำงานทั้งปีให้รางวัลตัวเองบ้างรางวัลชีวิตให้กำลังใจตัวเอง,1
เมื่อไม่ได้ในสิ่งที่ต้องการตามหาสากกระเบือแต่ทุกย่างก้าวที่สายตามองไปมันคือความสุขณปัจจุบันขณะปีติสุขรางวัลชีวิต,1
เจ้าเชื่อเรื่องเปย์ตัวเองบ่ปีนี้เป็นปีที่แทบจะไม่มีอะไรเลยไม่ได้ซื้ออะไรให้ตัวเองเป็นชิ้นเป็นอันที่ผ่านมาก็หาทำนั่นนี่เก็บเงินกว่าจะได้สักบาทกว่าจะซื้ออะไรให้ตัวเองคิดนานมากแต่ถ้าซื้อให้คนอื่นแทบไม่ต้องคิดมีความสุขที่ได้เป็นผู้ให้ให้คนที่เรารักตอนเด็กแม่บอกอยากได้อะไรค่อยซื้อตอนทำงานมีเงินเองตอนนี้ก็เลยอยากทำไรก็ทำซื้อไรก็ซื้อไปเลยค่าลงเพราะมันเป็นรางวัลชีวิตที่หามาได้เองแต่ไม่ได้ลงเพราะมีตังค์เยอะอดอยู่เหมือนกันช่วงนี้,1
ทุกวันนี้ไม่คิดอะไรแล้วโฟกัสแค่ความสุขพออยากได้อะไรก็ซื้อเองรางวัลชีวิต,1
ช่วยกันทำช่วยกันเก็บแล้วก็สร้างไปด้วยกันดีใจกับน้องวัสและน้องเมย์ด้วยนะครับรางวัลชีวิต,1
มารับสมาชิกใหม่จ้ารางวัลชีวิตพาขับขี่ปลอดภัยเฮงๆรวยๆนะคะรู้สึกเบิกบานกับนพสุรชัยจึงมั่นคงที่,1
ภาพความสำเร็จที่ยิ่งใหญ่เกิดจากภาพความสำเร็จเล็กๆที่รวมกันรางวัลชีวิต,1
แล้วเจอกันใหม่ปีหน้าบริษัทรางวัลชีวิตกางเต้นท์มั้ยหละ,1
ใบแรกและใบสุดท้ายในชีวิตเพราะหมดเงินแล้วลังเลนางมาเดือนแล้วตัดใจซื้อส่ะปกติไม่ใช่คนเล่นของแนวนี้นะคะกระเป๋าเคยซื้อแพงสุดก็แค่พันแต่เห็นแล้วคือชอบดูทุกวันและมานั่งคิดว่าเราไม่เคยมีของขวัญอะไรให้ตัวเองเลยสักครั้งทำเพื่อคนอื่นตลอดรอบนี้ขอสักครั้งเถอะรางวัลชีวิต,1
ทำอะไรแล้วสุขใจยิ้มได้ทำไปเถอะรางวัลชีวิต,1
รางวัลชีวิตนานทีได้ออกมาช๊อปจัดไปวงวัยรุ่นทุนน้อยค่อยๆเติบโตไปครับ,1
ขอบคุณร่างกายขอบคุณชีวิตที่อดทนร่วมทุกข์ร่วมสุขด้วยกันมาขอบคุณเหตุการณ์ต่างๆในชีวิตที่สอนให้รู้ว่ารักตัวเองเอาไว้รักตัวเองให้มากๆรางวัลชีวิต,1
วัดไซร์ไปก่อนปีใหม่จะมารับนะสาวน้อยรางวัลชีวิต,1
มาเปิดของขวัญปีใหม่รางวัลชีวิต,1
รางวัลชีวิตขนเงินขนทองเข้าบ้านเด้อลูกร่ำๆรวยๆขับขี่ปลอดภัย,1
ทุกอย่างคือความภูมิใจที่อธิบายให้ฟังก็คงไม่จบไม่เคยลืมและไม่เคยหลงตัวเองแต่สิ่งที่เรามอบไห้ตัวเองคือของขวัญที่เรามีกำลังทรัพย์พอที่จะซื้อไห้ตัวเองได้เพื่อประดับความปังในตัวเองสำหรับเงินก้อนนี้𝟏ล้านบาทเป็นกำไรจากการขายส่งพราต้า𝐋𝐨𝐭𝟓ตั้งใจจะเก็บปิดงวดรถและเก็บไว้ซื้อบ้านในฝันของตัวเองเร็วๆนี้เป็นความตั้งใจที่ใครบางคนอาจจะคิดว่าเราไม่สามารถทำได้นั่นแหละคือสิ่งที่เรากำลังตั้งใจมันให้ได้อยู่นะใครหลายๆคนอาจจะมองว่าเราอวดโอเคเราอวดในความก้าวหน้าของตัวเราเพราะมันคือความภูมิใจที่เราสร้างมันเองด้วยสองมือของเราทุกความล้มเหลวที่เคยผ่านมาจะสอนให้เราเติบโตเคยล้มเจ็บมากแค่ไหนประสบการณ์ยิ่งมากเท่านั้เป้าหมายของฉันมันชัดเจนรางวัลชีวิตมิ้นท์ผกา,1
ของขวัญท้ายปีสำหรับปีนี้คงเป็นการให้รางวัลก้อนใหญ่กับตัวเองกว่าจะมาถึงวันนี้มันไม่ง่ายเลยต้องเจอกับบททดสอบหลายอย่างต้องสู้กับทุกๆปัญหาท้อแต่ไม่เคยถอยมาวันนี้ฤกษ์ดีวันที่เรายืนได้บนขาของตัวเองแบบขอบคุณทุกคนที่ซัพพอร์ตขอบคุณแม่ขอบคุณพี่น้องขอบคุณทุกคนที่ยังอยู่ในชีวิตแล้วก็ขอให้อยู่กันไปแบบนี้ตลอดนะส่วนคนที่หายไปแล้วเราก็ขอบคุณนะที่เข้ามาสอนประสบการณ์อะไรหลายอย่างๆวันนี้เราทำได้แล้วนะสุดท้ายขอบคุณตัวเองที่อดทนและสู้พยายามมาทุกอย่างจนประสบความสำเร็จไม่เป็นหนี้ก็ไม่มีเก็บรางวัลชีวิตสู้กันต่อไปนะพากันสร้างเนื้อสร้างตัวนะพารวยลูกแม่,1
ของมันต้องมีรางวัลชีวิตสายคุณนู๋ก็มาถามว่าเหมาะกับวิถีไบเกอร์ซานตี้เปย์ตัวเองก็ได้,1
ขอบคุณอุปสรรคทุกอย่างทีมาที่ทำให้มีวันนี้รางวัลชีวิต,1
มันคือรางวัลชีวิตและความฝันถึงมันจะทำไม่ให้รวยแต่มันทำให้มีความสุขขอบคุณคนที่คอยซัพพอตผมมาโดยตลอดทำให้ผมมีรถคันแรกรางวัลชีวิตโครตภูมิใจเลย,1
ทำงานจนลืมวันคล้ายวันเกิดของตัวเองอะเนอะแต่ก็ไม่เป็นไรย้อนหลังให้กับตัวเองก็ได้ย้อนหลังให้ตัวเองซื้อของขวัญให้กับความเหนื่อยล้าของชีวิตแห่งการดิ้นรนต่อสู้ขอบคุณทุกๆคำอวยพรทั้งก่อนหน้านี้และณตอนนี้ขอบคุณมากครับขอบคุณเพื่อนรักน้องรักที่อวยพรรวมถึงของขวัญที่ให้มาโดยเฉพาะใจที่พวกเธอให้มาขอบคุณจริงๆพสนสพสรางวัลชีวิตรางวัลแห่งการต่อสู้,1
ผมเคยมีความฝันครับความฝันของผมก็คือทำความฝันของแม่ให้สำเร็จตอนที่ผมยังวัยรุ่นดิ้นรนสู้ชีวิตด้วยเองใหม่ๆถ้าจำไม่ผิดตอนนั้นน่าจะอายุต้นๆแม่เคยพูดกับผมว่าชาตินี้เค้าไม่เคยคิดหรอกว่าชีวิตนี้จะได้นั่งรถผมเลยเก็บคำนั้นมาเป็นแรงผลักดันให้ตัวเองมาโดยตลอดวันนี้ผมทำความฝันของแม่สำเร็จแล้วนะครับรักแม่นะความฝันของแม่สุขใดเล่าจะเท่าซื้อฝันเหนื่อยหน่อยแต่ภูมิใจแน่นอนรางวัลชีวิต,1
ใครกำลังมองหาของขวัญให้ตัวเองหรือคนที่คุณรักเพื่อนเฟื่อนแฟนลเราพร้อมดูแลทุกระดับประทับใจสอบถามกันเข้ามาได้เลยนะค้าบบผ่อนไปใช้ไปรับของก่อนผ่อนทีหลังรางวัลชีวิต,1
กลับมาอ่านทีไรก็อดภูมิใจในตัวเองไม่ได้รางวัลชีวิตน้ำพักน้ำแรงถ้าผมทำได้คุณก็ทำได้พลังบวกลงมือทำน้ำพักน้ำแรงน้ำตาจะใหลได้เวลาให้ของขวัญตัวเองซักทีหลังจากที่อดทนและอดออมเก็บเงินซื้อสดด้วยตัวเองไม่ว่างานจะหนักแค่ไหนอุปสรรคมากน้อยแค่ใหนผมก็ไม่เคยบนและเชื่อว่าต้องมีวันนี้ไม่คิดว่าวันนี้จะมาถึงขอบคุณทุกสิ่งทุกอย่างที่ทำให้ผมได้เป็นผมวันนี้มันเหมาะและพอดีกับผมมากๆครับตั้งแต่ออกอัลบั้มมาไม่มีหมวกใบใหนที่ผมใส่ได้พอดีหัวเท่ากับหมวกใบนี้มาก่อนเลยครับขอบคุณอีกครั้งสำหรับหมวกใบนี้ซื้อที่เชียงใหม่ครับเพื่อนว่าสวยมั้ยครับ,1
ขอบคุณผู้อยู่เบื้องหลังความสำเร็จ‍ขอบคุณพ่อกับแม่ที่คอยสนับสนุนคอยซัพพอร์ตในทุกๆเรื่องนะค่ะรางวัลชีวิต,1
ทุกคนย่อมมีความฝันและไม่มีอะไรเกินความพยายามของขวัญวันเกิดให้ตัวเองรางวัลชีวิต,1
ค่อยๆสะสมเพื่ออนาคตรางวัลชีวิต,1
ก่อนวันรับจบแล้วทำงานเก็บเงินเพื่อสิ่งที่อยากได้โตแล้วไม่ว่ากันแต่อีแม่บ่ใจเด้อรุ่นนี้รางวัลชีวิต,1
รางวัลชีวิตเข้มมั่งหวานมั่ง,1
มันคือรางวัลชีวิตถึงมันจะเส้นไม่ใหญ่แต่มันทำให้มีความสุขรางวัลชีวิตโครตภูมิใจเลย,1
เหนื่อยๆก็มีบ้างไรบ้างพอให้นอนหลับสบายๆรสหวานกินง่ายรางวัลชีวิต,1
รางวัลชีวิตสิค่ะยืมเขามาถ่ายรางวัลชีวิตไม่ใช่การได้ครอบครองแหวนเพรชหลายกระหรัดราคาแพงแต่รางวัลชีวิตคือการได้มีสามีที่ดีรักครอบครัวให้เกียรตินั่นสิคือรางวัลชีวิตที่แท้จริง,1
นฤกษ์ดีนิมนต์พระเข้าบ้านธคศุกร์ศรีศุกร์ร่มศุกร์เย็นศุกร์ร่ำศุกร์รวยศุกร์สมหวังศุกร์มั่งศุกร์มีศุกร์สมปราถนาเงินทองไหลมาเทมาไม่ติดไม่ขัดอยู่แล้วมีโชคลาภร่ำรวยร่ำรวยสาธุสาธุสาธุรางวัลชีวิต,1
ความพยายามอยู่ที่ไหนความสำเร็จอยู่ที่นั้นจริงที่สุดความสำเร็จอยู่ที่เรารางวัลชีวิตโค้ชสารินทีมพลังทีมสำเร็จทีมพันล้าน,1
วันดีๆอีกวันของเรากว่าจะมีวันนี้ไม่ง่ายเลยรางวัลชีวิต,1
ฤกษ์ดีวันนี้มารับสมาชิกใหม่ไปหาเงินกันรางวัลชีวิต,1
พูลสวีทมันดีอย่างนี้นี่เองความชอบของแต่ละคนไม่เหมือนกันอ่ะนะรางวัลชีวิต,1
เช้าที่สดใสตุ๊ปปรูรางวัลชีวิตขนเงินขนทองเข้าอู่เยอะๆนะจ๊ะออฟโรดบ้างสายหมอบมีหลายคันแล้วบารมีพ่อแม่,1
จองตั้งแต่วันที่สิ้นสุดการรอคอยในที่สุดเราก็ได้มาเจอกันสักทีนะยินดีต้อนรับนะสหายรางวัลชีวิต,1
วันนี้ฤกษ์ดีถอยรถครอบครัวอีกคันรถจะพาเราไปหาเงินให้กำลังใจตัวเองท้อได้แต่อย่าถอยถ้าคิดจะถอยต้องถอยป้ายแดงสินะรางวัลให้กับครอบครัวขอบคุณคู่ชีวิตคนที่ดีที่สุดรางวัลชีวิตรางวัลคนทำงานของขวัญวันเกิด,1
อีกหนึ่งความภูมิใจคำว่าเหนื่อยผ่านมาหมดล่ะเมื่อเห็นสิ่งที่อยู่ตรงหน้าภูมิใจกับสิ่งที่ทำได้ขอบคุณพื้นฐานชีวิตที่ดีของพ่อเเม่ที่ทำให้ลูกคนนี้เป็นคนเก่งรางวัลชีวิต,1
เงินแสนหายวับจัดไปดิวัยรุ่นขอบคุณครอบครัวที่คอยให้กำลังใจเด้อครับเหนื่อยบ้างท้อบ้างแต่ไม่ถอยรางวัลชีวิตซิ่งบัดหนิ,1
ของขวัญวันเกิดขอบคุณสิ่งดีๆที่มอบให้รางวัลชีวิต,1
ความสุขรางวัลชีวิตเด็กหลังห้องชมรมไลน์แด๊นซ์คนรักสุขภาพอวิโรจน์สังฆกิจตากล้องหลังห้องชูชาตินิลจู,1
งานสร้อยคอเข้าเพียบคะช่วงนี้สร้อยทองสวยๆน้ำหนักสลึงซื้อทองให้ตัวเองรางวัลชีวิต,1
ไม่เคยลืมและไม่เคยหลงตัวเองแต่สิ่งที่เรามอบไห้ตัวเองคือของขวัญที่เรามีกำลังทรัพย์พอที่จะซื้อไห้ตัวเองได้เพื่อประดับความปังในตัวเองใครหลายๆคนอาจจะมองว่าเราอวดโอเคเราอวดในความก้าวหน้าของตัวเราเพราะมันคือความภูมิใจที่เราสร้างมันเองด้วยสองมือของเราของความสำเร็จล้วนเกิดจากคู่ชีวิตที่คอยสนับสนุนขอบคุณคนเปย์นาจารางวัลชีวิต,1
ไม่ต้องทำอะไรแล้ววันนี้ให้รางวัลกับตัวเองหน่อยรางวัลชีวิตสายเปย์เปย์ตัวเอง,1
อยากได้ก็ต้องได้ของสะสมของนางครุฑแดงจัดมาอีกหนึ่งหลังวันนี้สบายกระเป๋าไปครับรางวัลชีวิต,1
อย่าหยุดเดินอย่าหยุดฝันถ้ายังไม่ถึงจุดหมายคันเก่าก็ยังอยู่นะจ๊ะไม่ได้หายไปไหนรางวัลชีวิตชีวิตต้องสู้,1
ลดจัดสิรออะไรราคาเบาๆพอเพราะเป็นคนเบื่อง่ายรางวัลชีวิต,1
วันนี้วันดีรางวัลชีวิตน้ำพักน้ำแรงขอขอบคุณผู้ใหญ่ใจดีทุกๆท่านที่คอยสนับสนุนตลอดมา,1
ความกลัวได้ของไม่ครบก็แกะที่ทำงานไปเลยสิค่ะของขวัญส่งท้ายปีรางวัลชีวิตอีฟส์แซ็งต์โลร็องต์บิวตี้,1
ขอบคุณทุกเรื่องราวที่ผ่านเข้ามาในชีวิตไม่ว่าจะดีหรือร้ายก็ตามขอบคุณร่างกายที่สู้และอดทนมาด้วยกันขอบคุณคนที่รักคอยอยู่ข้างกายสู้ด้วยกันมาตลอดรางวัลชีวิตบ้านหลังที่ความฝันไม่มีที่สิ้นสุดฝันต่อไปทำห้องเช่า🏘,1
สาบอกว่าไหนๆก็ซื้อใหม่แล้วก็เอาดีๆไปเลยเพราะมันคือเครื่องทำมาหากินของเราแม่ค้าออนไลน์เสียหลักหมื่นขอให้ได้คืนหลักแสนหลักล้านกลับมานะเจ้าคะรางวัลชีวิตขอบคุณกำไรจากการขายออนไลน์ขอบคุณสาที่สนับสนุนทุกๆอย่าง,1
วันว่างๆตกแต่งบ้านพักนิดๆน่อยๆความสุขเล็กๆความรักจอมปลอมของเราไม่ได้รวยนะครับแต่พอมีบ้างเงินเก่าที่หามารู้เรื่องนะครับรางวัลชีวิตบารมีพ่อแม่เอกเซอร์วิส,1
ยินดีต้อนรับสมาชิกใหม่จ้าค้ำคูณๆขับขี่ปลอดภัยทุกๆการเดินทางในทุกเส้นทางจ้ารางวัลชีวิตไม่มีหนี้ก็ไม่มีอะไร,1
ขอบคุณป๊ากับแม่นะคะที่ทำให้ฝันของนู๋เปนจิงรางวัลชีวิต,1
ฤกษ์งามยามดีวันอาทิตย์วันพระค่ำคูณเงินทองเดินทางปลอดภัยปีนี้ล้อปีหน้าล้อนะที่รักรางวัลชีวิต,1
ธัญลักษณ์เทอทำได้แล้วนะฉันภูมิใจในตัวเทอมากขอบคุณที่เทอมุ่งมั่นและตั้งใจตั้งมั่นและแน่วแน่กับเป้าหมายในชีวิตของเธอวันนี้เทอได้รถคู่ใจมาช่วยเทอทำมาหากินแล้วนะดีใจจังเลยคำว่ากุจะเอาและกุต้องเอาให้ได้มันมีพลังมากจริงๆนะมาค้ำมาคูณเด้อลูกชายหล่าของแม่รางวัลชีวิตขอบพระคุณเบื้องหลังของความสำเร็จค่ะ,1
รางวัลชีวิตระหว่างทางทีแสนจะมากมายประสบการณ์ภูมิจัยทีเกิดมาในครอบครัวทีสอนลูกให้รุ้จักคำว่าอยากด้ายอะรัยต้องหาสร้างด้วยตัวเอง,1
ขอยินดีกับลูกแม่ที่ประสบความสำเร็จขึ้นมาอีกก้าวแม่ภูมิใจในสิ่งที่ลูกเป็นอยู่ทุกวันนี้สิ่งไหนไม่ดีอย่าเก็บมาใส่ใจขอให้ครอบครัวของลูกมีแต่ความสุขความเจริญค้าขายร่ำรวยๆอนาคตขอให้รวยร้อยล้านพันล้านรางวัลชีวิต,1
เรื่องได้ตังไม่ค่อยถนัดถนัดแต่เรื่องเสียตังให้มันเป็นสีชมพูรางวัลชีวิต,1
บันทึกความภูมิใจของเราคนปิดรถได้แม้สถานการณ์ตอนนี้จะไม่ดีแบบนี้ขอบคุณความขยันอดทนของเราคนขอบคุณสามีที่ซัพเพอร์ตลอดเวลาไม่ว่าเราจะตัดสินใจอะไรทำอะไรผลจะเป็นยังไงไม่ค่อยบ่นมีแต่ช่วยทำเพื่อไม่ให้เมียเหนื่อยลำบากน้อยที่สุดเราแทบจะเป็นง้อยแล้วเป้าหมายต่อไปใจเย็นน๊าไม่จำเป็นต้องเก่งที่สุดแต่ขอให้ทำให้ดีที่สุดในจุดที่เลือกยืนฉันรักอาชีพนี้รางวัลชีวิต,1
ดีต่อใจดีต่อความรู้สึกรางวัลชีวิตเติมพลังพรุ่งนี้เริ่มใหม่,1
วันใหม่รับสิ่งใหม่ๆเราฝ่าอุปสรรคมาได้ครึ่งชีวิตแล้วขอบคุณทุกคนที่ยังรักและห่วงใยผู้ชายคนนี้บางอย่างในชีวิตสอนให้เรารู้จักขอโทษและขอบคุณขอโทษที่สิ่งที่ผิดพลาดขอบคุณน้ำใจและผู้มีบุญคุณมองทุกเรื่องในแง่มุมที่ดีที่สุดเป็นสำคัญรางวัลชีวิตพอเพียงปีละครั้งที่รักขอบคุณน้องมีนแฟงเป็นธุระให้พี่ตลอดขอบคุณพี่อ๊อฟพี่เอกพี่เบิร์ดพี่ออมด้วยนะคะ,1
อย่าเชื่อคนอื่นจะซื้อต้องตัดสินใจเองลองเองทดลองขับแล้วก็จัดสิคะทำงานเองรางวัลชีวิตไม่มีเงินให้ยืมแล้วนะจ๊ะ,1
รับออมทองคะเก็บเงินไม่อยู่มาออมทองกันนะเริ่มแค่แบงค์สีแดงๆอ่ะเพื่อนสะสมทีละนิดมีทองจ้ารางวัลชีวิตของขวัญให้ตัวเองความสุขทางใจ,1
ย้อนวันวานห้างไม่ปิดเราไม่กลับรางวัลชีวิตนี่ก็บ่นตลอดยังกะคนแก่นี่ก็อ๊องยาคุมมั่นหน้าสุดอีกอาทิตย์เจอกันใหม่นะ,1
มาค่ำมาคูณมาหนุนนำชีวิตลูกหลานให้ขับขี่ปลอดภัยทุกเส้นทางเด้อรางวัลชีวิต,1
รางวัลชีวิตเปลี่ยนเครื่องในรอบปีสัมผัสไม่ติดดีนักจัดของแถมดีต่อใจ,1
ปีนี้อะหรอไม่ต้องลุ้นอะไรมากทำงานไปอยู่ให้รอดถึงปีต่อๆไปทำงานราบลื่นสุขภาพดีมีแฟนดีๆอยู่ข้างๆรางวัลชีวิตเดือนต้องมา,1
ย่อมาจากป๋องย่อมาจากแนนหัวใจแห่งการขับเคลื่อนไปข้างหน้าขอบคุณผู้ที่เบื้องหลังขอบคุณกับโอกาศดีๆขอบคุณกับเรื่องแย่ๆที่เคยผ่านเข้ามาในชีวิตที่ทำให้เราแข็งแกร่งขึ้นคิดให้มากๆลงมือทำให้เยอะๆกาลเวลาจะพิสูจน์ในตัวของเราเองรางวัลชีวิตมีบ้านอยู่อย่างเขาสักที,1
แครี่รถฟู๊ดทรัค🚍รางวัลชีวิตของขวัญปีใหม่ของนางจองมัดจำทำสัญญาขอบคุณฉันสิ,1
ทองลงเมื่อเช้าจัดแหวนเป็นของขวัญปีใหม่ให้ตัวเองซะหน่อยรางวัลชีวิตเสี่ยมานพฟาร์มราชาเป็ดไล่ทุ่ง,1
ปีเปิดร้านปีแรกเก็บตังค์มาเรื่อยๆแล้วก็มาซื้อรถด้วยเงินสดปีก็โคตรจะภูมิใจสุดๆแล้วพอปีถึงปัจจุบันก็กระท่อนกระแท่นมาตลอดเพราะโควิดปิดๆเปิดๆรวมแล้วเปิดร้านไม่ถึงปีมั้งก็กระเสือกกระสนหาขายทุกอย่างเก็บตังค์ซื้อที่ดินด้วยเงินสดเพื่อสร้างบ้านของตัวเองโคตรภูมิใจตัวเองเลยน้ำพักน้ำแรงล้วนๆบ้านหลังน้อยของพี่เก้นรางวัลชีวิตขอบคุณครูเอ้ที่ขายที่สวยๆให้ขอบคุณคนที่ช่วยทำงานเบื้องหลังทั้งหมดบ้านเกดดี้ใครสนใจที่ข้างๆทักถามได้นะเผื่ออยากอยู่ข้างกัน,1
นานๆทีต้องให้คุ้มค่าคุ้มราคาปีนี้ก็ดีมากแล้วแต่ปีหน้าขอให้ดียิ่งๆขึ้นไปรางวัลชีวิต,1
แป๊บๆจะหมดปีแล้วขอบคุณตัวเองที่เข้มแข็งและอดทนจนผ่านไปได้อีกปีสู้ต่อไปนะฟ้าทองรางวัลชีวิต,1
กรูก้อคนเก่งคนหนึ่งใครจะมองไม่ดีไม่ชอบนั้นเป็นกรรมของคุณเพราะทุกวันนี้ไม่ได้สนใจใครนิกจากครอบครัวและตัวเราเองขอบคุณมากกับกลุ่มคนที่พร้อมเหยียบขอบคุณมากกับกลุ่มที่ดูถูกขอบคุณมากที่ทิ้งเราไปและขอบคุณมากที่สอนให้เราเข้มแข็งและยื่นลุกขึ้นสู้มาได้ถึงทุกวันนี้เราขอไม่โกดไม่เกลียดใครและขอบคุณที่เป็นบททดสอบชีวิตให้ประสบความสำเสร็จได้ขนาด🪞📎รางวัลชีวิต,1
ผมไม่รู้หลอกเป้าหมายอยู่ที่ไหนผมรู้แต่ทำไรแล้วมีความสุขก็แค่นั้นไม่มีไรเกินใจเราหลอกท่าใจเราพยามมากพอรางวัลชีวิตขอบขวัญให้แม่ความภูมิใจลูกคนนี้ไง,1
แค่ทำทุกวันให้เป็นเหมือน‍รางวัลชีวิต,1
กินคนเดียวเที่ยวคนเดียวดูหนังคนเดียวก็ได้ขอสักวันเถอะรางวัลชีวิตเหนื่อยจัง,1
ไอโฟนเครื่องใหม่ของพนักงานส่งของมาแล้วจ๊ารางวัลชีวิตรางวัลสำหรับพนักงานส่งของกำไรอีฟส์ก็เปย์อีกแล้วถ้าไม่ขายอีฟส์บอกเลยว่าไม่กล้าซื้อแน่นอนไม่กล้าแม้กระทั่งจะคิดขายอีฟส์กล้าวางเป้าหมายมากขึ้นกล้าคิดที่จะมีรถมีบ้านมีหลายๆอย่างที่เคยฝันไว้แต่ยังไม่สำเร็จน๊าแต่มันก็ใกล้เข้ามาทุกทีๆเป้าหมายความฝันมีกันทุกคนแต่เราจะทำยังไงให้ไปถึงฝันนั้นอีกเรื่องนึง🏘ถ้าไม่ได้มารู้จักอีฟส์โบว์ก็ไม่กล้าที่จะฝันเช่นกันแต่พอมาขายอีฟส์ฝันเป็นจริงทุกอย่างเลยแต่ก่อนทุกครั้งที่ซื้อขอรูดแต่บัตรเครดิตใช้ก่อนผ่อนทีหลังเดี๋ยวนี้เงินสดเท่านั้นจ๊าเงินสดกำไรจากอีฟส์ทั้งนั้นไม่มีหนี้ชีวิตก็มีความสุขแล้ว,1
รางวัลชีวิตอีกอย่างในแบบของผมอาจจะไม่ใช่เสื้อผ้ารองเท้านาฬิการาคาแพงกินเที่ยวหรูๆแพงๆเหมือนใครแต่ละคนก็มีรางวัลชีวิตในแบบของตัวเองขอให้ทุกท่านที่ทำงานหนักเพื่อความสุขของครอบครัวมีความสุขกับการให้รางวัลชีวิตตัวเองในแบบของตัวเอง,1
การทำตามความฝันมันไม่ง่ายแต่มันก็ไม่ยากแค่เราคิดและตั้งใจที่จะทำตามฝันให้มันเป็นจริงของฉันรางวัลชีวิตยินดีต้อนรับน้องลีทเข้าบ้านคร่ามาอยู่ด้วยกันมาค้ำคูณขนเงินขนทองเข้าบ้านเยอะๆน้า,1
ท้อได้ไม่รู้กี่ครั้งแต่กูถอยไม่ได้สักหนเพราะกูเกิดมาจนหากินบนความอดทนที่คนมั่งมีไม่เข้าใจไอ้คำว่าอดตายไม่มีแรงแต่ยังต้องสู้เพราะกูไม่ใช่เด็กน้อยที่คอยให้พ่อแม่มาอุ้มเดินรางวัลชีวิตสองก็มาสาส,1
ได้ลิ้มรสชาติของจริงก็สมชื่อหลังจากกินอาหารญี่ปุ่นมาม่าเป็นเกือบเดือนรางวัลชีวิต,1
จากชีวิตที่ติดลบตอนนี้ผมมีทุกอย่างแล้วความฝันกลายเป็นจริงแล้วอยู่เย็นเป็นสุขร่ำรวยเงินทองรางวัลชีวิตแต่ยังขาดคู่ชีวิตอยู่นะครับ,1
รางวัลชีวิตไม่ต้องคาดหวังจากใครทุกอย่างเราสร้างได้ด้วยตัวเราเอง,1
โปรเด็ดๆไม่ได้มีบ่อยๆน้าค้าปีใหม่นี้ให้ของขวัญตัวเองหรือยังคะเหลือเวลาไม่กี่ชมแล้วรีบทักพี่นันท์มาเลยค่ารางวัลชีวิตของขวัญปีใหม่,1
เมื่อก่อนเราไม่รู้จักตัวเองสักเท่าไรแต่พอได้เข้ามาอยูในครอบครัวฟีโอน่าทำให้เรารู้จักตัวตนของเราเองมากยิ่งขึ้นรู้สึกรักตัวเองมากขึ้นรางวัลชีวิตขอบคุณจากหัวใจฟีโอน่าเปลี่ยนชีวิตได้จริง,1
เพื่อสุขภาพอยากเปลี่ยนแปลงตัวเองบ้างรางวัลชีวิตวิถีคนอวบระยะสุดท้าย,1
กินคนเดียวไม่เหงาหรอกครับนั่งฟั่งเมียบ่นรางวัลชีวิต,1
ไม่ได้รวยเพียงแต่ว่าหาเงินซื้อเองได้ตามที่ต้องการโดยที่ไม่ขอเงินพ่อแม่ไม่ได้สร้างภาระให้กับตัวเองเป็นหลักเน้นความสุขความสบายใจของตัวเองรางวัลชีวิตพ่อเเม่เป็นเเรงพลักดันเป็นกำลังใจในทุกๆเรื่อง,1
คุณได้ไปต่อค่ะรอบต่อไประดับสพฐรางวัลชีวิต,1
รางวัลชีวิตยอดขายเค้กตามเป้าซื้อไว้ทำงานถ่ายเค้ก,1
ทุนน้อยค่อยๆขยับถ้าไม่คิดที่จะสร้างอนาคตคงไม่มีลงทุนกับเครื่องมือทำกินยังไงก็ไม่ขาดทุนรางวัลชีวิต,1
วันนี้ขออนุญาตเปิดรับออเดอร์ถึงบ่ายนะทุกคนช่างจะเข้ามาทำการติดตั้งเครื่องชงกาแฟตัวใหม่รางวัลชีวิตขอบคุณลูกค้าทุกท่านขอบคุณภรรยาผู้ผลักดันและให้กู้ตังค์ขอยาดเข้าแกงค์ครับ,1
ขนเงินขนทองเข้าบ้านเราเยอะๆนะน้องร่ำรวยเป็นมือเป็นขาพาแม่กับพ่อหาเงินเด้อรางวัลชีวิต,1
แค่นั่งมองก็มีความสุขแล้วรางวัลชีวิต,1
ขอบใจร่างกายและครอบครัวที่มีวันนี้ชีวิตเราเริ่มจากทุกอย่างรางวัลชีวิตอยู่เป็นเเรงกำลังใจแบบนี้ไปนานๆนะ,1
โหมดความสุขพักผ่อนปีละครั้งรางวัลชีวิต,1
ฤกษ์งามยามดีวันพฤหัสบดีที่ตุลาคมนได้เวลาพาลูกสาวกลับบ้านเป็นสมบัติชิ้นแรกที่สร้างด้วยน้ำพักน้ำแรงตัวเองรางวัลชีวิตไปช่วยแม่ทำงานขนเงินขนทองกันนะลูกแม่ย่านางช่วยคุ้มครองลูกด้วยให้ลูกขับขี่ปลอดภัยในทุกๆการเดินทาง,1
ตุลาคมปีนี้และปีต่อๆไปขอให้มีความสุขเจอแต่สิ่งดีๆร่ำรวยๆปังๆเฮงๆพ่อแม่สุขภาพแข็งแรงๆๆท่านคือผู้ที่อยู่เบื้องหลังทุกอย่าขอบคุณจี้พระทองปีเกิดจากร้านทอขอบคุณทุกๆคำอวยพรและขอให้ทุกๆท่านมีแต่ความสุขร่ำๆรวยๆเช่นกันนะคะสร้อยทองบาทรางวัลชีวิต,1
ขอบคุณบริษัทเอไอจีประกันภัยผลงานต่างประเทศรางวัลชีวิตเป้าหมายผลงานนำส่ง,1
ขอบคุณคะแนนได้น้อนมาผ่อนแรงเครื่องต้อนรับปีใหม่รางวัลชีวิต,1
เดี๋ยวนี้น้องพีทเป็นคนชอบล้ออะไรที่มีล้อชอบเล่นมันจะมีอะไรมากมายถ้าเรารู้ว่าทำเพื่อใครเดือนหน้าแม่พาไปเที่ยวเขาครั้งแรกของตี๋ถ้าไม่ได้ทำงานนี้ก็คงไม่ได้มีเวลาไม่มีเงินพาไปไหนต่อไหนตี๋บอกแม่ต้องรีบปังแม่จะได้มีน้องให้ผมรางวัลชีวิตความสุขระหว่างวันพรุ่งนี้เทรนนิ่งงานส่งท้ายเดือนลุย,1
ถ้าของสิ่งนี้มันคือเครื่องหมายแห่งความสำเร็จในชีวิตของคนๆนึงมันคือรางวัลของความขยันอดทนและไม่ย้อท้อต่อโชคชะตาถึงเวลาเราต้องมีแล้วค่ะรางวัลชีวิตปลาร้าเทพธิดา,1
ไม่ต้องสวยหรูแค่นี้ก็สุขใจแล้วธรรมชาติบำบัดผาฮี้รางวัลชีวิต,1
ต้องเก็บเงินซื้อซะแล้วอย่าไปหวังกับคนอื่นเลยรางวัลชีวิต,1
ความพยายามอยู่ที่ไหนความสำเร็จอยู่ที่นั้นจริงที่สุดความสำเร็จอยู่ที่เรารางวัลชีวิต,1
อย่ารอให้แก่แล้วค่อยไปเที่ยวเพราะคุณอาจทำได้แค่ลุกไปเยี่ยวแล้วกลับมานั่งรอในรถรางวัลชีวิต,1
ปีใหม่นี้เจอกันโครงการซอยรวยทรัพย์ถาวรพิษณุโลก,1
ฤกษ์งามยามดีต้อนรับสมาชิกคันใหม่มาอยู่ด้วยกันขอให้เฮงๆรวยๆต่อไปก็ต้องทำงานให้หนักกว่าเดิมหนาตัวเรารางวัลชีวิต,1
เริ่มอะไรใหม่ๆกับเช้านี้รางวัลชีวิต,1
ตาพจน์บอกทริปหน้านอนเขาค้อบ้างนะติดใจล่ะซี้ครอบครัวเล็กๆของเรารางวัลชีวิต,1
หลังแรกมาแล้วจ้าน้ำพักน้ำแรงของเราเองปลื้มสุดๆรางวัลชีวิต,1
ฤกษ์งามยามดีขึ้นค่ำเดือค่ำคูณๆเด้มาช่วยกันทำมาหากินเด้อร่ำรวยๆเงินทองไหลมาเทมาขอบคุณพ่อกับแม่ที่คอยซัพพอร์ตหนูในทุกๆเรื่อมีงานให้ทำทำให้หนูมีวันนี้ได้ขอบคุณตาโค้ดที่คอยทนเหนื่อยมาด้วยกันและขอบคุณตัวเองที่อดทนตั้งใจทำให้ฝันตัวเองเป็นจริรางวัลชีวิตหนี้ก้อนแรกของขวัญชิ้นที่น้ำพักน้ำแรงตัวเอง,1
ขอบคุณฝนดาวตกเมื่อคืน,1
ผลของทุกการกระทำแค่ทุ่มเทเต็มที่เต็มร้อยกับหน้าที่ที่รับผิดชอบไม่ต้องร้องขอไม่ต้องหวังอะไรเกินตัวไม่ต้องคิดอะไรล่วงหน้าไม่ต้องอิจฉาใครความจริงใจความสื่อสัตย์ที่เราทำมาตลอดสิ่งศักดิ์สิทธ์รู้สิ่งศักดิ์สิทธิ์เห็นแล้วท่านจะจัดสรรให้เองตามสมควรขอบคุณเจ้านายน้อยสามีรางวัลชีวิตทำดีแล้วทำต่อไป,1
มั่ยเคยคิดเลยว่าตัวเองจะเก่งและมีความอดทนเลี้ยงลูกคนเดียวมาจนใหญ่รางวัลชีวิต,1
ปกติเป็นลูกที่ดีของพ่อกับแม่มาตลอดแต่วันนี้รู้สึกว่าเป็นลูกที่ดีของพ่อแม่มากที่สุดรางวัลชีวิตปีไม่เกินใจ,1
อิสระโฮมพอได้หลบลมหลบฝนเนาะบ้านเดี่ยวกทมรางวัลชีวิตน้ำพักน้ำแรง,1
หาแต่เรื่องเงินก็หานะรางวัลชีวิต,1
การให้ที่มีค่าที่สุดคือการทำให้ตัวเองมีคุณค่าและให้ความสุขกับตัวเองรางวัลชีวิต,1
ของขวัญวาเลนไทน์ย้อนหลังรางวัลชีวิต,1
ความสุขในแต่หละวัน,1
มันย่อมแตกต่างกันขึ้นอยู่กัมาตรฐานในการวัดค่าความสุข,1
ของแต่หละคนถ้าเราคิดว่าตื่นมาแล้วยังเหลือคนที่นอนอยู่เคียงข้างกายมีครอบครัวที่มีแต่ความรักความอบอุ่นให้เกียรติ์กันในทุกทุกเรื่องไว้ใจกันในทุกเรื่องและมอบความรักให้กันตลอดคิดดูแล้วความสุขไม่จำเป็นต้องไปไขว่คว้าหามาจากที่ไหนเลยเป็นกำลังใจให้กับทุกครอบครัวครับเราจะผ่านวิกฤตนี้ไปด้วยกันครับ,1
ความมั่งคั่งไม่ได้วัดที่ค่าของเงินทองเท่านั้นแต่วัดตรงที่ค่าความสุขในทุกวันต่างหากคนรวยความสุขคือคนที่น่าอิจฉาที่สุดในโลกจงทำตนให้มีความสุขแม้ในขณะที่เผชิญเรื่องราวร้ายๆจงใช้เครื่องมือให้เป็นนั่นคือสติสติมีสตรองเป็นเราจะรอดพ้นทุกปัญหาเป็นกำลังใจทุกคนนะคะ,1
เงินที่แต่งรถก็ซื้อทองได้มากกว่าบาทค่าวัคซีนลูกก็ซื้อทองได้บาทคนเราให้ค่าความสุขต่างกันอยู่แล้วไม่ได้อวดแต่ไม่ต้องเผือกทุกเรื่องไม่ได้จ่ายให้อย่าเผือกสงสัย,1
การสร้างสรรค์ตนเองมิใช่ว่าสร้างในวันเดียวต้องใช้เวลาต้องใช้ความเพียรต้องใช้ความอดทนเสียสละแต่สำคัญที่สุดคือความอดทนไม่ย่อท้อต่อสิ่งที่ดีงามสิ่งที่ดีงามนั้นทำมันน่าเบื่อบางทีเหมือนว่าไม่ได้ผลไม่ดังคือดูมันควรทำดีนี่แต่ขอรับรองว่าการทำให้ดีควรต้องมีความอดทนเวลาข้างหน้าจะเห็นผลแน่นอนในความอดทนของตนเอง,1
โชคดีเจ็ทชอบกินอาหารทะเลอยู่ใกล้ทะเลด้วยนั่งรถไปทำธุระแล้วเดินไปตลาดปลากับรุ่นพี่กมของทะเลสดๆเลือกซื้อจากตลาดปลาแล้วมานั่งทำกินที่ร้านปิ้งย่างในตลาดเขามีเตาปิ้งพร้อมเครื่องปรุงให้ครบคิดราคาคนละเยนอาหารสดอร่อยถูกคุ้มแซลมอนทูน่าหอยเชลล์กุ้งอูนิก็ได้ชิมหม่าม้ายังไม่เคยกินเลยครับอูนิเนี่ยคะแนนเทอมนี้ของเจ็ทออกมาทำได้ยอดเยี่ยมเหมือนเทอมที่แล้วภาษาอังกฤษคณิตศาสตร์ไฟฟ้าได้ฟิสิกส์เป็นนักสู้ขยันไม่ย่อท้อแข่งกับตัวเองพร้อมพัฒนาตัวเองให้ดีขึ้นในทุกๆวันเหมือนที่เจ็ททำมาตลอดยอดเยี่ยมแล้วครับเจ็ทมีน้ำใจเป็นตัวแทนห้องช่วยเหลืองานโรงเรียนทำอาหารกินเองพร้อมเก็บล้างให้สะอาดเรียบร้อยพึ่งพาตัวเองได้ดีเยี่ยมอยู่ร่วมกับคนรอบข้างได้เป็นอย่างดีมีความสุขสนุกสนานในการเรียนรู้หม่าม้าชื่นชมและภูมิใจในตัวลูกรักและคิดถึงทุกลมหายใจนะครับคน,1
ครั้งกพสนามสอบบรรจุบัญชีสอบติดบัญชีเรียกบรรจุไม่ย่อท้อแม้ว่าสอบไม่ผ่านดื้อที่จะสอบต่อเรื่อยๆอดทนวินัยอ่านหนังสือไม่ใช่ได้มาเพราะโชคช่วยหรือขอใคร,1
ไม่รู้จะบอกยังไงให้ดีว่าให้พัฒนาตรงไหนถามจริงมึงไม่รู้หรอที่คนหายๆไปเนี้ยเพราะสาเหตุอะไรกูถามจริงโทรมาเถอะมาถามก็ได้แค่บอกว่าไม่ค่อยได้วิ่งแล้วเพราะมีงานประจำไอ้หนังหมีบินยาวโชคดีคนฮักกันเขาบ่เฮ็ดกันแบบนี้ดอกบ่มีอีกเเล้วโอกาสสำหรับคนบ่พอให้เหมิดเวรเหมิดกรรมกันซ่ำนี้อย่าได้พบได้พ้อกันอีกเลยจบโชคดีเจ็บแล้วจบแบบเด็ดขาดดีกว่าเจ็บแบบไม่จบ,1
คนฮักกันเขาบ่เฮ็ดกันแบบนี้ดอกบ่มีอีกแล้วโอกาสสำหรับคนบ่พอให้เหมิดเวรเหมิดกรรมกันซ่ำนี้อย่าได้พบได้พ้อกันอีกเลยจบโชคดีเจ็บแล้วจบแบบเด็ดขาดดีกว่าเจ็บแบบไม่จบ,1
ทำไปคุยไปรู้มั้ยจริงๆอาชีพหลักแม่คือตัวแทนประกันงานออกแบบจัดสวนแม่เคยทำมานานละอาชีพหลักเชนโตเกียวมารีนและก็จัดสวนและก็หัวเราะในใจไอ้ที่พูดมางงอาชีพโตเกียวมารีนนี่ละอาชีพหลักแม่ตัวแทนประกันอาชีพหลักลูกทุกอย่างทําได้ฝึกลูกให้รู้ที่มาของเงินฝึกลูกให้รู้จักเป้าหมายสร้าง,1
ง่ายหรือยากอยู่ที่ใจทุกอย่างทําได้ถ้าใจเราจะทํา,1
จะมีอะไรซวยไปกว่านี้อีกไหมเราขอให้หมดความทุกข์ความซวยอย่าได้สูญเสียอะไรอีกเลยขอให้ครั้งนี้เป็นครั้งสุดท้ายส่งท้ายปีและตลอดไปสาส่งลูกไปโรงเรียนเสร็จรถติดรอกลับรถโดนชนหลังแรงกระแทกไปทิ่มแท็กซี่ชีวิต,1
สุขสันต์วันคริสมาสขับรถออกมาขนปูนโป๊ะเชะเลยฝนตกขอบคุณของขวัญจากซานต้านะค๊าสรุปก็ทิ้งปูนทั้งคัน,1
วันข้างหน้าพ่อไม่รู้ว่าอนาคตเจ้าจะเป็นอย่างไรแต่ในทุกวันนี้พ่อจะดูแลสั่งสอนเจ้าทั้งสองให้ดีที่สุดสวัสดียามเช้าครับไม่รู้ว่าหวยจะออกอะไร,1
ขอบคุณวันนี้ที่ทำให้เมื่อวานนี้กลายเป็นวันที่มีค่าและทำวันข้างหน้าเป็นวันที่เรารอคอยขอบคุณที่คอยดูแลขอบคุณที่เอาใจใส่ขอบคุณสำหรับกำลังใจขอบคุณทุกสิ่งทุกอย่างที่มอบให้กันไม่รู้อนาคตเราจะเป็นยังไงแค่ทำวันนี้ให้ดีก็พอ,1
ชีวิตเราไม่ต้องไปเล่าให้ใครฟังมากเพราะเราไม่รุ้ว่าวันข้างหน้าเขาจะหยิบมาทำร้ายเราเวลาใหนไม่ใช่ผู้หญิงโลกสวยนางร้ายรักน่ะขอบคุณทุกดวง,1
แอ๊บส่วนตัวไม่เคยทำธรุกิจมาก่อนเริ่มจากตอนนี้ก็ทำมาเดือนแล้วแต่ก็ไม่เก่งอะไรหรอกครับคนย้ายทีมสำหรับแอ๊บมันก็ถูกแล้วที่คุณย้ายทีมเพราะว่าผมไม่เก่งเลยแต่มองอีกมุมบริษัทเด๋วกันระบบเหมือนกันสิค้าเหมือนๆกันตลกจังเลยผมจำได้ทุกคนครับวันนี้ผมไม่เก่งวันข้างหน้าเด๋วรู้จักขอบคุณครับ,1
สักวันคงจะดีกว่านี้วันข้างหน้า,1
วันนี้ผมดิ้นรนบางคนยังสบายใช้ชีวิตสนุกวันข้างหน้าผมอาจสบายบางคนอาจดิ้นรนและลำบากมองข้ามผมไปก่อนอนาคตไม่มีอะไรที่แน่นอนวันข้างหน้าคุณอาจมาของานผมทำก็ได้ใครจะไปรู้ทำงานยาวไป,1
คนเราทุกคนมีความยากลำบากไม่เหมือนกันอย่าคิดว่าคุณอยู่สุขสบายอย่าดูถูกงานที่คนอื่นเขาทำด้วยความยากลำบากวันข้างหน้าคุณอาจจะไปพึ่งพาอาศัยเขาก็เป็นได้เป็นค้าข้างถนนแต่มีรายได้ทุกวันไม่เคยนั่งหายใจทิ้งไปวันๆเงินบาทเงินร้อยก็เงิน,1
ต้นทุนชีวิตไม่ดีก็ไม่ได้แปลว่าวันข้างหน้า,1
จะมีเหมือนคนอื่นไม่ได้กลัวแม่หิวในเวลาเรียนเลยทำข้าวให้กินขอให้หนูรักแม่แบบนี้ตลอดไปนะลูก,1
วันข้างหน้าจะแสดงทุกสิ่งของวันนี้เสมอชีวิตคิดใหัดีรู้สึกขอบคุณ,1
ขอบคุณที่เข้าใจกันแม้ในวันที่ตัวฉันนั้นไม่ค่อยจะมีเวลาวันข้างหน้ามันต้องดีกว่านี้แน่นอนสักวันที่จะมีอิสระทั้งเวลาและการเงิน,1
ของลูกชายวุฒิภัทรขวบคร่าวๆปีมีเงินก้อนให้ลูกชายช่วงมหาลัยพอดีได้เงินก้อนให้ลูกชายไปวางแผนอนาคตพอดีวางแผนอนาคตวันข้างหน้า,1
พระพุทธองค์ทรงชี้ทางสว่างจิตถูกหรือผิดดีหรือชั่วล้วนส่งผลคำท่านสอนใช้แก้ไขแก่ใจตนเกิดเป็นคนนั้นแสนยากฝากทบทวนรักษากายวาจาใจนั้นดีแน่ก็เหลือแต่ปฏิบัติธรรมนำส่งผลแม้เนิ่นนานเจออุปสรรคจงอดทนใจหลุดพ้นเข้าถึงพระละปล่อยวางวันข้างหน้าที่โหดร้าย,1
ตรวจคอนโดรอบสุดท้ายต้อนรับสิ่งใหม่ๆในปีหน้าวิวสวยใช่ได้เลยนะครับสร้างไว้ให้ลูกสาวสิ่งดีๆในชีวิต,1
กรี๊ดต้นฉบับเรื่องเล่าความสุขของเมย์ผ่านการคัดเลือกจากทีมบอกอนิตยสารสารคดีได้เป็นหนึ่งในเรื่องจากเรื่องน้ำตาจะไหลความสุขหลากหลายสีโดยกรณ์อภิสราเรืองสุวรรณ์ติดตามเรื่องเล่าความสุขทั้งเรื่องได้ที่เพจนะคะทู้กโคนเรื่องสั้นสิ่งดีๆในชีวิตนิตยสารสารคดีค่ายนักเล่าความสุข,1
เหตุผลในการขอผู้หญิงคนนี้แต่งงานเพราะเค้ารักเธอและอยากที่จะดูแลเธอไปตลอดชีวิตอยากที่จะเติบโตไปด้วยกันเธอเป็นเพื่อนที่ดีแฟนที่ดีรับฟังทุกอย่างคุยได้ทุกเรื่องคอยให้กำลังใจเสมอและเติมเต็มในส่วนที่ขาดหายไปเค้ามั่นใจว่าเธอสามารถเป็นภรรยาที่ดีและแม่ที่ดีของลูกในอนาคตได้รักนะครับรักมากๆและจะรักไปทุกๆวันไม่ให้ลดน้อยลงไปสิ่งดีๆในชีวิตของขวัญที่ดีที่สุดอยู่จับมือกันไปนานๆนะ,1
ผ่อนบ้านหมดแว้วสิ่งดีๆในชีวิต,1
คิดบวกเอาชนะความยากลำบากในชีวิต,1
จงอย่าได้ทุ่มทั้งชีวิตเพื่อความสุขของผู้อื่นทำดีเท่าที่เราสบายใจไม่เดือดร้อนจงหันกลับมาดูแลใส่ใจและรักตนเองบ้างอย่าทำให้ตนเองเป็นทุกข์คิดดีมีสุขสุขแบ่งปันศุกร์ที่มีสุข,1
ความสุขทางใจคือสิ่งสำคัญจงหมั่นทำจิตใจให้อย่าขุ่นหมองเศร้าเพราะถ้าจิตเราไม่ดีจะทำการสิ่งใดๆก็ไม่ดีคิดดีมีสุขธรรมยามเช้าตาลหวานนำบุญมาฝากนะคะเช้านี้สาธุดูเพิ่มเติมรู้สึกสุขใจกับนนทมลวรรณสะแกกลางและอีกคนที่วัดพุทโธภาวนา,1
กฎแรงดึงดูดคือแนวคิดที่เชื่อว่าจิตของมนุษย์มีพลังอำนาจมากพอที่จะดึงดูดทั้งสิ่งดีและไม่ดีเข้ามาหากเรามีความคิดบวกก็จะดึงดูดแต่เรื่องดีๆแต่หากมีความคิดลบก็สามารถดึงดูดเรื่องแย่ๆได้เช่นกันพูดง่ายๆก็คือเราจะดึงดูดสิ่งที่เราคิดเข้ามาในชีวิตเสมอคิดดีมีสุข,1
บางทีเราไม่รู้หรอกว่าจะมีใครรู้สึกไม่ชอบเราหรือมีอคติกับเราในสิ่งใดๆก็ตามที่เราทำหรือการตัดสินเราจากคำพูดของคนอื่นไปแล้วแต่นั่นมันก็คงไม่สำคัญเท่ากับการที่เรารู้จักตัวเราเองว่าเราเป็นยังไงและไม่เอาใจไปวางไว้ให้กับคนที่คิดว่าเราไม่ดีเพราะต่อให้อธิบายแค่ไหนถ้าเขามีอคติในใจแล้วก็เปล่าประโยชน์ขอแค่ใจเราไม่เกลียดใครก็พอชีวิตคนเรามันสั้นเกินกว่าที่จะมานั่งเกลียดชังใครไม่มีคนไหนที่จะดีเกินร้อยและไม่มีคนไหนที่เลวไม่เป็นคิดดีมีสุขขาวบ้างเทาบ้างธรรมดาของคน,1
ใช้ชีวิตอย่างเรียบง่ายและมีความสุขในที่ของเราคิดดีมีสุขวิธีทำให้ตัวเองมีความสุข,1
การทำความดีเป็นสิ่งเดียวเท่านั้นที่ทำให้เรานั้นสบายใจและมีความสุขคิดดีมีสุขวันที่ดีที่สุดของชีวิตคือวันที่ได้ทำความดีและได้สะสมบุญภาคภูมิใจได้มาร่วมแพ็คแมสนำไปแบ่งปันสุขแจกประชาชนที่ได้รับความเดือดร้อนขอบคุณอาจารย์ปรีชาไข่แก้วนำพาสร้างสิ่งดีดีความดีเพื่อบ้านเมืองขอบคุณอนุโมทนาเจ้าภาพข้าวหน้าเป็ดจากพี่ตุ๊กน้องหญิงอร่อยมากค่ะ,1
ขอบคุณที่วันนี้ที่ยังมีโอกาสได้ตื่นมาจงใช้เวลาที่มีอยู่ให้มีคุณค่าเปิดร้านจ้าโอกาสปัจจุบันคิดดีมีสุข,1
สิตาป๊าๆเหมือนเรามาปิคนิคกันเลยคิดดีมีสุขรักลูกลูกรัก,1
วันพระแรมค่ำเดือนเกี๋ยงเหนือคิดดีมีสุขเมื่อใจแคบมักจะหาข้อตำหนิคนเมื่อใจหยาบมักจะหาข้อบกพร่องคนเมื่อใจกว้างเราจะมองเห็นสิ่งดีๆของคน,1
ต่างคนต่างความคิดต่างจิตต่างใจคิดยังไงได้อย่างนั้นคิดดีมีสุขคิดร้ายได้ทุกข์ลองคิดดูสิ,1
จงอย่าได้ทุ่มทั้งชีวิตเพื่อความสุขของผู้อื่นทำดีเท่าที่เราสบายใจไม่เดือดร้อนจงหันกลับมาดูแลใส่ใจและรักตนเองบ้างอย่าทำให้ตนเองเป็นทุกข์คิดดีมีสุขเปิดร้านรับทรัพย์จ้าฝนๆจับไม้ลงมาหั่นตูดสักต้นแร่วก้อเอาไปแควนไว้ที่เดิมสถานการณ์ไม่ค่อยดียุบนราวไปก่อนนานมากรอบนี้จากไม่มีดอกจนบานอิร่วงแร่วหลาวรากลิ้นล่อหมดแว้ววอาบน้ำอุกแม่หมูลูกหมูดีกว่าอากาสแบบนี้สุขทุกข์ยุที่ใจคิดคิดดีมีสุขคิดชั่วตัวทุกข์,1
ɢᴏᴏᴅᴍᴏʀɴɪɴɢᴀᴛᴜʀᴅᴀʏʏᴏᴜʀʟɪғᴇɪᴀɢᴏᴏᴅᴀʏᴏᴜʀᴍɪɴᴅᴇᴛชีวิตดีเพราะคิดดีʜᴀᴠᴇᴀɴɪᴄᴇᴅᴀʏดีดึงดูดดีคิดดีมีสุขพลัง,1
วันนี้วันเกิดจึงแต่งตัวสวยงามอายุปีแล้วอ่ะถ้าแผ่กระโปรงให้ดีรูปจะสวยกว่านี้คิดดีมีสุข,1
คิดดีมีสุขยามเช้าวันจันทร์โควิดก็น่ากลัวมีหน้าที่ก็ต้องทำเตรียมพร้อมเปิดเทอมภาคเรียนวันที่มิย,1
บางทีเราก็อิจฉานะอิจฉาคนสวยอิจฉาคนรวยอิจฉาคนหุ่นดีแต่เราก็ได้แค่อิจฉาซึ่งกับบางคนไม่ได้แค่อิจฉาแต่เกิดความริษยาเห็นใครมีดีกว่าสวยกว่าเด่นกว่าไม่ได้ต้องทำตัวให้เด่นมากกว่าคนๆนั้นและชอบทำตัวข่มสร้างจุดเด่นให้ทุกคนสนใจคนๆนั้นคงมีปมด้อยรึมีปมในใจที่อยากให้หลายๆคนมองแต่กลับได้เพียงความเงียบเหมือนไม่มีตัวตนกลับมาฉะนั้นเราอย่าไปริษยาใครเลยถ้าอยากให้คนเค้ารักคนเค้าสนใจทำตัวเองให้มีคุณค่าด้วยคำพูดที่ดีการกระทำดีๆแล้วสิ่งดีๆก็จะมาหาคุณเองทักทายยามเช้าคิดดีมีสุขฝากไว้ให้คิดสู้ๆนะตัวเรา,1
ยามใดใจเศร้าสร้อยสิ่งที่พบเจอล้วนแต่เป็นหายนะแต่ยามใดที่ใจเบิกบานทุกแห่งหนล้วนเป็นสิ่งล้ำค่าคิดดีมีสุขบ้านหว้าของดีบ้านหว้าวิ่ง,1
ไปหาหมอแบบไหนแล้วจะได้ตังก้อลองไปฟังทัศนคติดีดีจากเพื่อนซี้สิวัยรุ่นตอนปลายคิดโปรเจคขอบคุณสำหรับวันเปิดโลกกว้างขึ้นคิดไม่ผิดคิดดีมีสุขขอเจ้าที่แรงๆสวัสดีค่ะท่านประธานและภริยาขอแรงอนุภาพส่งผลด้วยเทอญรศดร,1
ผมถามน้องที่มาถ่ายรูปให้ว่าน้องๆน้องว่าพี่หล่อมั้ยเสียงน้องเขาตอบผมมาอย่างมั่นใจว่ากล้องโทรศัพท์พี่นี่มันดีจริงๆถ่ายรูปดูดีกว่าตัวจริงเยอะเลยแล้วน้องคนนั้นก็เดินไปผมเบิดคำสิเว้าเฮาคือสิขี้ร้ายคักเนาะซำพอดอกบ่มีผู้ใด๋มามักอยากหัวแฮงขำขำครับก่อนนอนอาร์ตคนหน้าตาดีเที่ยวเมืองไทยให้หายคิดถึงเป็นกําลังใจให้เสมอโควิดพวกเราต้องรอดไม่ประมาทการ์ดอย่าตกคิดดีมีสุข,1
สวัสดีเดือนมิถุนายนขอให้เป็นเดือนที่ดีขอให้เป็นเดือนแห่งความมั่งคั่งขอให้เงินทองเต็มกระเป๋าทุกคนนะค่ะชีวิตคิดบวกคิดดีมีสุข,1
ยิ้มรับตะวันวันนี้ฟ้าสวยสดใสไม่มีสายหมอกปั่นเลาะเลียบริมทุ่งเส้นทางสายใหม่ไม่เคยไปทางนี้เลยแม้จะอยู่ในตำบลน้ำดิบนี่เป็นครั้งแรกวิวสวยตลอดเส้นทางมองทางซ้ายเห็นทุ่งนาแนวไม้และหมู่บ้านมองทางขวาเห็นทุ่งนากว้างไกลสุดสายตาเป็นวัดดอยน้อยตั้งอยู่บนเนินเขาเตี้ยๆไกลลิบลิบคือยอดดอยอินทนนท์ภูเขาที่สูงสุดในประเทศไทยกลับบ้านแวะซื้อขนมโปรดของหนูไอโกะทางเหนือเรียกขนมปาดมีเจ้านี้แหละที่อร่อยมากหวานไม่มากหอมอร่อยถ้าไปตลาดสายจะไม่ได้ซื้อหมดก่อนทุกทีถูกใจไอโกะมากๆดูหน้าก็รู้ปั่นเพื่อสุขภาพคิดดีมีสุขสวัสดีวันพระเทศกาลกินเจ,1
ความคิดที่เรามีต่อผู้อื่นไม่ได้มีผลต่อผู้อื่นอย่างที่เราคิดแต่มีผลกับใจเราเองในทันทีที่คิดคิดดีมีสุขให้สุขแก่ท่านสุขนั้นถึงตัวขอบคุณกัลยาณมิตรที่จุดพลังบวกให้,1
สวัสดีเดือนเกิดเหมือนจะดีแต่ก็แค่เหมือนคิดดีมีสุข,1
ทำไมต้องบริจาคโลงศพเพราะมีความเชื่อมากมายเกี่ยวกับอานิสงส์ของการบริจาคหีบศพถือเป็นการทำบุญให้ทานด้วยเจตนาอันบริสุทธิ์เพราะเป็นการทำบุญเพื่อผลประโยชน์ของผู้อื่นโลงศพสามารถนำไปใช้งานต่อได้จริงเป็นบ้านหลังสุดท้ายสำหรับศพไร้ญาติศพอนาถาหรือศพที่ครอบครัวมีความเดือดร้อนคลาดแคลนเงินที่จะนำไปซื้อโลงถือเป็นการช่วยสงเคราะห์แก่ผู้ตายด้วยความปรารถนาที่จะช่วยเหลือเพื่อนมนุษย์ด้วยกันดังนั้นจึงเชื่อว่าเป็นกุศลใหญ่ที่ได้อานิสงส์แรงมากเห็นผลบุญเร็วทันตาโดยส่วนมากจะทำเพื่อต่ออายุขัยแก้ปีชงสะเดาะเคราะห์ให้กับคนที่กำลังดวงตกหรือประสบปัญหาในชีวิตเพื่อผ่อนเคราะห์กรรมจากหนักให้เป็นเบาได้รับการช่วยเหลือมีโชคมีความเจริญก้าวหน้าแคล้วคลาดจากอันตรายต่างๆเป็นสิริมงคลกับชีวิตสืบต่อไปคิดดีมีสุขจงรู้จักการให้,1
ได้เวลาซ่อมแซมร่างกายหลังจากที่เจ็บเรื้อรังมานานแรมปีเลื่อนแล้วเลื่อนอีกจากสถานการณ์โควิดขอให้การผ่าตัดครั้งนี้ผ่านไปได้ด้วยดีมีคนกล่าวไว้ผ่าตัดครั้งนี้เหมือนได้เกิดใหม่อีกครั้งคิดดีมีสุขกําลังใจเป็นสิ่งสําคัญ,1
มาถึงบ้านก็มีของขวัญปลอบใจอยู่บนโต๊ะขอบคุณนะคะที่รักและเป็นห่วงเข้าใจกันเเบ่งปันความสุขกันวันละนิดชีวิตก็เเค่นี้ทำทุกๆวันให้มีความสุขคิดดีมีสุขยิ่งให้ยิ่งได้รับ,1
บางสิ่งในชีวิตไม่ต้องดีที่สุดแค่อยู่ได้แบบไม่ทุกข์ก็สุขแล้วใจคิดดีมีสุข,1
เมื่อเราคิดดีพูดดีทำดีพลังแห่งความดีก็จะดึงดูดแต่สิ่งดีๆคนดีๆมาหาเราเสมอคิดดีมีสุขมอนิ่งวันหยุดนะคะอนุโมทนาสาธุ,1
เติมความสุขสร้างได้ด้วยมือเราสวยสั่งได้คิดดีมีสุขยิ้มสยาม,1
นางพามาปลดปล่อยพักผ่อนเปิดสมองส่วนตั๊วส่วนตัวจริงๆขอบใจน้องรักรักแหละดูออกเพื่อนไม่มีไว้แค่กินเที่ยวแต่คือแบ่งปันสุขทุกข์ด้วยกันวันดีๆของเรา,1
มีอยู่อย่างบนโลกใบนี้ที่เรารักแล้วไม่มีวันเสียใจพ่อแม่ตัวเองวันดีๆของเราทำบุญพระแล้วเราก็เข้ามาขอพรพ่อแม่เป็นสิริมงคลชีวิตของลูกๆทำหน้าที่อย่างที่เราเคยทำรักใส่ใจดูแลขอให้ลูกค้าขายเจริญรุ่งเรืองประสบความสำเร็จให้ลูกสาวคนนี้มีกำลังเลี้ยงดูครอบครัวดูแลพ่อแม่แบบนี้ตลอดไปค่ะดูแลคนที่เรารักแต่อย่าลืมดูแลคนที่รักเรา,1
ก็ไม่ได้มีอะไรมากแต่ก็ชอบซื้ออะไรเงินสดตลอดรถคอนโดที่ก็เงินสดนะอย่าพึงดิ้นตายก่อนนะมีอะไรให้ดิ้นอีกเยอะชอบจังพวกป่วยทางจิตแต่ไม่รู้ตัวก่อนจะมาด่าเขารู้รึเปล่าเขาทำงานอะไรเขาเป็นใครห้องหน้าของยุพาวรรณนะคะวันดีๆของเรา,1
ปิดการขายขอบคุณมากนะคะที่เลือกที่ดินแปลงนี้วันดีๆของเรา,1
จองน้องไว้ก่อนหรอจ้ะวันดีๆของเราใส่เเมสตลอดถอดเเค่ตอนถ่ายรูปจ้า,1
บุญอย่าให้ขาดบาปอย่าให้เกินวันดีๆของเรา,1
เหนื่อยมาทั้งปีไปทำอะไรที่ชอบบ้างก็ได้นะทุ่งดอกไม้นี้ไปมาคุ้มมากมุมถ่ายรูปเยอะใกล้บ้านด้วยเขาค้อเที่ยวไปเรื่อยทําสิ่งที่ชอบทําสิ่งที่รัก,1
ชีวิตที่มีสุขไม่ใช่ชีวิตที่ไม่มีทุกข์แต่หมายถึงชีวิตที่รับทุกข์ได้อย่างเข้าใจชัยชนะไม่ได้หมายถึงรางวัลที่ได้แต่หมายถึงการได้เป็นหนึ่งในคนที่เข้าเส้นชัยความพ่ายแพ้ไม่ได้แปลว่าสูญเสียแต่หมายถึงการได้มาซึ่งบทเรียนที่ยิ่งใหญ่,1
หนุ่มน้อยน้องฮูโก้ฝึกนั่งสมาธิก่อนไปโรงเรียนน่ารักมากๆเลยคะอนุโมทนาสาธุร่วมกันขอให้น้องตั้งมั่นอยู่ในความดีมีสติปัญญาเป็นคนดีต่อสังคมและช่วยสืบทอดพระพุทธศาสนาต่อไปคะขอให้ทุกท่านสุขภาพแข็งแรงและประสบความสุขตลอดไปคะชีวิตติดธรรมเป็นชีวิตที่มีสุข,1
ชีวิตที่มีสุขไม่ใช่ชีวิตที่ไม่มีทุกข์แต่หมายถึงชีวิตที่รับทุกข์ได้อย่างเข้าใจรัดนิตโต๊ะย้ายเติมฝาครอบไฟตัดหมอก,1
ชีวิตที่มีสุขไม่ใช่ชีวิตที่ไม่มีทุกข์แต่หมายถึงชีวิตที่รับทุกข์ได้อย่างเข้าใจชัยชนะไม่ได้หมายถึงรางวัลที่ได้แต่หมายถึงการได้เป็นหนึ่งในคนที่เข้าเส้นชัยความพ่ายแพ้ไม่ได้แปลว่าสูญเสียแต่หมายถึงการได้มาซึ่งบทเรียนที่ยิ่งใหญ่สู้กันต่อไปสวัสดีวันพระ,1
อดทนอีกนิดนะสถานการดีขึ้นอะไรก็น่าจะดีขึ้นขอบคุณนะที่อยู่เคียงข้างกันตลอดมาในช่วงที่แย่ก็ยังมีกันและกันหมดสถานการที่แย่ๆไปเดียวจะพาเที่ยวรอบโลกสักครึ่งโลกก็ยังดีไปเลื่อยๆช่วงนี้เที่ยวทิพย์ไปก่อนโควิดทำพิษจริงๆธรรมชาติแสนงดงามชีวิตที่อิสระเที่ยวทิพย์,1
ปิกนิกกินข้าวป่าปลายนากับพี่ๆสบายๆสไตล์บ้านทุ่งลมเย็นๆชิวๆีชีวิตที่อิสระ,1
วันอาทิตย์วันครอบครัวของเจ้ทุกคนจะต้องอยู่ทานข้าวพร้อมกันบ้านเราร้านนี้เนื้อดีเครื่องเคียงเพียบรสชาตินุ่มอยากกินอะไรเราก็กินเหนื่อยมาแล้วก็ให้ความสุขกับตัวเองรู้จักใช้ก็ต้องรู้จักวิธีหาด้วยชีวิตที่อิสระ,1
การประสบความสำเร็จหรือความสุขของคนเราต่างกันออกไปบางคนเก็บเงินสร้างอนาคตบางคนมีเงินแล้วซื้ออาหารอร่อยๆไห้ตัวเองบางคนมีเงินแล้วทำศัลยกรรมเปลี่ยนไห้ตัวเองสวยขึ้นบางคนมีเงินเอาไปต่อยอดธุระกิจแต่สำหรับฉันแล้วการได้เดินทางออกไปไช้ชีวิตไปในที่ๆอยากจะไปมันสุดยอดที่สุดแล้วสำหรับฉันนี่คือความสุขของฉันชีวิตที่อิสระออกไปไช้ชีวิตที่เหลือค่ะ,1
ความสุขตอนนี้ของผมคือมีเวลาให้ครอบครัวเยอะๆและได้พาคนที่ผมรักไปเที่ยวนี่แหละครับความสุขที่ผมต้องการชีวิตที่อิสระ,1
ชีวิตที่อิสระกะแบบนี่ล่ะครับอยากไปไสกะไปโลดมื้อนี่ไปหยุดอยุ่ที่หาดนางรำหาดนางรองเด้อมื้อหน้าสิไปเลาะอีกกำลังหาสถานที่อยุ่รอชมตอนต่อไป,1
ใช้ชีวิตให้มีความสุขในแบบของตัวเองไร่เกาะกลางชีวิตที่อิสระ,1
หลังทานอาหารกลางวันมาออกกำลังกันแก้ง่วงและสุขภาพแข็งแรงด้วยค่ะคราววันชีวิตที่อิสระ,1
รอบเช้าก็เป็นคนสวนหน้าสดๆเก็บแม่ว่านถอนหญ้าปลูกต้นไม้เช็คเชื้อราต้นไม้เลี้ยงไก่ชีวิตที่อิสระเราออกแบบเองสายๆเที่ยงๆเราก็กลายร่างเป็นคนสวย,1
ชีวิตที่อิสระต่อไปอยากโพสไรโพสอยากทำอะไรทำไม่ต้องระแวงจะใครมาว่านะจ๊ะปอยปี้แพร่แห่ระเบิด,1
วันหยุดสบายๆกินเที่ยวยาวไปชีวิตที่อิสระงานประจำของนิตยาตอนเช้าของทุกวันเข้าสวนตกบ่ายเข้าห้องเรียนรู้วันอาทิตย์เป็นวันหยุดเข้าป่าค่ะชีวิตที่อิสระมีความสุขที่ได้อยู่กับครอบครัวค่ะ,1
มาบ่อยๆเพราะอร่อยกินให้สุดแล้วหยุดที่เบาหวาน,1
มีเงินสักก้อนไม่มีหนี้สินกลับไปอยู่บ้านปลูกผักเลี้ยงไก่เลี้ยงปลาชีวิตที่อิสระ,1
นานๆทีที่จะได้เที่ยววชีวิตที่อิสระ,1
พักสมองปลดล็อคตัวตนชีวิตที่อิสระ,1
ชีวิตที่อิสระคือชีวิตที่ไปเที่ยววันธรรมดาได้โดยไม่ต้องลาและมีเงินเข้าตลอดเวลาวิถีออนไลน์,1
ชีวิตที่อิสระไปที่ไหนก็ได้ถ้ามีคนละครึ่ง,1
ต๊าซบินได้สูงแค่ไหนมันก็ไม่สำคัญเท่ากับใจแลกใจชีวิตที่อิสระ,1
ไม่ได้หายไปไหนนะแค่มาทำหน้าที่ถึงเวลาจะกลับไปนะชีวิตที่อิสระ,1
ชีวิตที่อิสระในทุกๆด้านทุกอย่างล้วนเกิดขึ้นจากความรักความเมตตาความอบอุ่นของครอบครัวและเครือญาติพี่น้องรวมถึงกัลยาณมิตรทีงดงามเสมอมาขอบคุณมากมายจ๊ะขอบคุณด้วยหัวใจจ๊ะฉันโชคดี,1
แซ่บอย่างเดียวก็พอแล้วไม่อยากเผ็ดเดี๋ยวเด็กกินไม่ได้ชีวิตที่อิสระตัวคนเดียวจะไปไหนก็ได้,1
รักป่ารักเขาอย่าลืมฮักเฮาบ้างเด้อบรรยากาศยามเย็นผ่านไปอีกหนึ่งวันชีวิตที่อิสระมีความสุขที่สู้ด,1
ไม่ต้องรอวันเสาร์อาทิตย์ไม่ต้องรอวันลาไม่ต้องรอใครหยุดงานไม่ต้องห่วงงานที่ค้างอยู่อยากไปไหนก็ไปอยากทำอะไรก็ทำมันสนุกที่สุดแล้วชีวิตที่อิสระคนชอบเที่ยว,1
ชีวิตที่อิสระได้กินได้เที่ยวได้เพื่อนทริบล่องใต้ออร่าริชฝากชีวิตได้ถ้าคิดจะขายอย่ามีข้ออ้าง️️️️คนขายเยอะแล้วไดูเพิ่มเติมกับตาพรมรูปและ,1
จงให้เวลากับตัวเองได้เรียนรู้และเติบโตจากทุกเรื่องที่ผ่านเข้ามาชีวิตที่อิสระ,1
ชีวิตที่อิสระคือความสุขที่แท้จริง,1
อยู่ที่ไหนก็ได้☺อยู่ที่ไหนก็ทำเงินได้☺แค่มีมือถือแค่มีอินเตอร์เนตใช้เงินทำงานไม่ได้ทำงานหาเงินขอบคุณเครื่องมือผลิตเงินทรงพลังชีวิตที่อิสระ,1
ปีใหม่เรียกเคาท์ดาวน์ปีไหนเล่าจะเรียกเค้ากับตัวเองหว๊าซ๊านขอใช้ชีวิตชิวๆๆแบบนี้ไปเรื่อยๆๆชีวิตที่อิสระ,1
ชีวิตที่อิสระกับอาชีพที่รักจะเบาหนักเราเลือกแล้วถึงไหนถึงกันครับเปิดปีงบประมาณใหม่คิวยังว่างครับจองเข้ามาได้เลยครับทำงานกินเที่ยวเรื่องเดียวกันเพียงแค่ไปกับเราบริการด้วยใจปลอดภัยทุกเส้นทางกับทีมงานบราิหารงานโดยคุณโปรดไว้ใจมืออาชีพ,1
ห้องทำงานเล็กๆที่เราชอบทำงานชมง่วงก็งีบชีวิตที่เราเลือกชีวิตที่อิสระ,1
หากเป็นนกฉันจะโผบินชีวิตที่อิสระทะเลพังงาสาวสตรองครองโสดก๊ะหล๊ะแมะหอยแครง,1
ชีวิตที่อิสระท่ามกลางธรรมชาติที่มนุษย์ไม่สามารถสร้างสรรค์ขึ้นมาได้,1
อยู่บ้านไม่ใช่อยู่คอกไม่ต้องมาหลอกเพราะไม่ใช่ควายแค่เด็กบ้านๆชีวิตที่อิสระบรรยากาศยามเย็นค่ะ,1
ผมเป็นมหาเศรษฐีผมมีบ้านทุกที่ในเมืองไทยจะไปจอดนอนตรงไหนก็ได้คนเร่ร่อนชีวิตที่อิสระขอเวลานอนแป๊ป,1
วันอาทิตย์หรรษาเต็มทุกเตียงคิวจ่ออาชีพอิสระชีวิตที่อิสระรอรับทรัพย์ดูเพิ่มเติมรู้สึกมีความสุขกับและนราธิปเต็งห้อจั่น,1
ไม่ต้องมีหรอกลักยิ้มแค่น้องยิ้มพี่ก็รักแล้วชีวิตติดโสดชีวิตที่อิสระ,1
หนทางที่เรากำลังจะไปจะถึงจุดหมายหรือไม่อยู่ที่ใจล้วนๆอยู่ที่ใครจะไปทางไหนทางตรงหรืออ้อมก็ถึงเหมือนกันแต่จะถึงช้าหรือไวเท่านั้นเองดิไอคอนชีวิตที่อิสระสำเร็จแล้วให้ได้แล้วแบ่งปัน,1
ความสุขของชีวิตสุดท้ายคงจะเป็นความสุขที่เราต้องสร้างจากความสำเร็จชีวิตที่อิสระออกเดินทางจึงมีเรื่องเล่า,1
ทุกชีวิตบนโลกนี้ต้องการคือชีวิตที่อิสระทุกวันนี้ส้มก็ใช้ชีวิตในช่วงเวลาหนึ่งที่เป็นอิสระเหมือนกันจะกินจะนอนขับรถไปเรื่อยๆทำบุญเที่ยวหาเงินในเวลาเดียวกันได้คือชีวิตที่ส้มค้นหามาตลอดและก็ถือว่าในตอนนี้ส้มเจอมันมาครึ่งทางแล้วชีวิตที่หลายๆคนต้องการชีวิตที่ร่ำรวยด้วยอิสระภาพไม่ใช่เงินทองแต่อย่างเดียวขอบคุณอาชีพอิสระที่ทำให้ชีวิตส้มอยู่รอดมาได้จนถึงปัจจุบันขอให้ทุกชีวิตจงมีแต่ช่วงเวลาที่ดีๆและมีความสุขกับการใช้ชีวิตกันทุกคนน๊า,1
แค่ได้ทำในสิ่งที่ชอบชีวิตก็คุ้มค่าและ🛹ชีวิตที่อิสระเราจะโบยบินกันต่อไปพรุ่งนี้ไปต่อยมวยต่อกิจกรรมตอบโจทย์ทุกความเป็นรถเมล์,1
ชอบชีวิตแบบนี้ชีวิตที่อิสระไม่มีใครมาคอยชี้นิ้วสั่งรายได้ขึ้นอยู่ที่ความสามารถของเราเองและความขยันอดทนที่เรามีจะนอนตอนไหนจะกินตอนไหนจะเที่ยวเมื่อไหร่ก็ฟรีสไตล์ฉันชอบแบบนี้,1
ไม่มีอะไรที่เราคิดแล้วจะเป็นอย่างที่หวังได้ทุกอย่างหรอกใช้ชีวิตให้มีความสุขได้ทุกวันก็พอแล้วอนาคตจะเป็นอย่างไรก็ต้องดูกันต่อไปชีวิตที่อิสระ,1
ทุกวันพี่นอนน้อยแต่วันนี้พี่ไม่ได้นอนชีวิตที่อิสระทำงานทั้งวันทั้งคืนไม่นอนก็ได้นะจ๊ะ,1
วันนี้มีโอกาสเข้าเมืองหลังจากไม่ได้ไปมานานอากาศดีไม่ร้อนเลยแวะซื้อเจ๊ดาปูดองเกี๊ยวกุ้งจกโต๊ะเดียวกินหมดเร็วมากลืมถ่ายรูปคือดีดีดีเต็มไม่หักราคาทั้งสองร้านอาจจะสูงไปนิดนึงแต่ดีมว๊ากเยาวราชเงียบเหงาไปเยอะเลยร้านต่างๆที่เคยต่อเเถวยาวๆตอนนี้ไม่ต้องต่อเเล้วอยากให้เศรษฐกิจดีขึ้นไวๆทุกคนจะได้ทำมาหากินได้คล่องแบบเดิมชีวิตที่อิสระ,1
การอยากมีครอบครัวก็ว่ายากแล้วแต่การมีครอบที่ดีมันยากยิ่งกว่าถ้าเรายังไม่พร้อมก็ยังไม่ต้องมีดีที่สุดเพราะถ้ามีแล้วมันไม่ดีก็อย่ามีดีกว่าเราควรอยู่คนเดียวน่าจะดีที่สุดชีวิตที่อิสระสุขอยู่กับเราไม่นานทุกข์ก็อยู่กับเราไม่นาน,1
ในวันที่อากาศแจ่มใสพักผ่อนยังไงให้มีเงินเข้ากระเป๋าขอบคุณชุดสวยๆจากร้านสนใจชุดสวยๆเชิญได้นะคะขอบคุณทุกๆยอดโอนนะคะชีวิตมีค้าออนไลน์ชีวิตที่อิสระ,1
ทุกการเดินทางมอบประสบการณ์ดีดีให้เราเสมอชีวิตที่อิสระธุรกิจออนไลน์อะโทมี่ธุรกิจที่ยั่งยืนอะโทมี่ธุรกิจครอบครัว,1
ชีวิตที่อิสระคือการที่ไม่มีใครรู้จักว่าเราคือใครไปซื้อของซื้อกับข้าวแม่ก้าป้อก้ากะจะถามว่าอ้ายเอาอะหยังลูกเอาอะหยังหล้าเอาอะหยังบ่ต้องมีตำแหน่งมานำหน้าชื่ออบอุ่นเป๋นกั๋นเองดีครับ,1
เราไม่ได้เลือกสิ่งที่ง่ายเราเลือกสิ้งที่เราต้องการชีวิตที่อิสระ,1
เข้าป่าหนีโควิดวันนี้ยายดีมัวแต่สอดส่ายสายตามองหาเห็ดไม่ได้แบกหลานเลยใบไม้เปลี่ยนสีสวยงามที่สุดอยู่กับธรรมชาติอยู่กับคนที่เรารักที่สุดมีความสุขที่สุดไม่กล้าเก็บจ้าเห็ดกลัวตายช่องยายดีมีเรื่องเล่าความสุขของยายดีชีวิตที่อิสระ,1
คนโสดจะไปไหนก็ได้จะเที่ยวไหนก็ไปจะนอนไหนนอนกะใครก็ได้จริงไหมไม่ผิดใช่ไหมเนอะ️ชีวิตที่อิสระทีมโสด,1
ฉันสูญเสียความเป็นตัวเองมานานเท่าไรแล้วนะชีวิตที่อิสระความโสดที่แสนสนุกฉันรักชีวิตแบบนั้นจริงๆมูฟออนแล้วกลับมาขยันขายของขยันปลูกผักขยันทำงานเหมือนแต่ก่อนได้แล้วสุดาชีวิตโสดมันโครตจะดี,1
เสร็จจากผักชีเราก็มาต่อกันที่คื่นช่ายกับโปรเจคใหม่ของผมสารพัดแปลงผักบนเนินเขาชีวิตที่อิสระผมจอนห์ชาวไร่คนป่าคนดง,1
ใช้ชีวิตอิสระให้พอแล้วคนที่ดีพอสำหรับเราจะเข้ามาเองชีวิตคือการเดินทางชีวิตคือการเรียนรู้ชีวิตที่อิสระ,1
ยุคนี้หาเงิไม่ยากอย่างที่คิดนะคะเพราะอยู่ที่ไหนก็ทำงๅได้งิเข้ารัวๆๆค่ะซิสแม่เดียวมานาชีวิตที่อิสระ,1
ชีวิตที่อิสระคือความสุขที่แท้จริงดอยกว่างน่าน,1
ระยองฮิสั้นคลองวาฬฮิใหญ่ชีวิตที่อิสระชีวิตที่เร่ร่อนค่ำไหนนอนนั่น,1
มาเด้อกินข้าวนำกันจ้าซุปมะเขือแกงทูนจ้าอาหารบ้านแต่แซ่บถูกปากจ้าอยากกินได้กินชีวิตที่อิสระกับ,1
คุณไม่มีทางที่จะเป็นที่ถูกใจของคนทั้งโลกหรอกชีวิตที่อิสระวันสบายๆ,1
ชีวิตที่อิสระปาร์ตี้เล็กส่งท้ายปีเก่าขอให้โชคดีในปีใหม่ทุกคนครับ,1
ดูรูปเก่าๆคิดถึงจังนังแหมบไอ่แสบเมืองนนท์ชีวิตที่อิสระเพียงแค่เดือนมันดีมาก,1
ชอบนะชีวิตໂສດมันเป็นชีวิตที่อิสระอยากไปไหนก็ไปสุดท้ายเหงาตายปานไก่น้อยเปนเศร้า,1
ชีวิตที่อิสระอยู่แบบไม่ต้องใส่หน้ากากเข้าหากันก็อยู่ตามธรรมชาติบ้านเราเนี่ยแหละครับ,1
ผู้หญิงทำมาหากินอิช่างขนโควิดก็มางานก็ต้องทำเงินก็ต้องหาค่ายารักษาสุขภาพก็ต้องมีช่วงนี้ร้อนค่ะร้อนเงินทำงานเหมือนร้อนเงินเลยอย่าว่าพี่น๊าพี่หาตังเอฟผ้าว่าแต่เดือนนี้พี่ควรงดเอฟผ้าก่อนนะคะเพราะเงินพี่หมดแล้วตั้งแต่ต้นเดือนอิหดูเพิ่มเติม,1
ที่ปรึกษาทำได้แค่ชี้ทางส่วนคนที่ต้องเดินไปตามทางนั้นคือตัวคุณเองชีวิตที่อิสระ,1
ยุบ้านกะกินสำนี้ละพี่น้องเอ้ยบ่ได้กินคือเขาดอกเลี้ยงปลากะกินปลาชีวิตที่อิสระ,1
ความรักเป็นสิ่งที่สวยงามเสมอแต่ใช่ว่าทุกคนจะเจอชีวิตที่อิสระชีวิตที่เฉยชา,1
ชีวิตที่อิสระชีวิตที่อ้างว้างเบาะข้างๆยังรอเธอเด๋วไปรับนะคนดีรอหน่อยนะที่รักยิ่งอยู่ยิ่งรวยยิ่งสวยขึ้นทุกวันบ้านหลังใหญ่ไทยประกัน,1
เข้าสวนเก็บมังคุดกับแม่มีผู้ติดตามมาด้วยเจ้าแต้มชีวิตที่อิสระ,1
ครึ่งนึงของชีวิตที่ใช้ไปแล้วเหลืออีกครึ่งนึงของชีวิตที่ต้องไปต่อชีวิตที่อิสระ,1
เริ่มใหม่แล้วไปต่อชีวิตที่อิสระ,1
ต้อนรับสมาชิกใหม่จ้าไอต้าวเหลืองเลี้ยงง่ายๆโตไวๆนะชีวิตที่อิสระคือความสุขที่แท้จริง,1
อย่าทิ้งคุณค่าของตัวเองเพียงเพราะคัยไม่เห็นค่าเลือกที่จะเดินออกมาดีกว่าชีวิตที่อิสระอย่าได้จองเวรกันอีกเรย,1
จัดไปหนึ่งผลงานครับสำหรับวันนี้ใครกลัวเหม็นมือรับจ้างแคว๊กครับชีวิตที่อิสระผู้ชายอินดี้,1
ไม่ต้องดีที่สุดสำหรับใครเพราะคำว่าดีต่อใจของคนเรามันต่างกันชีวิตที่อิสระ,1
ทุกวันนี้มีความสุขมากมายชีวิตดี้ดีชีวิตที่อิสระทำงานผ่อนคลายเที่ยวนอนชีวิตนี้ดี้ดีเอเย่นน้ำดื่มสามย่านสกิดมาได้นะครั,1
การซัพพอร์ตตัวเองในทุกๆๆเรื่องมันดีที่สุดแล้วชีวิตที่อิสระ,1
ไม่ได้เป็นในแบบที่ใครต้องการแต่เป็นในแบบที่ผมต้องการชีวิตที่อิสระ,1
ชีวิตที่อิสระแต่มีมิตรแท้เคียงข้างโควิดเป็นเห็นสังเกตุได้,1
การออกเจอโลกที่กว้างขึ้นมันจะทำให้เราแข็งแกร่งขึ้นออกนอกกรอบบ้างชีวิตที่อิสระ,1
ถ้าพี่ไม่ชอบเลี้ยงแมวงั้นหันมาเลี้ยงหนูก็ได้นะชีวิตที่อิสระ,1
ชีวิตจะอยู่ในกรอปเฉพาะเวลาทำงานส่วนอยู่บ้านก็คือชีวิตที่อิสระ,1
ชีวิตที่อิสระไม่ต้องเป็นภาระใครไม่ต้องคอยห่วงใครรักตัวเองให้มากจะได้ไม่เจ็บอีกจำไว้ฝันดีจ้าจุ๊บบๆ,1
อยากไปเที่ยวแบบไร้สาระแต่เงินและฐานะไม่เป็นใจทำงานวนไปชีวิตที่อิสระว่างแหละ,1
วันที่ใจเราไม่เเข็งก็ยังโชคดีที่คอเรายังเเข็งอยู่ชีวิตที่อิสระ,1
ร้อนๆแบบนี้ต้องอาบน้ำอย่างเดียวเนเวอร์ดายชีวิตที่อิสระ,1
เสดภารกิจแล้วก้อจัดไปอีกมื้อเบาๆชีวิตที่อิสระเนเวอร์ดาย,1
เดินฝ่าสายฝนมาเพื่อสิ่งนี้ไวน์อิตาลีโชคดีที่ห้างใหญ่ที่สุดในขอนแก่นอยู่ติดกับคอนโดฉันก็สนุกกับการเดินมาทำธุระและมาชอปปิ้งที่นี่ทุกวันชีวิตที่อิสระ,1
ยอมจ่ายด้วยความเหนื่อยล้าเพื่อได้กำไรมาซึ่งควาสุขชีวิตที่อิสระครอบครัวสองล้อพอเพียงทริปทองผาภูมิกาญจนบุรีวัดท่าขนุนน้ำตกผาตาดเนินผาสวรรค์ปิดทริปรอบหน้าว่ากันไหม่โครตมัน,1
ตามประสาคนโสดรวยเนาะซื้อเหล้ามาไว้กินเป็นลังชีวิตที่อิสระนอนแล้วบ่ไหว,1
คิดถึงวันเก่าๆกับการเดินทางที่ยาวนานทริปรวมภาคภาคระคนรวมตัวกันแบบงงในดงสุราษฏร์ธานีชีวิตที่อิสระ,1
ออกนอกบ้านน้องข้าวปั้นก็จะอารมณ์ดีหน่อยไม่ได้ฝันว่าจะมีครอบครัวที่สมบูรณ์แบบมีแต่ฝันว่ามีครอบครัวที่มีสุขครอบครัวเนเวอร์ดายชีวิตที่อิสระ,1
ท้องฟ้ากับสายลมเป็นอะไรที่เข้ากันได้ดีมากๆพอมองทีไรรู้สึกว่าแม่งโครตอิสระเลยชีวิตที่อิสระผลลัพธ์จากธุรกิจออนไลน์ของโค้ชหมีคอนโดกลางเมืองหาดใหญ่รถ,1
ยังไม่จบต่อได้อีกวันคือนะฉันไม่สวยในสายตาพวกเจ้าลงภาพอะไรกะเป็นขัดหูขัดตาในใจแล้วเอาไปเม้าทั้งที่ชีวิตฉันเรื่องของฉันลงเฟสฉันไม่เคยแท้กใครให้เสียนิ้วแต่ฉันกะจะคงสวยในสายตาคนที่ชอบฉันก็พอจิตที่อิจฉาริษยาเทียวเบ้ปากคนไม่เป็นสุขคือตัวคุณเองส่วนฉันฟินๆๆและยังชิวๆๆไปต่อได้หาเงินใช้เองหุงข้าวกินเองชีวิตที่อิสระ,1
ถึงบ้านเเล้วใช้เวลาชั่วโมงที่เเปลกใจคือคนที่นี่ไม่ใส่หน้าเเมสบางคนใส่บางคนไม่ใส่เเล้วก็ไม่มีเครื่องวัดอุณหภูมิตามร้านค้าเดินเข้าไปได้เลยเเละคนที่นี้คุยกันเรื่องฉีดวัคซีนเข็มที่เเล้วอีกอย่างไม่ได้กักตัวเดินออกมาขึ้นรถกลับบ้านเเล้วชุมชนที่บ้านก็ไม่ได้มานั่งมองว่าคนนั้นคนนี้เดินทางมาจากไหนคนในครอบครัวก็ไม่มีใครเเสดงทาทีว่ารังเกียจเขาไม่ใส่เเมสเเต่เราใส่ทุกอย่างกลับมาเปิดปกติชีวิตที่อิสระ,1
เคยนั่งคุยกับตัวเองกันปะว่าปัจจุบันทำไมถึงมาอยู่จุดนี้ได้วงการออนไลน์ร้อยเปอร์เซ็นตองเคยนั่งคุยนะหาบทสรุปให้ชีวิตตัวเองชีวิตที่อิสระแต่มันก็ต้องแลกมาด้วยเวลาความอดทนกล้าเริ่มต้นการพัฒนาตัวเองใดๆต้องโคตรถึกอะดูเพิ่มเติมกับ,1
ชีวิตที่อิสระปีในการทำงานไม่เลยได้ไปเที่ยวไหนแต่วันนี้แค่เราเปลี่ยนงานมอบโอกาสใหม่กับสิ่งใหม่ทำให้เราได้ใช้ชีวิตให้คุ้มค่าชีวิตที่อิสระ,1
แกงหน่อไม้ร้อนๆตำหมากหุ่งเผ็ดๆลาบปลาคือสิแซบชีวิตที่อิสระกับ,1
ความสุขไม่ใช่การมีครบทุกอย่างแต่ความสุขคือการปล่อยผ่านสิ่งที่ไม่จำเป็นเราถือเวลาชั่วโมงเท่าๆกันอยู่ที่เราจะเอามันไปทำอะไรทำให้ตัวเองมีความสุขหรือทำลายความรู้สึกตัวเองจงมีความสุขในแบบที่ตัวเราเป็นชีวิตที่เราเลือกได้ชีวิตที่อิสระ,1
ลงให้ครบใครว่าอ้วนจะตามไปเผาบ้านนะจ๊ะวันพุธว่างนะจะไปทะเลหาแนวร่วมชีวิตที่อิสระต่อทุกอย่างขอบคุณโลกใบนี้ที่ทำให้หนูรู้จักมัน,1
ชีวิตคนเรานั้นมีขึ้นมีลงถ้าให้ได้ขึ้นนะจะไม่ยอมลงเลยเอาเชือกมัดไว้ทีกลัวตกความจนมันน่ากลัวชีวิตที่อิสระ,1
เริ่มนับถอยหลังแล้วนะชีวิตที่อิสระ,1
อยู่กับกราฟกับงานหลังบ้านทั้งวันคลายเครียดนิดชีวิตที่อิสระชีวิตติดโซเชียลผมไม่เคยบังคับชีวิตใคร,1
ผมไม่ใช่เจ้าของชีวิตอิสระความเป็นส่วนตัวผมก็ไม่ใช่เจ้าของผมไม่มีสิทธิห้ามชีวิตที่อิสระ,1
ทุกวันนี้ไม่ว่าจะมีเวลาน้อยสักแค่ไหนก็ต้องโพสต์ขๅยของใจมันรักทางด้านนี้ไปแล้วงานง่ายๆสบายๆเป็นนายตัวเองขยันมากก็ได้มากอดทนให้มากแล้วทุกอย่างจะมากตามชีวิตที่อิสระแต่ถ้าไม่มีหนี้จะสุขกว่านี้กร๊าก,1
คิดถึงตอนเรียนปีเรียนเสร็จเปลี่ยนชุดออกไปวิ่งออกกำลังกายรอบบึงแก่นกับเพื่อนวิ่งไปแนมเบิ่งผู้บ่าวไปพอวิ่งเสร็จก็หากินหมูกระทะกินข้าวกินนมปั่นรอบริมบึงชีวิตที่อิสระชีวิตที่มีความสุขมากช่วงหนึ่ง,1
ระบบที่ทำได้ด้วยตัวเองลองมานั่งคำนวณดูถึงกับตกใจเฮ่ยมันง่ายมากแค่วันละจากสู่ล้านง่ายๆแค่ปลายนิ้วด้วยระบบดอกเบี้ยทบต้นชีวิตที่พอเพียงชีวิตที่อิสระ,1
ข้อดีของการไม่มีใครคืออยากทำอะไรก้อได้ทำชีวิตที่อิสระเต็มแขนต้องมาอย่าวัดค่าคนแค่รอยสักช่างปอง,1
ขอให้ครอบครัวข้าพเจ้าและยายหมอนหายไวๆจงหมดทุกข์หมดโศกหมดโรคหมดภัยการงานกิจการรุเรืองๆสาธุสาธุชีวิตที่อิสระ,1
นึกว่าตัวเองอยู่กลุ่มเสี่ยงที่ไหนได้อยู่กลุ่มโสดชีวิตที่อิสระ,1
ทำงานอะไรดีที่สามารถเดินทางได้เที่ยวได้ตลอดทั้งปีบางช่วงเวลาก็แค่ต้องการชีวิตที่อิสระ,1
อยู่แบบนี้ก็สบายใจดีไม่วุ่นวายไม่มีเพื่อนร่วมงานมีแต่ลูกค้าที่น่ารักเนี่ยแหละชีวิตที่อิสระเป็นนายตัวเองจะหยุดจะพักเมื่อไรก็ได้ก๋วยจั๊บวัดยายร่ม,1
เเค่หมาหน้าเซเว่นรอคอยความเย็นโชยมาชื่นใจทรงโจรขอเท่เเบบจ๊าบๆชีวิตที่อิสระ,1
หมู่จนได้ลูกเบิดละเฮายังอยู่หม่องเก่าอยู่มาดฐานคักชีวิตที่อิสระใช้เถอะความสุขของเรา,1
ชีวิตมันเป็นของเราอย่าไปเดินตามเงาของใครชีวิตที่อิสระค่ายเล็กๆเด็กทำ,1
อย่ากลัวการอยู่คนเดียวรึไปไหนมาไหนคนเดียวเพราะมันสิ่งดีๆซ่อนอยู่โดยที่พวกมีผัวไม่รู้ว่ามันเป็นยังไงชีวิตที่อิสระบ่บุขอบคุณป้าร้านนมที่ถ่ายรูปสวยๆ,1
ช่วยป้าแทงปามล์เสดก้อเติมพลังมื้อเที่ยงครับเนเวอร์ดายชีวิตที่อิสระ,1
บรรยากาศยามเย็นนั่งดูวัวกินหญ้าเพลินๆใครจะสุขเท่าเราเนาะพี่น้องเนาะอาชีพอิสระเป็นเจ้านายตัวเอง,1
เรียนไม่จบค่ะจบมได้ผัวค่ะแต่งานที่ทำวันได้มากหวาเงินเดือนมึงทั้งเดือนอีกอาชีพอิสระใครไม่คบอย่าคบไม่แหลงอย่าแหลงเอาแต่คนที่จริงใจกันกูไม่แคร์,1
เมื่อวานรับบทแม่ป่วยรอลูกชายรับบทโดยคุณพีชพชรมาเยี่ยมแม่มาเช็ดตัวให้แม่น้องน่ารักเป็นกันเองมากเสียดายไม่มีโอกาสได้ถ่ายรูปด้วยกันสูงวัยไม่ใช่ปัญหาอาชีพอิสระ,1
ฝนหมดเราก็ลงมือกันต่ออาชีพอิสระจากพ่อแม่ปู่ย่าตายายตกสู่ลูกหลานรุ่นแล้วรุ่นเล่ายังตัดไม่เป็นหรอกเป็นลูกมือช่วยพ่อเก็บน้ำยางไปก่อนได้เช้าละร้อยครึ่งร้อยก็ดีแล้วอาชีพอิสระกรีดยางวิถีบ้านนอก,1
คนมันไม่มีทุกข์จะไม่ให้มีความสุขได้อย่างไงเป็นเจ้านายตัวเองอาชีพอิสระบราห์มันลูกผสม,1
ชีวิตคนมีค่ากว่าจะได้โบนัสสิ้นปีกว่าจะได้คอมมีชชั่นทุกบาททุกสตังค์ต้องเคลียร์แบบนี้ทุกๆเดือนเดือนนี้หนักสุดก็ค่าเหล้าฮาเนี๊ยะ🍺ต้นทุนคือความขยันผลตอบแทนคือกำไรอาชีพอิสระ,1
ทุกเช้าที่ตื่นส่องกระจกแล้วบอกตัวเองว่าเธอมันแน่เธอมันเก่งเธอมันแกร่งเธอมันสู้เธอมันอดทนเธอมันยอดเยี่ยมที่สุดเลยเว้ยยไอ้แจนไม่มีกำลังใจจากไหนมีพลังบวกได้เท่ากำลังใจจากตัวเองให้ตัวเอคิดบวกทำบวกชีวิตบวกแจนนี๊สเปิดล้านละค้าาบ,1
ไม่มีอาชีพไหนต่ำต้อยมีแต่ความคิดเราต่างหากที่ต้อยต่ำเลิกคิดลบๆได้ชีวิตก็เช่นกันคิดบวกทำบวกชีวิตคิดบวกชีวิตบวกพิ้งค์,1
ใช้ชีวิตแบบคนคิดบวกโคตรมีความสุขไม่อิจฉาใครไม่บูลี่ใครไม่กล่าวอ้างถึงใครมองทดูเพิ่มเติมรู้สึกเบิกบานที่,1
เสียดายวันนี้ฟ้าปิดแต่ยังคงสวยงามมาที่นี่ครั้งก็ยังไม่เบื่อ,1
สาธุคติธรรมคำสอนเตือนสติสอนใจครับชีวิตที่มีความสุขอย่างสมบูรณ์แบบคือชีวิตที่ไม่เดินตามแบบชีวิตคนอื่นการอยู่อย่างเพียงพอไม่เดินตามใครไม่วิ่งตามวัตถุใดไม่เลียนแบบใครอยู่แบบสบายพอใจในสิ่งที่เรามียินดีกับสิ่งที่ได้นี่คือความสุขของชีวิตที่ลิขิตได้ด้วยใจเราหัวใจนักรบอยู่ที่กระบี่,1
ธรรมะกับชีวิตตอนชีวิตที่มีความสุขคือชีวิตที่ได้มีโอกาศได้ทำบุญได้สร้างความดีได้เป็นผู้ให้แล้วท่านล่ะต้องการมีชีวิตที่มีความสุขแบบใดขอให้สมปรารถนาทุกๆท่านเทอญวันนี้เขียนสั้นๆรู้สึกเหนื่อยมากค่ะ,1
ชีวิตที่มีความสุขคือชีวิตที่ได้มีโอกาศได้ทำบุญได้สร้างความดีได้เป็นผู้ให้แล้วท่านล่ะต้องการมีชีวิตที่มีความสุขแบบใดขอให้สมปรารถนาทุกๆท่านเทอญ,1
ชีวิตม่วนๆแบบจาวนาบ้านเฮาโดยไอ้หนุ่มหล่ายดอยชาวนาทำนาไอ้หนุ่มหล่ายดอยวิถีชีวิตชีวิตที่มีความสุข,1
เราไม่ได้ต้องการชีวิตที่หรูหราเราแค่ต้องการชีวิตที่มีความสุข,1
วันหยุดของฉันอยู่ธรรมชาติบ้านสวนของฉันนั่งมอยเก็บมะกอกไว้ตำบักหุ่งชีวิตที่มีความสุข,1
ชีวิตที่มีความสุขมีสองวิธีที่จะมีชีวิตอย่างมีความสุขไม่อยู่ในหัวใจของบางคนก็จงอยู่ในการขอพรของอีกบางคนของขวัญที่สมบูรณ์ที่สุดของพระเจ้าคือชีวิตที่วางพื้นฐานอยู่บนความรู้อิมามอะลีอ,1
ชีวิตที่มีความสุขคือชีวิตที่อนุญาตให้ตัวเองมีเวลาเที่ยว,1
โบราณเขาว่าคนหล่อมักอยากมีลูกเยอะหืมชัวร์หรอคนที่ก้ยังอยากได้ลูกชายอีกสดใสวันประชุมสภาสทลูกดกชีวิตที่มีความสุขครอบครัวอบอุ่น,1
เมื่อครอบครัวตัวอ้นพากันมาออกกำลังกายยามเช้าชีวิตเรียบง่ายชีวิตที่มีความสุข,1
ใช้ชีวิตสบายๆตังค์ไม่มีกินพืชกินผักเรียบง่ายอยากกินอะไรเซเว่นไม่ต้องบิ๊กซีไม่ต้องอยากกินหาเองชีวิตที่มีความสุขไม่จำเป็นต้องเหมือนใครสบายๆ🥷,1
ฉันไม่ได้ต้องการชีวิตที่สมบูรณ์แบบฉันต้องการเพียงแค่ชีวิตที่มีความสุขวันหยุดแสนสุขเทอคือความสุขของฉัน,1
ชีวิตที่มีความสุขวัดค่าได้จากรอยยิ้มสุขสันต์วันเกิดนะพ่อมึงสุขภาพร่างกายแข็งแรงขอให้รักษาลมหายใจให้ได้นานที่สุดมีเมียแก่อย่าไปคิดมากรักเสมอ,1
ชีวิตที่มีความสุขคือชีวิตที่เราไม่ต้องฝืนทำอะไรที่มันขัดต่อใจของเราคิดทำอะไรที่มันเป็นสิ่งที่ถูกต้องและต้องทำในสิ่งที่ดีฉันมีความสุขกับงานที่ทำเลิกงานกลับบ้านเจอคนที่รอเราอยู่ที่บ้านพ่อกับแม่งัยล่ะจ๊ะแค่นี้ฉันก้อมีความสุขที่สุดแล้วอย่าเอาชีวิตฉันไปเปรียบเทียบกับใครไม่ได้ปิดบังอยากรู้ให้ถามฝากไว้ให้คิด,1
ชอบเขาก็เลือกเขาเถอะครับส่วนผมเลือกทะเลอยากเล่นน้ำชีวิตที่มีความสุขคือชีวิตที่อนุญาตให้ตัวเองมีเวลา,1
ชีวิตที่มีความสุขคือชีวิตที่อนุญาติให้ตัวเองมีเวลาผ่อนคลายบ้าง,1
ชีวิตที่มีความสุขมีแต่สิ่งดีๆนะคะขอให้ทุกคนมีความสุขในช่วงเทศกาลสิ้นปีและตลอดไป,1
ขอให้มีแต่สิ่งดีๆเข้ามาในชีวิตนัองแพรสุขสันต์วันเกิด,1
มีแต่สิ่งดีๆและเรื่องที่ทำให้เราชื่นใจกราบขอบพระคุณพี่สาวใจดีที่เมตตารับเลี้ยงน้องนะคะ,1
ติวเช้า&บ่าย&เวรประจำวันหยุดอีกควบจ้ามีแต่สิ่งดีๆเข้ามาคนจังอย่าเข้ามาเด้อข่อยจังกว่าเจอตอตีตาแตกตายเด่,1
สุขสันต์วันเกิดอลินหลานยายจ๋าขอให้เป็นเด็กดีมีความสุขขอให้มีสุขภาพแข็งแรงขอให้เป็นที่รักของคนรอบข้างคิดหวังสิ่งใดขอให้สมปรารถนามีแต่สิ่งดีๆเข้ามาในชีวิตเติบโตขึ้นมาเป็นคนดีของสังคมขวบแล้วโตเร็วจังเนอะอลินหลานยายจ๋าอลินหลานสาวคนแรก,1
แวะมาต้มไข่ให้ลูกสาวบำรุงคุณแม่มือใหม่จะได้มีน้ำนมและสารอาหารดีๆให้กับลูกวันนี้มีคนมาขอซื้ออีกแล้วไม่ขายน้องนะค่ะมีตัวเดียวลงทุนกับน้องไม่เคยผิดหวังทำคุณกับคนไม่ค่อยขึ้นให้สัตว์สี่ขาทีไรมีแต่สิ่งดีๆบำรุงไข่ผสมอาหารวันละมื้อ,1
ผู้สาวทางอื่นสะสมหยังบ่รู้กูเน้นสะสมพระมีแต่สิ่งดีๆร่ำรวยโรคภัยอย่าได้มีศัตรูแพ้พ่า,1
ขอขมาพระแม่คงคาขอให้ลูกหายจากโรคภัยไข้เจ็บทั้งหมดทั้งปวงมีแต่สิ่งดีๆเข้ามาในชีวิตตลอดไปสาธุๆๆ,1
วันนี้ได้ฤกษ์ไหว้สิ่งศักดิ์สิทธิ์ในบ้านไหว้เจ้าที่เจ้าทางไหว้แม่ย่านางรถทำบุญถวายสังฆทานบนได้ไหว้รับบ้านเลขที่เต็มๆบ้านนี้อยู่แล้วรวยอยู่แล้วดีมีแต่สิ่งดีๆขอยอดขายปังๆด้วยนะค่ะ,1
ใส่บาตรพระเช้าสะสมบุญบารมีมีแต่สิ่งดีๆเข้ามาในชีวิต,1
ผ่านไปได้อีกครึ่งปีล่ะขอบคุณสำหรับทุกเรื่องราวที่ผ่านเข้ามาในชีวิตเรามีทั้งดีและไม่ดีทั้งในอดีตและปัจจุบันทั้งหมดนี้ทำให้เราเป็นอย่างที่เราเป็นในทุกวันนี้เรื่องดีๆสิ่งดีๆให้ความสุขใจและให้กำลังใจเรื่องไม่ดีสิ่งร้ายๆให้บทเรียนที่ดีทั้งเรียนรู้เรื่องความผิดพลาดและทำให้รู้ถึงคุณค่าของสิ่งดีๆที่มีอยู่สิ่งไหนดีเก็บไว้จำไว้สิ่งไหนร้ายจำเป็นบทเรียนแล้วปล่อยมันไปอย่าพร่ำบ่นตัดพ้อต่อใครๆสิ่งใดๆที่แย่ๆแต่จงขอบคุณขอบคุณและขอบคุณสำหรับบทเรียนที่ดีๆในทุกๆวันขอให้ครึ่งปีหลังนี้มีแต่สิ่งดีๆนะค่ะอักษรคอยออกเสียงสวัสดีวันพฤหัสบดี,1
สิ่งอะไรที่ไม่ดีก็ขอให้ผ่านพ้นไปจงมีแต่สิ่งที่ดีเข้ามาในชีวิตเงินทองอย่าได้ขัดสนคิดอะไรก็ให้สมหวังดั่งใจหมายมีความสุขกับชีวิตจะทำอะไรก็ขอให้ดีขึ้นดีขึ้นผ่านความลำบากมาแล้วก็ขอให้ผ่านไปสุขสบายกับวันข้างหน้ามีชีวิตและการงานที่ดีขึ้นไปเรื่อยขอให้ตัวเองมีความสุกมากๆมีแต่สิ่งดีๆสมปราถนาที่หวังไว้ขอบคุนเพื่อนๆมากๆนะสุดท้ายนี้ขอบคุนครอบครัวและเพื่อนๆที่คอยให้กำลังใจ,1
วันนี้น้องชายเป็นผู้บริหารอย่างเป็นทางการดีใจกับสิ่งที่น้องเลือกขอให้ทำงานในบทบาทด้วยความถูกต้องรับผิดชอบอ่อนน้อมถ่อมตัวเป็นผู้ให้มากกว่าผู้รับแบบนี้ตลอดไปการทำอะไรตามบทบาทไม่ก้าวล่วงโดยไม่หวังสิ่งตอบแทนส่วนตนดีผู้บริหารต้องรู้เรื่องงานตนเองแต่ไม่จำเป็นต้องพูดทั้งหมดผู้บริหารจะก้าวหน้าเพราะมีทีมงานที่ดีที่ไม่ดีก็ห้ามข้ามนะอัยยะสอนเด็กมีแต่สิ่งดีๆรักน้อง,1
ปีนี้ถือว่าสาหัสมากหลังจากวันนี้ไปขอให้เรามีแต่ความสุขมีแต่รอยยิ้มมีแต่สิ่งดีๆเรื่องดีๆเข้ามาในชีวิตใครยังยุก็ขอบใจใครจากไปก็ขอบคุนวันเกิดจัดย้อนหลังเสาทินี้นะงับแร้วพบกันเพื่อนพี่น้องอันเปนทิรักก,1
ขอบคุณมากนะคร่ะทุกๆคนด้วยนะคร่ะขอให้ทุกคนเฮงๆปังๆรวยทำกิจการก้อขอให้เจริญก้าวน่าทุกๆคนด้วยนะคร่ามีแต่คำว่าเจริญเจริญยิ่งๆขึ้นไปเถิดขอบใจนะอีพี่สาวกทำกันได้ไงที่นี้ทำเองายเองนักเลงพอมีแต่สิ่งดีๆจบแบบสวยๆวันอังคารของฉันปลาย่างกุ้งย่าง,1
ลอยกระทงขอขมาพระแม่คงคาหมดทุกข์หมดโศกมีแต่สิ่งดีๆ,1
️ขอบคุณสำหรับทุกเรื่องราวที่ผ่านเข้ามาในชีวิตของเราขอให้ครึ่งปีหลังนี้มีแต่สิ่งดีๆเรื่องดีๆให้เป็นความสุขให้กำลังใจกันและกัน,1
วันสุดท้ายของปีแร้วนะเก่งมากๆเลยนะเหนื่อยบ้างท้อบ้างร้องไห้บ้างแต่ก็สู้จนผ่านมันมาได้นับจากนี้ขอให้มีแต่เรื่องดีๆเกิดขึ้นมีแต่ร้อยยิ้มมีแต่ความสุขมีแต่สิ่งดีๆคนดีๆเข้ามาในชีวิตเรื่องที่ไม่ดีเรื่องที่ทำให้เสียใจก็ขอให้หมดไปนับจากวันนี้,1
กลับบ้านมาก็หายร้อนหายคิดถึงรักดีๆขอบคุณที่เธอรักกันมีแต่สิ่งดีๆ,1
สิ่งใหนที่ไม่ดีจงลอยออกไปมีแต่สิ่งดีๆเข้ามา,1
ครั้งหนึ่งที่เจ็บที่สุดต่อไปมีแต่สิ่งดีในชีวิตและครอบครัวตัวเล็กมีครอบครัวดีมีลูกดีมีน้องดีมีคนรักดีมีเพื่อนๆพี่ๆที่ดีมีแต่สิ่งดีๆมีลูกค้าดีขายของดี,1
ไหว้พระก่อนเปิดร้านพรุ่งนี้เฮงๆปังๆรวยๆสาธุมีแต่สิ่งดีๆ,1
เค้าดาวอาจรอสิ้นปีแต่เค้าอยู่ตรงนี้ไม่ต้องรอแล้วโสดข้ามปีนับจากนี้ขอให้มีแต่เรื่องดีๆเกิดขึ้นนะมีแต่รอยยิ้มมีแต่ความสุขมีแต่สิ่งดีๆคนดีๆเข้ามาในชีวิตสาธุขอบคุณครอบครัวที่อยู่กับเราตลอด,1
ไหว้พระทำบุญมีแต่สิ่งดีๆเข้ามาสาธุสาธุสาธุ,1
ชั้นแก่ขึ้นอีกปีแล้วหรอชั้นขอให้สิ่งที่กำลังจะเกิดขึ้นกับชั้นมีแต่สิ่งดีๆ,1
ผ่านไปได้อีกครึ่งปีนะสำหรับผลงานมิยสาขาปิดเป้าได้ทั้งด้านขอบคุณลูกค้าที่ไว้วางใจขอบคุณพาร์ทเนอร์และขอบคุณทีมงานคนสวยสวยใบเฟิร์นศราวดีอภิษฎาเราต้องพบกับการแข่งขันทุกวันและการแข่งขันนั้นคือการเอาชนะเป้าหมายที่ตัวเองตั้งไว้ขอให้ครึ่งปีหลังนี้มีแต่สิ่งดีๆ,1
สุขสันต์วันเกิดนะปวิณาเป็นวันเกิดที่พิเศษกว่าทุกปีมีคนพิเศษเพิ่มมาอีกคนขอบพระคุณพ่อแม่ที่ให้ชีวิตสุดแสนสบายกับลูกคนนี้ขอให้พ่อแม่อายุยืนอยู่เป็นร่มโพธิ์ร่มไทรให้ลูกกับหลานไปนานๆสิ่งใดที่ลูกเคยล่วงเกินทั้งรู้ก็ดีไม่รู้ก็ดีลูกขอโทษพ่อกับแม่ด้วยนะคะและปีนี้โตขึ้นอีกปีแล้วขอให้สิ่งดีๆที่ลูกได้ทำลงไปส่งผลให้ชีวิตครอบครัวของลูกมีแต่ความสุขความเจริญปราศจากโลกภัยไข้เจ็บมีแต่สิ่งดีๆแก่ขึ้นอีกปีรักนะปวิณา,1
สวัสดีเดือนธันวาคมขอให้เป็นเดือนที่ดีมีแต่สิ่งดีๆเข้ามาในชีวิตเฮงๆๆรวยๆๆปังๆขุนเข่าสมุนไพรราชาสมุนไพร,1
สวัสดีเดือนเกิดเริ่มต้นเดือนใหม่มีแต่สิ่งดีๆการงานการเงินโชคลาภครอบครัวสุขภาพการเดินทางปลอดภัยขอให้อย่ามีอุปสรรคและความอันตรายอีกเลย,1
เป็นวันเริ่มต้นปีใหม่ฉลูวัวผู้แสนดีขอให้ทั้งปีเป็นปีที่ดีมีแต่สุขไม่มีทุกข์มีแต่สิ่งดีๆมีแต่กัลยาณมิตรดีๆผ่านเข้ามาในชีวิตไม่เจ็บไม่จนเฮงๆรวยๆครอบครัวมีสุขแข็งแรงสดใสขอให้กัลยาณมิตรทุกๆท่านแข็งแรงร่ำรวยมีความสุข,1
คุณอนุสรณ์ขอแสดงความยินดีด้วยนะคะเฮงๆรวยๆจ้าขับขี่ปลอดภัยไปกับโตโยต้าของขวัญจากแซนต้าส่งท้ายปีมีแต่สิ่งดีๆ,1
เริ่มต้นเปิดศักราชใหม่มกราคมมีแต่สิ่งดีๆมีสุขสมหวังเจริญรุ่งเรืองมีโชคมีลาภหมดหนี้หมดสินเงินทองหลั่งไหลคิดหวังสิ่งใดก็ขอให้สมหวังทุกประการ,1
ขอให้หน้าหนาวเดินทางมาพร้อมกลับเรื่องราวดีๆมีแต่สิ่งดีๆ,1
แนวได่บ่ดีกะลอยไปนำกระทงซ่ะเด้อมีแต่สิ่งดีๆเข้ามาบัดนี้,1
สวัสดีค่ะปีใหม่นี้ขอให้มีสุขภาพแข็งแรงมีแต่ความสุขมีแต่สิ่งดีๆเข้ามาในชีวิตตลอดปีและตลอดไปนะคะ,1
เริ่มแก่แล้วสินะยังคิดว่าเมื่อวานยังเป็นนักศึกษายุเลยขอให้เป็นปีที่ดีมีแต่สิ่งดีๆมีแต่มิตรไม่มีมีภัยขอให้ผอมลงด้วยนะ,1
เราเกิดมาเป็นคนทั้งทีพึงเลือกชีวิตที่ดีที่งามที่จรรโลงใจเมื่อสิ่งใดความรู้สึกบอกว่าไม่ใช่ให้เดินออกมาและใช้ชีวิตของเราไหม่เพราะหัวใจและความรู้สึกไม่เคยโกหกเราอย่าทนอยู่อย่าโรคจิตอย่าทรมานตัวเองสุขง่ายง่ายด้วยใจแบ่งปัน,1
ขออนุญาตฝากร้านเล็กๆด้วยครับใครผ่านมาแถวพระรามแวะชิมกาแฟได้เลยนะครับบรรยากาศชิวๆพิกัดหน้าคอนโดพระรามครับเพราะหัวใจสีกาแฟ,1
ตังหมดคงต้องขายไตเพราะหัวใจไม่มีค่าพอ,1
พูดไม่ค่อยเก่งแต่รักหมดใจนพกิตติศักดิ์คณาสวัสดิ์สมาชิกสภาผู้แทนราษฎรจังหวัดมหาสารคามเขตพรรคเพื่อไทยมอบหมายให้มาบอกเก้าเล่าสิบเยี่ยมให้กำลังใจพบปะคุณพ่อคุณแม่อสมรพสตโนนภิบาลในการประชุมตัวแทนอสมและร่วมทำบุญใหญ่ด้วยครับเพราะหัวใจคือประชาชนหมอติ๋งมุ่งมั่นจริงใจรับใช้ประชาชนนพกิตติศักดิ์คณาสวัสดิ์สมาชิกสภาผู้แทนราษฎรจังหวัดมหาสารคามเขตพรรคเพื่อไทย,1
สวัสดีวันศุกร์โปรดอย่าล้อเล่นกับหัวใจเพราะหัวใจมีรักได้มีเจ็บเป็นมีความสุขทุกท่านครับ,1
คิดตลอดนะว่าต้องหาโอกาสใหม่ๆต้องสร้างโอกาสใหม่ๆชีวิตเราต้องไม่ใช่แบบนี้ไม่เอาแล้วชีวิตแบบเดิมๆทำงานผิดที่ปีก็ไม่รวยและมีสิ่งหนึ่งที่สำคัญคือการตอบแทนพระคุณผู้ให้ชีวิตและผู้เลี้ยงดูและผมยังมีอีกดวงใจที่ต้องดูแลไม่ว่าจะเจอกับอะไรก็ตามเพราะหัวใจดวงนี้ทำให้ชีวิตผมมีความหวังต่อไปและจะไม่ปล่อยมือจากความฝันของตัวเองแน่นอนคับ,1
เวลามีน้อยฉันขอใช้มันอย่างใจได้เธอมีรอยยิ้มและมีความรักมอบให้ใครถ้าหากต้องถึงวันสุดท้ายของลมหายใจจะไม่เสียดายเพราะหัวใจเพียงพอแล้วได้รักเธอ,1
หวังดีแล้วใด้อะไรแต่ก็ทำไปเพราะหัวใจคิดดี️️️,1
ตอนนี้ยังไม่ได้เป็นเจ้าของโครงการนะขายปิ้งย่างหม่าล่าหมี่โคราชขายน้ำขายของนิดๆหน่อยๆไปคิดตลอดนะว่าต้องหาโอกาสใหม่ๆต้องสร้างโอกาสใหม่ๆชีวิตเราต้องไม่ใช่แบบนี้และมีสิ่งหนึ่งที่สำคัญคือผมยังคงกุมหัวใจดวงนี้ไว้แน่นไม่ว่าจะเจอกับอะไรเพราะหัวใจดวงนี้ทำให้ชีวิตมีความหวังต่อไปอย่าปล่อยมือจากความฝันของตัวเองการสร้างบ้านขายเริ่มจากหลังก็ได้โค้ชเดี่ยวสร้างบ้านให้ขายดีปีล้าน,1
พลังดีๆพร้อมเปิดร้านประกอบสัมมาชีพด้วยความซื่อสัตย์และหัวใจอันบริสุทธิ์เพราะหัวใจที่เปี่ยมสุขเพราะหัวใจที่เปี่ยมสุขเท่านั้นจึงสามารถสร้างสรรค์ผลงานที่ดีเลิศไม่ว่าจะเป็นเสียงดนตรีหรือพืชพันธุ์อันงอกงามดูเพิ่มเติมรู้สึกสุขใจกับรตอสมัครมิกี้ที่ตำบลหวายเหนียวณบ้านลุ่มโพธ์,1
เพราะหัวใจริก้าอยู่กับปณกล่องข้าวริก้าก็ต้องแบรนด์ปณนะคะขอขอบพระคุณผู้สนับสนุนด้วยค่ะ,1
เพราะหัวใจไม่ใช่หัวหินจะได้เข้ามาแร้วก็จากไป,1
เพราะหัวใจไม่ใช่หัวหินจะได้เข้ามาแล้วก็จากไปรักนะชมรมวิ่งสิชล,1
เลือกคนถ้าจะเลือกคนเข้ามาในชีวิตอย่าเลือกเพราะแค่เขาโสดโสดจริงแต่ไม่ได้แปลว่าเขาจะดีจริงใช้สมองเลือกคนยังไม่พอต้องใช้หัวใจเลือกและมองให้เห็นความจริงมองลึกเข้าไปให้เห็นถึงสันดานคนมากกว่าสิ่งภายนอกที่เขาแสดงให้เห็นจะได้ไม่เผลอตัวให้เหี้ยตัวไหนเข้ามาในชีวิตเราเพราะหัวใจเขาอาจจะว่างถุงยางเขาอาจจะเพียบ,1
องศาก็สู้เพราะหัวใจยังเต้นอยู่ไม่สู้ได้ไงทำงานดีกว่า,1
เพราะหัวใจไม่ใช่หัวหินจะได้เข้ามาแล้วจากไปรู้สึกเป็นที่รักกับในสะพานหินเกาะลิบงจังหวัดตรัง,1
เพราะหัวใจไม่ใช่หัวหินจะได้เข้ามาแล้วก็จากไป,1
หน้าร้อนเลยมีเหงื่อน่าเบื่อไม่มีตังค์เพราะหัวใจไม่ใช่หัวหินจะได้เข้ามาแล้วก็จากไป,1
เพราะหัวใจไม่ใช่หัวหินจะได้เข้ามาแล้วก็จากไปอบ,1
หมดบทที่จะต้องพูดม่มีใครผิดม่มีใครถูกแค่กูม่พูดกูยังผิดเลยเพราะหัวใจม่เคยเกเรแบบนี้มาก่อนเลย,1
หัวใจที่ยิ่งใหญ่แบ่งปันความสุขให้กันและกันหัวใจน้อยๆของเกชาสายัณห์ก็ยังรอความรักความเมตตาจากมิตรรักแฟนเพลง🎶หังใจดวงนี้ไม่เคยหนีหายไปไหนเพราะหัวใจมีไว้สำหรับเธอ,1
เพราะหัวใจคือการเดินทางสิ่งที่ได้คือต้องเป๊ะภาพเป๊ะเพื่อนเป๊ะสถานที่ก้ต้องเป๊ะเพราะที่นี้คือเกาะหลีเป๊ะ,1
เพราะหัวใจไม่จำเป็นต้องบำบัดด้วยคำว่ารักเสมอไปให้ธรรมชาติบำบัด,1
เพราะหัวใจไม่ใช่หัวหินจะได้เข้ามาแล้วก็จากไปพักผ่อนอิกวัน,1
เป็นคนนะคัฟแต่ไม่มีหัวใจเพราะหัวใจมันตายไปแล้ว,1
ทรัพย์สินไม่ทำให้หวั่นไหวยศศักดิ์ไม่อาจทำให้เปลี่ยนใจเพราะหัวใจผมได้หวั่นไหวต่อหลักธรรมไปแล้ว,1
เพราะหัวใจเอ็มอยู่ที่นี่ไงมาถึงยิ้มให้เราเลยต้องยิ้มตอบวันนี้เอาพวงมาลัยมาไหว้กระดูกมาเติมแรงใจรักนะคุณศรัญญาดูเพิ่มเติมรู้สึกตกหลุมรักกับศรัญญาสุ่มเกตุและอีกคนที่บ้านนางเอกขวัญเรียม,1
สวัสดีค่ะสายมั้ยไม่สายเลยถ้าคิดจะเริ่มเพราะหัวใจข่อยพร้อมจะเจอกับอุปสรรคืเปิดร้านจ้าชิตะกาแฟโกโก้เซรั่มณัชชา,1
อย่าให้เป้าหมายชีวิตเปลี่ยนไปเพราะการกระทำแย่ๆของใครบางคนเพราะหัวใจมันใหญ่กว่าตับไม่ควรมีใครเป็นเหยื่อของใครหน่วยทหารสร้างคนไม่ใช่สร้างเหี้ย,1
ไม่อยากรักใครเพราะความเหงาแต่อยากรักเค้าเพราะหัวใจ,1
จงรักคนเพราะหัวใจแล้วอย่าเลิกรักใครเพราะเค้าจนทักทายสหายกัญ,1
เพราะหัวใจไม่ใช่หัวหินจะได้แล้วก็จากไปตันหยงโปหาดทรายยาวมาดามฉ๊ะสายปังพันล้าน,1
หมอบอกว่าหัวใจคุณโตกว่าปกติผมตอบหมอไปว่าใช่แล้วครับเพราะหัวใจผมยกให้เมียหมดแล้ว,1
เพราะหัวใจพี่ตูนน่ากราบ️พยหัวใจน้องอยู่ตรงไหนพี่อยากจะกราบคำพูดของเอกชัยศรีวิชัยที่มารอต้อนรับตูนบอดี้สแลมที่จุดพักวิ่งที่อู่ช่างธรช่วงเช้านี้,1
อย่ามาคบกับเราเพื่อคั่นเวลาเพื่อรอใครเพราะหัวใจเราไม่มีสแปร์,1
อังคารที่อังคารที่วันนี้วันอะไรเอ่ยวันเกิดลูกสาวแม่นี่เองครบรอบปีแล้วนะลูกสาวแม่เพราะความรู้สึกเพราะหัวใจไม่ใช่เพราะหน้าที่,1
คิดตื้นๆส่วนใหญ่กะตายนํ้าตื้นนั้นแหละอย่าให้ผลประโยชน์เงินไม่กี่ร้อยบาททำลายมิตรภาพที่อุตส่าห์รักษามาอย่างยาวเพราะหัวใจคนบางคนซื้อด้วยเงินไม่ได้,1
แค่ใจเราบริสุทธิ์ซื่อสัตย์ทุ่มเทเสียสละมุ่งมั่นตั้งใจก็ชนะใจประชาชนแล้วครับไม่ต้องแจกอะไรชาวบ้านก็เลือกครับเพราะหัวใจเราคือประชาชน,1
เพราะหัวใจเลือกแล้วว่ารักเทอต่อให้มีอีกกี่ร้อยคนมาพบเจอก็รักเทอแค่คนเดียว,1
จับจองของขวัญปีใหม่กันนะคะกล้วยเล็บมือนางอบนำ้ผื้งกล้วยเล็บมิอนางอบกรอบรสนำ้ผื้งเค้กกล้วยหอมทองสวนยินดีต้อนรับทุกสายงานยินดีรับพรีออร์เเดอร์เรื่องของกล้วยคุ้มค่าคุ้มราคาอร่อยถูกใจคุณทุกวัยค่ะเพราะหัวใจมีไว้เพื้อแปรรูป,1
ถ้าเรามีความพอใจไม่ว่าจะยุในฐานะแบบไหนเราก็มีความสุขเพราะความสุขเกิดจากความพอใจ,1
หลายคนถามผมว่าทำไมถึงออกจากงานประจำมาเป็นตัวแทนประกันชีวิตและนี่คือคำตอบของผมครับเพราะความสุขคือทุกสิ่งอิสระด้านเวลาอยู่ที่ไหนก็ทำงานได้กำหนดรายได้ด้วยตัวเองไม่มีเพดานแล้วจะพบกับรายได้ที่เหนือกว่าโบนัสทุกๆไตรมาสไม่รวมโบนัสพิเศษรวมไม่ต่ำกว่าครั้งต่อปีมีทีมงานที่มีคุณภาพและที่สำคัญคือการได้ดูแลและช่วยให้คนมีความคุ้มครองมากที่สุด,1
เพราะความสุขของแต่ละคนไม่เหมือนกันเราจึงไม่สามารถตัดสินคนอื่นจากความคิดของเราได้พาสาวๆมาเที่ยวแป้ปคืนนี้พาเข้าโรงแรมเบาๆน่ะ➡,1
อะไรที่เราทำด้วยใจไม่ว่าสิ่งนั้นมันจะเล็กหรือใหญ่มันจะมากหรือน้อยก็ตามมันก็ดีมีความสุขทั้งนั้นเพราะความสุขอยู่ที่ใจเราดูเพิ่มเติมรู้สึกขอบคุณ,1
อากาศหนาวๆหมอกลงยามเช้าแต่ลูกชายหล่าก็ตื่นแต่เช้าตั้งใจไปโรงเรียนเหมือนทุกๆวันรู้ใหมมันสุขใจแค่ใหนที่ได้เฝ้าดูแลลูกน้อยไกล้ๆในทุกๆวันความสุขที่เงินหาซื้อไม่ได้เพราะความสุขของแต่ละคนมันต่างกัน,1
อย่าไปหวังพึ่งใครมาช่วยเติมเต็มความสุขให้คุณเพราะความสุขคุณสร้างเองได้ตลอดเวลาแวะชิมแวะเที่ยวคนเดียวไม่เกี่ยวกะใคร,1
ความสุขอยู่ที่ใจอะไรที่เราเห็นแล้วทำให้เราเป็นทุกข์ก็อย่าไปดูอะไรที่เรารับรู้แล้วทำให้เราเสียใจก็อย่าไปสนไม่ว่าอะไรไม่ว่าใครหรือสิ่งใดทำให้เราไม่สบายใจก็อดทนความสุขล้วนอยู่ที่เรากำหนดเองบางคนมีความสุขแต่ไม่มีคนรักบางคนมีคนรักแต่ไม่มีความสุขบางคนมีเงินร้อยล้านแต่ก็ยังทุกข์แล้วความสุขนั้นหาได้จากที่ใดเพราะความสุขอยู่ที่ใจไม่ได้อยู่ที่ใครกำหนดให้เรา,1
คุยงานเสร็จค่าเฟ่ระหว่างทางเพราะความสุขเป็นเครื่องวัดคุณค่าการเดินทางได้ดีกว่าจำนวนของระยะทาง,1
เมตตาให้อภัยทำจิตใจให้เบิกบานอะไรที่ทุกข์ใจปล่อยไปให้มันผ่านอย่าเก็บมันไว้นานเดี๋ยวกาลเวลาก็ผ่านไปขึ้นชื่อว่าความสุขความสุขของใครก็ของใครความสุขของเราก็ไม่เท่าความสุขของใครเพราะความสุขมันเป็นเรื่องของใครก็ของมันเนอะเรื่องราวต่างๆที่เกิดขึ้นไม่ว่าจะดีหรือร้ายมีความหมายในตัวมันเองความสุขความเศร้าความผูกพันทุกสิ่งทุกอย่างที่เข้ามากระทบใจล้วนทำให้เราเป็นเราไม่มีสิ่งใดจะสูญเปล่าทุกๆอย่างเป็นบทเรียนให้เราได้เรียนรู้ความสำเร็จเป็นพลังความผิดหวังก็เป็นครูทุกสิ่งไม่ใช่ความบังเอิญความสุขณปัจจุบันเพื่อนๆ,1
เพราะความสุขเติมได้เมื่อได้เติมได้เสริมความสุขสุขสมองสุขภาพสุขาผู้ทานเท่านั้นจะรู้ได้เฉพาะตนไม่ได้ทานไม่รู้ไม่เข้าใจไม่ได้ประโยชน์ใดๆ,1
เพราะคุณอยู่กับความทุกข์คุณเลยไม่ได้อยู่กับปัจจุบันเพราะความสุขเบิกบานมีตลอดเวลาจากภายในตัวเราเมื่อคุณมุ่งพลังงานของคุณเพื่อมองหาความสุขข้างนอกก็เป็นเรื่องยากที่จะยังคงให้ทนอยู่และถาวรเพราะธรรมชาติย่อมเปลี่ยนแปลงตลอดเวลาแต่เมื่อคุณได้ค้นพบพลังความสุขจากข้างในไร้ซึ่งเหตุผลประกอบมันยังคงอยู่ไร้ซึ่งกาลเวลาพลังจิตคือพลังบริสุทธิ์เบิกบานอิ่มเอมอุดมสมบูรณ์เชื่อมต่อกับธรรมชาติได้ตลอดเวลาคือพลังงานของจักรวาลเมื่อไหร่ที่จิตของคุณอยู่กับปัจจุบันเมื่อนั้นคุณเป็นอิสระจากทั้งปวงด้วยรักเสาวณีย์ดิษสำโรง,1
เป้าหมายของผมไม่ได้อยู่ที่การเป็นที่หนึ่งเป้าหมายของผมไม่ได้อยู่ที่การเอาชนะคู่แข่งผมนี่แหละคือคู่แข่งของตัวเองผมต้องเป็นตัวเองในเวอร์ชั่นที่ดีขึ้นทุกวันสร้างผลงานให้ดีที่ไม่ต้องแข่งกับใครและสร้างผลงานให้ดีขึ้นเรื่อยเรื่อยเพราะความสุขไม่ได้มาจากการเปรียบเทียบแต่มันมาจากความก้าวหน้าของตัวเรในทุกๆวันต่างหาก,1
ชีวิตคนเรายิ่งเรียบง่ายยิ่งมีความสุขเพราะความสุขนั้นเป็นพี่น้องกับความเรียบง่ายจงอยู่อย่างคนธรรมดาแต่ใช้ปัญญาอย่างนักปราชญ์,1
วัดเนรมิตวิปัสสนาวัดสวยเมืองเลยไหว้ขอพรพระพุทธชินราชจำลองเพราะความสุขอยู่ที่ใจเข้าวัดทำบุญทีไรเบิกบานชื่นใจค่ะ,1
ครูปฐมวัยก้อต้องมีดนตรีในหัวใจอยู่แล้วค่าาการอบรมปฏิบัติการเรื่องการบูรณาการดนตรีสู่ห้องเรียนปฐมวัยรุ่นที่สิงหาคมณโรงแรมเซาท์เทิรนวิวปัตตานีเพราะความสุขหาได้ที่รอบตัวเรา,1
เพราะความสุขไม่ได้กำหนดด้วยราคาแต่กำหนดด้วยความรักความเข้าใจเพียงแค่ถามว่าเหนื่อยไหมก็ช่วยทำให้หายเหนื่อยแล้วบางครั้งการที่เห็นรอยยิ้มคนที่รักคำชมเบาๆๆลูกเก่งมันเป็นพลังที่ยิ่งใหญ่มากสุขสันต์วันพ่อ,1
อัสลามุอลัยกุมจ๊ะคนมีความสุขไม่จำเป็นต้องรวยเพราะคนรวยเองก็มีความทุกข์คนมีความสุขไม่จำเป็นต้องสวยเพราะคนสวยก็มีความทุกข์ความสุขไม่ได้อยู่ที่ว่าเราจะรวยหรือจนเราจะสวยหรือขี้เหร่เพราะความสุขมันไม่ได้อยู่ที่เหตุผลใดๆแต่มันอยู่ที่ของเราเองสลามัตปาฆีจ๊ะกาวัลๆขอให้มีความสุขสมหวังพบเจอแต่สิ่งดีๆมีบารอกัตทั้งเราะฮ์และเนี้ยะมัตในทุกๆวันน่ะจ๊ะกาวัลๆทุกๆคนอินชาอฺอัลลอฮฺ,1
☺☺☺☺โพสต์บ่อยหน่อยนะคะเพราะความสุขของคนเรานั้นไม่เท่ากันชีวิตติดบวก,1
เพราะความสุขคือการได้ให้ออกไปยิ่งทำยิ่งได้ยิ่งให้ยิ่งมี,1
เราไม่ได้ผูกความสุขไว้ที่ใครเพราะความสุขคือสบายใจคือของขวัญคือพอใจคือที่เราเพราะความสุขไม่ได้ฝากไว้ที่ใครเท่านั้นความรักก็เช่นกันที่มาพร้อมกับเวลาที่เหมาะสม,1
ช่วงนี้ที่ร้านมีสินค้าลดราคาต้อนรับปีใหม่แวะมาเลือกซื้อของดีราคาถูกได้ที่นี่ทุกวันนะคะวันหยุดอยู่บ้านขายของเพราะความสุขไม่มีวันหยุดอำนาจเจริญดินแดนผ้าขาวม้านุชบา,1
เพราะความสุขของคนเราไม่เหมือนกันงานหลักที่ปรึกษาการเงิน&ประกันงานอดิเรกปลูกต้นไม้ออกกำลังกายบอนสีก็มาราคาก็แรงเช่นกันขยายพันธ์ุเองด้วยน๊าพี่จะเพาะให้รอบบ้านเลยจร้าชายชลราคาแรงแซงหุ้นไปแล้วจร้ากล้องวงจรปิดก็พร้อมเช่นกันตื่นเช้าขึ้นมาชมสวนแค่นี้ก็มีความสุขแล้วความสุขที่เงินก็ซื้อไม่ได้จร้า,1
เพราะความสุขคือทุกอย่างเริ่มต้นวันใหม่ด้วยการนึกถึงสิ่งดีๆอะไรที่ต้องสู้ก็สู้กันไปค่อยๆคิดค่อยๆแก้ยิ้มส่งกำลังใจให้ตัวเองยิ้มส่งกำลังใจให้คนรอบข้างทำวันนี้ให้ดีที่สุดก็พอสุขบ้างทุกข์บ้างเป็นธรรมดาของชีวิตอะไรดีๆเก็บไว้เป็นกำลังใจอะไรร้ายๆจำไว้เป็นบทเรียนง่ายๆแค่นั้นเองเครียดไปก็เท่านั้นอะไรจะเกิดก็ต้องเกิดรักตัวเองให้กำลังใจตัวเองปลดล็อคความทุกข์จงมีความสุขณปัจจุบัน,1
ผมไม่รู้หรอกนะว่าแต่ละคนประสบปัญหาชีวิตอะไรยังไงบ้างปัญหาทุกอย่างแต่ละคนก็แตกต่างออกไปผมเชื่อว่าทุกคนนั้นมีทั้งสุขทุกข์เศร้าเหงาสมปรารถนาแต่สิ่งที่อยากจะสื่อคือถ้าตราบใดเวลาที่เรามีความสุขจงตักตวงความสุขให้เต็มที่ยิ้มให้เต็มที่เพราะความสุขมันไม่สามารถอยู่กับเราได้ตลอดแล้วตราบใดถ้าเราเศร้าโศกเสียใจจงเสียใจให้มันเต็มที่จงระบายมันออกมาให้หมดเพราะความเสียใจมันก็ไม่สามารถอยู่กับเราได้ตลอดไปเหมือนกันทุกสิ่งทุกอย่างของคนเราแม้ว่าจะเป็นความรู้สึกสิ่งของหรือคนรอบตัวไม่มีอะไรอยู่กับเราได้จีรังและยั่งยืนเป็นกำลังใจให้ทุกคนนะเราสามารถล้มได้แต่เราก็ลุกขึ้นได้เหมือนกันฟ้าหลังฝนนั้นสดใสเสมอแต่ถึงวันนี้สดใสวันข้างหน้าก็ต้องเจอพายุอยู่ดีเพราะหนีวัฏจักรของชีวิตไม่ได้สิ่งเดียวที่ทำได้คือต้องทำใจและควรให้กำลังใจตัวเองดีที่สุดขอบคุณที่อ่านจนจบ,1
ความสุขของคนมันต่างกันชีวิตคนเรามันมีสุขบ้างทุกข์บ้างปะปนกันไปแต่ถ้าเรามีทุกข์ทุกข์ได้แต่อย่าทุกข์นานเพราะความสุขเขารอเราอยู่ข้างหน้าบอกตัวเองแบบนี้จงปล่อยวาง,1
ความสุขของใบหม่อนเพราะความสุขของเธอคือความสุขของฉันทุกเวลาที่มีโอกาสฉันจึงทุ่มเทให้กับเธอครอบครัวของฉัน,1
ติดกล้องออนไลน์ไว้รอบบ้านไว้ดูสิ่งผิดปกติเวลาเรามาทำงานหรือเราไม่อยู่บ้านเพราะความสุขเราอยู่ที่บ้าน,1
เพราะความสุขไม่ได้ขึ้นกับสิ่งที่เรามีแต่มันขึ้นกับวิธีการใช้ใช้ชีวิตอย่างไรกับผู้คนและสิ่งที่มีในปัจจุบันอยู่กับสิงที่มีไม่ใช่สิ่งที่ฝันและอยู่กับมันอย่างมีความสุขซัมบายดีวันหยุด,1
เตรียมอาหารเที่ยงให้คุณสามีและทีมงานป๋าหย๋องบอกว่าโรงงานอยู่ไกลจะได้ไม่ต้องออกไปหากินอีกคือแม่จ๋ากลัวว่าจะไม่ยอมกินอะไรทั้งวันงานไม่เสร็จไม่ยอมวางมือมีแกงน้ำเคยฝีมือคุณย่าเผื่อเจ้าของโรงงานด้วยน้างานเล็กงานใหญ่เราไม่เกี่ยงเพราะความสุขความสำเร็จของคุณคืองานของเราบริษัทมิราเคิล&,1
บางครั้งความสุขก็ไม่ได้อยู่ที่ปลายทางเสมอไปเพราะความสุขก็อาจจะอยู่ระหว่างทางที่เราได้พบเจอ,1
เรามีมะระนะผักริมรั้วหลังบ้านบางคนอาจมองว่ามีความสุขกับอะไรแค่นี้ดูน้อยนิดแต่ทำไมฉันสุขได้มากขนาดนี้เพราะความสุขของคนเราเอามาเปรียบกันไม่ได้เคเนอะหัวไทร,1
เพราะความสุขคือกุญแจไขทุกสิ่งสวัสดีวันพระที่เบิกบานเปิดร้านเฮงปังกันทุกคนนะคะอนุโมทนาบุญด้วยกันคะ,1
ความสุขบางครั้งก็ไม่ได้อยู่ที่ความพอดีแต่มันอยู่ที่ความพอใจต่างหากเพราะความสุขไม่จำเป็นต้องมีราคา,1
บางคนมีความสุขแต่ไม่มีคนรักบางคนมีคนรักแต่ไม่มีความสุขบางคนมีความสุขและมีคนรักเพราะความสุขอยู่ที่ใจไม่ได้อยู่ที่ใครโควิคถึงมันร้ายไม่เท่าใจที่คิดลบขอบคุณช่างภาพใจดีมากๆๆค่ะธนกรบุญรังษี,1
บำรุงรักษาใจให้ดีเพราะความสุขความทุกข์จะน้อยหรือมากล้วนมีสาเหตุตรงที่หัวใจ,1
ธรรมดาธรรมชาติธรรมสุขมากกว่าการใส่ปุ๋ยคือการใส่ใจสวนทุเรียนพอกพิทย์โคกหนองนาเพราะความสุขสร้างความสันติ,1
บางครั้งความสุขก็ไม่ได้อยู่ปลายทางเสมอไปเพราะความสุขอาจจะอยู่ระหว่างการเดินทางก้อได้,1
ผู้หญิงที่ง้อยากที่สุดคือผู้หญิงที่รู้ตัวว่าสามารถมีความสุขได้ด้วยตัวเองความสุขบางทียิ่งหายิ่งไกลยิ่งไม่ได้มาลองหยุดหาหยุดไขว่คว้าถึงเวลาจะเดินมาหาเพราะความสุขอยู่ไม่ไกลความสุขอยู่ที่ใจเราเอง,1
การให้แบบไม่คาดหวังให้ด้วยใจรักให้เพราะความสุขให้เพราะห่วงใย❣ให้ในมิตรภาพให้ตอบแทนคุณและฉันให้คุณ,1
ขอยาดอวดน่ะค่าเพราะความสุขของเราไม่เท่ากันเหนื่อยแต่มีความสุข,1
ตามมาที่ความสุขนะครับเพราะความสุขเติมได้ส่วนตัวชอบเลขทะเบียนคันนี้ธงธงชัยความสมดุลเสียงหัวเราะความช่วยเหลือที่เร่งด่วนธงการปักธงชัยชนะของความช่วยเหลือที่เร่งด่วนในสถานการณ์ที่วิกฤติในขณะนี้กาบาเมท,1
เมื่อก่อนยิ้มเพราะความสุขตอนนี้ยิ้มเพราะเก็บความรู้สึก,1
ความสุขตั้งใจมองหากลับไม่เจอพอลองหยุดมองหากลับพบเจอเพราะความสุขจบที่ใจสาธุ,1
ไม่จำเป็นต้องอธิบายทุกเรื่องให้ทุกคนเข้าใจเพราะความสุขของเราไม่ได้ขึ้นอยู่กับคำวิจารย์ของใครน่ะจ๊ะชั้ลโลกสวยค่ะ,1
ไม่ได้รวยล้นฟ้าเป็นแค่คนธรรมดาก็หาความสุขได้เพราะความสุขไม่จำเป็นต้องมาจากวัตถุหรือสังคมที่หรูหราแต่มาจากคำว่าพออยากตะลอนทัวร์อยากไปหาเลาะแต่เพราะกินขี้นอนอยู่ติดบ้านนานไปหน่อยกลายเป็นไม่ชอบออกไปไหนซะงั้นใกล้บรรลุแล้วตรูวันหยุดไม่ได้หยุดส่งน้องเป๋าวนไป,1
ฉันชอบแบบนี้อะทำไมเหรอคนเราไม่จำเป็นต้องชอบอะไรๆเหมือนๆกันหรอกเนาะเพราะความสุขอยุ่ที่ตัวเราไม่ได้อยู่ที่ปากคนอื่นเนาะมองเห็นอนาคตตัวเองเลยขออนุญาตเจ้าของคลิปด้วยคะ,1
บันทึกความจำร่วมงานบุญผ้าป่าวัดสามัคคีธรรมตบ้านสาอแจ้ห่มจลำปางกับพี่น้องหัวใจเดียวกันสนุกสนานมันส์มากครับเพราะความสุขคือการให้,1
อย่าเอาความคิดคนอื่นมากดดันให้เราต้องทุกข์เพราะความสุขอยุ่ที่ตัวเราจะมอง,1
เพราะความสุขของคนเราถูกวางไว้ในตำแหน่งที่แตกต่างกันอย่าเอาความคิดส่วนตัวไปเปรียบเทียบกับใคร,1
ชีวิตเราไม่มีอะไรมากโพสต์มีแต่ลูกนี้ละบ่ไปก้าวกายหรือเบียดเบียนชีวิตคนอื่นดอกเพราะความสุขเรามีแค่นี้เห็นโพสต์บ่อยๆก็ไม่ได้โพสต์เรื่องคนอื่นน๊าาคนอื่นคือมาว่าว๊ะะะบ่อยากเห็นกะบล็อกตั๊วมาชั่วแท้,1
เพราะความสุขแบบครอบครัวในวันหยุดขอขอบคุณทริปครอบครัวน่ารักๆวันนี้ให้แพรักษ์น้ำบริการท่านล่องแพริมแม่น้ำน้อยขอบคุณอาหารอร่อยๆตลาดรักษ์นะหัวเวียงล่องแพรักษ์น้ำริมแม่น้ำน้อยตำบลหัวเวียง,1
เมื่อคุณมุ่งพลังงานของคุณเพื่อมองหาความสุขข้างนอกก็เป็นเรื่องยากที่จะยังคงให้ทนอยู่และถาวรเพราะธรรมชาติย่อมเปลี่ยนแปลงตลอดเวลาแต่เมื่อคุณได้ค้นพบพลังความสุขจากข้างในไร้ซึ่งเหตุผลประกอบมันยังคงอยู่ไร้ซึ่งกาลเวลาพลังจิตคือพลังบริสุทธิ์เบิกบานอิ่มเอมอุดมสมบูรณ์เชื่อมต่อกับธรรมชาติได้ตลอดเวลาคือพลังงานของจักรวาลเมื่อไหร่ที่จิตของคุณอยู่กับปัจจุบันเมื่อนั้นคุณเป็นอิสระจากทั้งปวงด้วยรักเสาวณีย์ดิษสำโรง,1
แบบไหนก็ได้ขอแค่เป็นตัวของตัวเองแค่นี้ก็พอเพราะความสุขอยู่ที่เราไม่ได้อยู่ที่ใครนี่แหละตัวฉัน,1
บางสิ่งในชีวิตไม่ต้องดีที่สุดแค่อยู่ได้แบบไม่ทุกข์ก็สุขใจแล้วเพราะความสุขอยู่กับเราทุกที่,1
เดินหาความงามเดินตามความฝันและทำทุกวันให้ดีเป็นอีกหนึ่งวิธีที่จะทำให้ชีวิตนี้มีความสุขเพราะเราต่างก็สามารถบำบัดทุกข์และบำรุงสุขได้ด้วยตัวเราเองเพราะความสุขคือหนึ่งในเรื่องที่งดงามของชีวิตขอบคุณเจ้าของภาพครับ,1
มองให้สวยก้อเหมือนรถแห่จะแต่งงานมองให้ร้ายเจ้าของรถคงไม่มีผัวอันหลังนี่มีตบค่ะเพราะความสุขมันอยู่ที่มุมมอง,1
เพราะความสุขคือทุกสิ่งที่เมืองไทยประกันชีวิตอยากแบ่งปันแนะนำอาชีพที่มีผลกระทบน้อยที่สุดในช่วงโควิดค่ะ,1
ชีวิตคนเรายิ่งเรียบง่ายยิ่งมีความสุขเพราะความสุขเป็นพี่น้องกับความเรียบง่ายจงใช้ชีวิตอย่างคนธรรมดาอย่าใช้ปัญญาอย่างนักปราชญ์รู้จักออมรู้จักหยุดรู้จักเย็นชีวิตจะราบรื่นมากขึ้นสวัสดีเปิดร้านช่วงเยนคะยูดีซอยแวะมากินขนมปังอร่อยๆชมต้นไม้สวยๆกันน๊า,1
ในเมื่อเราผอมไม่ได้เราก็จะอ้วนแบบน่ารักไปด้วยกันเพราะความสุขคือการกิน,1
ค่ำคืนนี้เราจะเฉลิมฉลองแค่เบาๆแต่เดือนหน้าเราจะขอบคุณสำหรับรูปหล่อๆคับเพราะความสุขทำให้เราสำเร็จเสมอ,1
อะไรที่เราทำด้วยใจไม่ว่าสิ่งนั้นมันจะเล็กหรือใหญ่มันจะมากหรือน้อยก็ตามมันก็ดีมีความสุขทั้งนั้นเพราะความสุขอยู่ที่ใจเราไม่ใช่อยู่ที่ใครเขาจะมองอากาศร้อนรักษาสุขภาพด้วยนะคะทุกคนอู่ตะวันเซอร์วิสรับซ่อมรถยนต์ทุกชนิดสนใจติดต่อโทร,1
อย่าโหยหาความสุขจนทำให้ตัวเองเป็นทุกข์เพราะความสุขมันอยุ่ที่ใจทำอาหารให้นักศึกษาครุสมาธิรุ่น,1
การใช้ชีวิตให้มีความสุขช่างง่ายดายนักแค่ใช้ความสุขนำทางชีวิตเพราะความสุขสามารถพาเราขับเคลื่อนไปข้างหน้าอย่างทรงประสิทธิ์ภาพและความสุขคือจุดแข็งที่ไม่ว่าจะเจอเรื่องร้ายๆไม่คาดฝันจู่โจมเข้ามามันจะไม่สามารถมาทำลายอะไรเราใด้เลย,1
สวัสดีวันจันทร์ทำงานๆเป็นความสุขของใครไม่ได้หรอกนะเพราะความสุขของตัวเองยังหาไม่เจอเลยกาดอย่าตก,1
จงมองปัญหาให้เหมือนเม็ดทรายเพราะความสุขไม่จำเป็นต้องอยู่ในจุดสูงสุดความสุขมันอยู่ที่เราพอใจในสิ่งที่เราทำคนติดดินน้องตแตงเกือบสวยย,1
ความสุขไม่ได้บอกว่าเราจำเป็นต้องอยู่ที่ไหนถึงจะเจอความสุขเพราะความสุขมันอยู่ทุกที่ในใจเราต่างหาก,1
ที่ใดมีรักที่นั่นมีทุกข์แต่ทุกคนเลือกที่จะมีทุกข์เพราะความสุขมันซ่อนอยู่ในนั้น,1
ความสุขมักจะผ่านไปเร็วแต่เราจะไม่ให้มันผ่านพ้นไปเพราะความสุขของแต่ละคนไม่เหมือนกัน,1
ถ้าวันหนึ่งต้องเลือกเลือกตัวเองดีกว่าเพราะความสุขเป็นเรื่องที่เราเลือกได้แค่พาตัวเองไปใช้ชีวิตในแบบที่เราต้องการชีวากาแฟ&โกโก้,1
วิธีสร้างสุขได้เลยตอนนี้หายใจเข้าลึกๆให้เต็มปอดแบบชื่นใจฉีกยิ้มให้กว้างที่สุดแบบสุดหัวใจแล้วเอ่ยคำขอบคุณชีวิตฉันที่ดีขึ้นนับจากวินาทีนี้ตอนนี้เป็นต้นไปขอบคุณขอบคุณขอบคุณเพราะความสุขคือกุญแจของทุกสิ่งที่ดีงามด้วยรักจากหัวใจ,1
สลามยามเช้าคนเก่งไม่ได้หมายถึงคนดีความรวยไม่ได้หมายถึงความสำเร็จเพราะความสุขไม่ต้องอาศัยความฉลาดและทรัพย์สมบัติขายของให้มีความสุขอย่าคิดถึงแต่เงินดัชนีความสุข,1
ถ้าในชีวิตจริงชัดเจนพอแล้วในโลกโซเชี่ยลเราจะไร้สาระแค่ไหนก้อได้เพราะไม่จำเป็นต้องให้ทุกคนรู้ว่าเรามีดีอะไรทำอะไรได้บ้างใช้ชีวิตอย่างไรแต่ละวันและมีความสุขแค่ไหนในชีวิตจริงเพราะความสุขก้อยังคงอยู่ในใจ,1
ความสุขของคนเราไม่เคยเหมือนกันหรอกบางคนความสุขได้ท่องเที่ยวสถานที่ต่างๆบางคนมีความสุขได้เจอคนรักบางคนมีความสุขได้กินอาหารอร่อยๆบางคนมีความสุขได้แต่งตัวสวยๆบางคนมีความสุขได้อยู่กับครอบครัวเพราะความสุขแต่ละคนไม่เหมือนกันสวัสดีวันศุกร์ขอให้มีความสุขทุกคนเน้อ,1
เพราะความสุขจงใช่ชีวิตเหนือนคนธรรมดาแต่ใช้ปัญญาอย่างนักปราชญ์รู้จักยอมรู้จักหยุดรู้จักเย็นๆรักและเป็นหว่งทุกๆๆคนค่ะสวัสดีค่ะวันนี้ดีดีดีคุณอาจมองไม่เห็นแววตาเพราะอยู่ในช่วงเวลาใส่แวน,1
เพราะความสุขเพราะเราเลือกที่จะสำเร็จเพราะเราอยากให้อยากแบ่งปันเพราะเรียนรู้และพัฒนาตัวเองเพราะรักในธรรมชาติเพราะเรารักในผู้คนจึงทำให้เรามีวันนี้บางแม่หม้ายพรรณไม้งาม,1
บางทีการนั่งอยู่เฉยๆแล้วหายใจเข้าออกแบบนี้ก็สุดที่จะฟินแล้วรู้สึกเลยว่าโชคดีที่สุดในโลกเลยน่ะเพราะความสุขอยู่ที่ใจคุณว้าจริงม่ะ,1
ความสำเร็จชอบคนมีความสุขเพราะความสุขชอบอยู่กับคนที่ใจสบายๆฝันดีค่ะ,1
อรุณสวัสดิ์ยามเช้าค่ะเพื่อนชวิตคนเรายิ่งเรียบง่ายยิ่งมีความสุขเพราะความสุขเป็นพี่น้องกับความเรียบง่ายรู้จักยอมรู้จักหยุดรู้จักเย็นชีวิตเราก็จะราบรื่นมากขึ้น,1
ไม่จำเป็นต้องอธิบายทุกเรื่องให้ทุกคนเข้าใจเพราะความสุขของเราไม่ได้ขึ้นอยู่กับคำวิจารณ์คำนินทาของใครเช้านี้ทำบุญใสบาตรหยาดน้ำรับบุญสาธุขอให้กุศลผลบุญหนุนนำให้เจริญรุ่งเรืองร่ำรวยครอบครัวมีแต่ความสุขค้าขายหยิบจับอะไรเป็นเงินเป็นทองโชคลาภไหลมารวยๆเปิดล้านรับรวยรับรัวๆรับล้นๆสาธุ,1
คือรอยยิ้มคือความสุขอิอ้วนภายใต้ความผอมปัจจุบันเปนหมูละหน่ะชายเต,1
สิ่งที่สัมผัสได้คือพลังของความสุขโอ๋ดีใจมากๆที่ทำไห้ความฝันของหลายๆคนเป็นจริงความสุขแต่ละคนแตกต่างกันออกไปความสุขจากการมีรายได้ความสุขจากการมีชีวิตดีขึ้นความสุขจากการที่เห็นครอบครัวมีความสุขแต่ความสุขของโอ๋คือรอยยิ้มและความสำเร็จของครอบครัวงามพริ้งความสุขเกิดขึ้นจริงณที่แห่งนี้แล้วงานนี้เพื่อเธอ,1
เสาร์อาทิตย์นี้มาเที่ยวบ้านไร่ภูตะวันบ้านมุงนะคะทานตะวันบานแล้วคะจุดเช็คอินกังหันแดงคิดถึงเขาคิดถึงเรามาบ้านไร่นะคะณวันนี้กำลังใจที่งดงามที่สุดคือรอยยิ้มดูเพิ่มเติมที่บ้านไร่ภูตะวันบ้านมุง,1
จงเติบโตจากความผิดพลาดจงเฉลียวฉลาดจากความผิดหวังจงเมตตาจากความรู้สึกเกลียดชังการเป็นคนดีที่ไม่โด่งดังยังดีกว่าการเป็นคนดังในทางที่ไม่ดีอยู่อย่างไรจะมีความสุขในโลกดุนยายุคปัจจุบันอยู่กับตนเองให้คิดบวกอยู่กับพรรคพวกให้เมตตาอยู่กับปัญหาให้ลงมือแก้อยู่กับพ่อแม่ให้กตัญญูอยู่กับผู้รู้ให้ถ่อมตนอยู่กับชุมชนให้สร้างความดีอยู่กับโลกดุนยาใบนี้ให้ตักวักกั้ลมอบหมายซอบัรอดทนอินชาอัลลอฮฺ,1
สวัสดีพี่ๆทุกท่านครับร่วมโชว์คนดีคิดชั่วได้แต่ไม่ทำคนชั่วนอกจากคิดดีไม่ได้ยังทำชั่วได้โดยไม่ต้องคิดเมตตามหานิยมพรุ้งนี้ได้ยลโฉมรายการลุ้นกันแล้วซื้อขายเชคกันดีๆนะครับอย่ารีบอย่าใจร้อนเจริญพรกลางสร้างพระองค์ใหญ่,1
เป็นคนดีของคนอื่นไม่สำคัญเท่าเป็นคนดีของตัวเองให้รางวัลกับชีวิตด้วยการรักตัวเองให้มากๆคนดี,1
ปิ้งไก่จนกลายเป็นตำนานวันเกิดลูกปีนี้ขอให้เป็นคนดีไปนานๆจนกลายเป็นตำนานเช่นกันมีความสุขมากๆกับทุกวันของชีวิตรักนะคะผู้จัดผู้ดิววงการบันเทิงอะเนาะ,1
คนดีคนเราไม่ใช่เป็นคนดีเพราะพูดเก่งเพราะผิวพรรณดีถ้าเขายังเป็นคนขี้ริษยาตระหนี่และมักอวดแต่เป็นคนดีเพราะเป็นคนฉลาดรู้จักตัดกิเลสเหล่านั้นเสียได้และคายโทสะออกได้วนฺตโทโสพระพุทธพจน์ในคัมภีร์ธรรมบทนี่เป็นวิธีหนึ่งในการพิจารณาตนตัดสินตนเองว่าเราเป็นคนดีหรือไม่ดีเพียงใดคนดีพระพุทธพจน์ใช้คำว่าสาธุรูโปฉบับภาษาอังกฤษใช้คำว่าแปลตามตัวว่าคนใจดีทำให้ได้แนวคิดว่าเพราะใจดีจึงเป็นคนดีถ้าใจชั่วก็เป็นคนชั่วคือใจมีกิเลสดังกล่าวและกิเลสอื่นๆเมื่อใจชั่วย่อมพูดชั่วและทำชั่วความทุกข์ก็ติดตามถ้าใจดีย่อมพูดดีและทำดีความสุขก็ติดตามเหมือนเงาตามตัวคติชีวิตเพื่อสิ่งที่เติบโตและเข้มแข็งเพจอาจารย์วศินอินทสระท่านอาจารย์วศินอินทสระ,1
แต่ละคนก็มีหน้าที่ของตนเป็นไปตามทางรูปแบบของตนที่เลือกเดินวันๆหนึ่งทำอะไรที่เป็นประโยชน์ต่อตนเองครอบครัวและสังคมเขาเรียกว่าคนดีแต่ถ้าวันๆหนึ่งแขวะแต่คนอื่นใส่ความทำลายชื่อเสียงคนอื่นเพื่อยกตนเขาเรียกว่าคนเปรตอูตะระบาตรๆแล้วก็บาตะระลวกสวัสดีวันพุธกลางคืนยามราหูแทรกไม่ได้ด่าใครโพสเป็นคำคมเฉยๆผมคือนางฟ้า,1
บอกให้กูไปเจอคนดีดีถามกูยังว่ากูอยากได้คนดีหรือคนเดิม,1
คำว่าโชคดีมีสองความหมายนอกจากจะมีโชคแล้วยังต้องเป็นคนดีอีกด้วยถึงจะเรียกได้ว่าโชคดีโอมพระพรหมญาณมหาฤๅษีพรหมเทพ,1
อย่ากลัวคนมีเครื่องแบบอย่ากลัวคนมีเงินอย่ากลัวคนพูดเสียงดังอย่ากลัวคนมีตำแหน่งแต่ให้กลัวคนดี,1
พอเป็นคนดีก็หาว่าสร้างภาพพอเป็นคนร้ายก็หาว่าเลวใส่แล้วความพอดีมันอยู่ที่ตรงไหนครับ,1
คนดีกะเป็นมาเเล้วคนชัวกะเป็นมาเเล้วคนจนกะกำลังเป็นอยุ่เหลือคนรวยนิละบ่ทันได้เป็นนำเขาจักเทือคนคิดฮอดบ้าน,1
กูจะบอกอะไรให้นะกว่าจะมาถึงวันนี้กุเป็นมาหมดแล้วละแม่พระนางมารคนดีคนสีเทาเสือควายหมากูจะเป็นอะไรขึ้นอยู่สันดานของคนที่กูเจอใครอยากเจอด้านไหนก็เอาด้านนั้นมาแลก,1
ไม่จำเป็นต้องเป็นคนดีแค่รู้ว่าใครดีและควรดีกับใครก็พอความเมายืนเด้อคร่าแล้วแต่ไผสิว่าฉันบ่หัวซาดอกคำคน,1
คนดีไม่จำเป็นต้องโฆษณาคนมีคุณค่าไม่จำเป็นต้องการศึกษาสูง,1
จะเรียนอยู่หรือทำงานสำคัญที่สุดคือการบริหารเวลาคนทุกคนมีชั่วโมงเท่าๆกันไม่มีใครมีมากกว่านี้เราใส่ใจกับอะไรเราจะมีเวลากับสิ่งนั้นการที่เราไม่มีเวลากับใครแปลว่าเราใส่ใจกับสิ่งนั้นน้อยเกินไปเท่านั้นเองคนดี,1
หน้าตาอาจไม่เนี้ยบแต่ก็เฉียบขาดนะจ๊คนดี,1
เราอาจจะไม่ใช่คนดีในสายตาคนอื่นแต่เราไปเป็นคนดีในสายตาเธอได้ปะคนดี,1
เพื่อนในเฟสง่ายๆเรยน่ะเว๊ยถ้าใครคิดว่าตัวเองเปนคนดีจัดเรยน่ะมึงลบกุออกจากเฟสได้เรยเพราะว่ากุพูดจิงๆน่ะเพร่าะว่ากุไม่รุ่ว่าคนดีเป็นแบบไหนแต่ตัวกุน่ะกุมันลวงโลกกุมันตอแหลสารพัดมึงคนดีก็ต้องไปยุ่กะคนดีแร้วขอร้องไว้ตรงนี้เรยน่ะลบคนเหี้ยบล็อคคนเหี้ยออกไปจากชีวิตมึงไปเรยคนดีดีกุไม่เตยคนกต,1
ไม่ต้องการทำให้ใครมองว่าเป็นคนดีแต่ต้องการที่จะทำแต่สิ่งดีๆคิดดีทำดีอัลฮัมดุลิ้ลละห์ผลบุญจะปกป้องเรา,1
แอดขอชื่นชมความสามัคคีของเด็กรสที่ช่วยกับดับไฟที่กำลังลุกไหม้หญ้าบริเวณข้างรั้วหลังโรงเรียนในขณะที่รอรถดับเพลิงมาถึง,1
ช่วยได้มากช่วยได้น้อยก็ดีกว่าไม่ได้ช่วยอะไรเลยขออนุญาตเจ้าของรูปภาพทุกๆท่านคนดีผมไม่รู้,1
เตรียมความพร้อมก่อนเปิดให้บริการเร็วๆนี้คนดีโรงเรียนบ้านดอนชมพูสังฆประชานุเคราะห์การันตีความอร่อยโดยทีมท่านผู้บริหารและคณะครู,1
รู้สึกอย่างไรเมื่อจะได้มีโอกาสบอกให้คนอื่นรับรู้ว่าเราเองก็เคยเป็นคนดี,1
เราไม่เคยโกรธเรยน่ะถ้ามีคนบอกว่าเราเปนคนไม่ดีเพราะเราไม่เคยบอกใครว่าเราเปนคนดี,1
การที่เอ็งจะเป็นคนดีมันสำคัญอยู่ที่การกระทำมันไม่ได้อยู่ที่ใครมอง,1
☆คนดีไม่ใช่ว่าเขาไม่เคยทำผิด☆แต่คนดีรู้ว่าผิดแล้วไม่กลับไปทำซ้ำน้ำตาแม่เปลี่ยนชีวิตผู้ชายคนหนึ่งได้ขอโทษที่ไม่เคยดูแล,1
ผมขอขอบคุณพี่น้องชาวมตหนองช้างแล่นมากคับเสียงถึงจะไม่ได้ทำหน้าที่ต่อไปแต่จะไม่ลืมพี่น้องชาวบ้านมีไหรกริ้งกร้างได้ตลอดคับคุณมากๆคับคนดี,1
เกียรติยศย่อมเกิดจากการกระทำที่ซื่อสัตย์สุจริตเท่านั้นคนดีสำคัญกว่าทุกสิ่ง,1
คนดีไม่ใช่คนที่ไม่เคยทำผิดแต่คนดีคือคนที่สำนึกผิดแล้วเลิกทำพี่นำบุญมาฝากทุกท่านจ้า,1
คนดีคือคนที่บอกว่าคนอื่นไม่ดีใช่ใช่มั้ยไม่มีอะไรแค่จะบอกตัวเองว่ามันหนาวแล้วถอดเสื้อทำไม,1
หมาดีจะไม่ลืมนายวัวดีจะไม่ลืมตีนคนดีจะไม่ลืมคุณลูกดีจะไม่ลืมคุณพ่อแม่หนอนน้อยในต่างแดนที่นี้เกาหลีใต้แดนกิมจินักล่าเงินวอน,1
อย่าระแวงคนเลวแบบเราเลยระวังคนดีของคุณเถอะ,1
ไม่ว่าคุณจะเจอใครบ้างในชีวิตขอให้รู้ว่าวาสนานำพาเขาเข้ามาในชีวิตเพื่อสอนอะไรบางอย่างคนดีนำความสุขมาให้คนชั่วนำประสบการณ์มาให้อย่าโทษใครในชีวิตเพียงเรียนรู้และยอมรับจะได้ไม่ทุกข์,1
อะไรเข้าฝันให้อยากเล่นกีตาร์ตั้งใจคนดี,1
ความดีคนดีคืออย่างไรเมื่อบุคคลใดมาเจริญกระทำซึ่งกุศลกรรมบถความสะอาดด้วยกายวาจาใจที่สุจริตนี้คือความประพฤติเรียบร้อยที่ดีงามตามหลักธรรมคำตรัสสอนของพระพุทธองค์พุทธวจนก็เพราะเหตุแห่งการประกอบด้วยกุศลกรรมบถประการนี้เทวดาทั้งหลายย่อมปรากฏมนุษย์ทั้งหลายย่อมปรากฏหรือว่าสุคติอย่างใดอย่างหนึ่งแม้อื่นจึงมี,1
คนดีไม่ใช่คนที่ไม่เคยทำผิดแต่คนดีคือคนที่สำนึกผิดแล้วเลิกทำ,1
ถ้ารักเขาแล้วช้ำมารักษ์ป่ารักษ์น้ำกันดีมั้ยคนดีสสวันคริสมาสแมกไม้สายน้ำ,1
คนดีไม่ได้ดูดีที่หน้าตาไม่ได้ดูดีที่การศึกษาแต่ดูดีที่ปัญญาที่มาพร้อมกับจิตใจหัดพูดไว้ให้เป็นนิสัยขอโทษขออภัยไม่เป็นไรช่างเถอะขอบคุณแล้วชีวิตจะมีแต่ความสุขค่ะยิ้มรับตะวันยิ้มรับเช้าวันใหม่สุขกายสบายใจตลอดวันนะคะมอร์นิ่งค่ะ,1
คนดีไม่ใช่ผ้าขาวที่ไร้ตำหนิแต่เป็นคนที่พยายามสร้างตำหนิให้เกิดบนผ้าขาวน้อยที่สุดน้อมกราบหลวงตาบุญชื่นเจ้าค่ะ,1
อย่าเป็นคนดีที่ไม่มีคนเกรงใจอย่าดีเกินไปจนไม่มีใครเห็นค่ามองคนให้ขาดแล้วตัดให้เป็น,1
คนดีจะใช้สมองและความรู้สึกที่แท้จริงแยกแยะผิดชอบชั่วดีคนไม่ดีจะใช้ความคิดที่มีแต่อคติโดยไม่คิดที่จะแยกแยะผิดชอบชั่วดี,1
บรรยากาศมันได้ถ้าเจอคนที่ใช่ในเวลาที่ใช่ก็พร้อมจะหยุดที่เธอคนที่ใช่คนดีผู้ชายที่แสนดีมูลค่าของบางสิ่งไม่สามารถตีเป็นราคาได้เพราะความรู้สึกเกิดขึ้นที่ใจขอบคุณนะครับสำหรับของขวัญวันเกิดขอบคุณนะสำหรับทุกๆอย่างที่เทอทำให้พี่อยู่เป็นรอยยิ้มแบบนี้ไปนานๆเลยนะคนดีขอบคุณสำหรับของขวัญวันเกิด,1
ธรรมะรับอรุณสวัสดีคนดีทุกๆท่านเรื่องคนดีคนดีไม่ใช่คนที่ไม่เคยทำผิดคนดีคือคนที่สำนึกผิดและเลิกทำรู้มั้ยว่าถ้าเราเลือกมาทางธรรมยอมทุกข์ยากลำบากกับการบำเพ็ญมาทำลายตัณหาความอยากให้หมดไปจากใจแล้วเราจะพบความสุขไปตลอดไม่มีที่สิ้นสุดขอผลบุญรักษาคนดีดีทุกๆท่านด้วยความปรารถนาดีอมตะฆ่าไม่ตาย,1
คนดีไม่ใช่ผ้าขาวที่ไร้ตำหนิแต่เป็นคนที่พยายามสร้างตำหนิให้เกิดบนผ้าขาวน้อยที่สุด,1
เจอแต่คนใส่หน้ากากเข้าหากันทุกวันจนบางครั้งไม่แน่ใจสิ่งที่ยื่นให้มีความจริงใจกี่เปอร์เซ็นต์หน้ากากคนดีสวัสดีวันอาทิตย์ขอให้ทุกท่านมีความสุขความเจริญนะครับผม,1
คนที่น่านับถือคนที่น่าเกรงใจมันไม่ใช่คนรวยหรือคนดังแต่มันคือคนดีคนจริงใจคนที่มีหัวใจจำเอาไว้,1
นี่คือต้นแบบตำรวจไทยที่ดีเลยสินะตบมือเลยตำรวจไทยตำรวจดีคนดีขอบคุณพี่ตำรวจทั้งสองคนที่ขับเลยไปแล้วแต่ยังกลับรถมาช่วยเราขอบคุณมากๆนะคะ,1
คนดีตกน้ำไม่ไหลตกไฟไม่ไหม้ทำดีเอาไว้ใจใสใจดีจะมีแต่ความสำเร็วงว่างและในบ้านยังมีมือว่างนะคะ,1
เรื่องบางเรื่องเมื่อมันถึงเวลาทุกอย่างมันก็จะชัดเจนเองไม่จำเป็นต้องพยายามหรือร้องขอปล่อยให้เวลาทำหน้าที่ของมันเองคนดี,1
คนดีเดินไปไหนใครก็ทักคนดีมีคนรักใครก็สนคนดีแม้ตกอับก็ไม่จนคนดีแม้นจะจนก็มีกินคนดีไปไหนเขาก็ช่วยคนดีอยู่ที่ไหนพระก็เห็นคนดีอยู่กับใครก็เยือกเย็นคนเย็นอยู่กับใครก็สบายคนทั้งหลายอยากสบายต้องทำดี,1
คริสต์มาสปีหนึ่งมีแค่วันเดียวแต่คิดถึงเธอคนเดียวมีทุกวันคนดี,1
กูจะเป็นคนดีได้ยังไงเมื่อคนเล่าก็เหี้ยคนฟังก็ควายคิดฮอดสมัยเดินดง,1
โลกใบนี้สอนให้เราเป็นคนดีแต่อย่าเป็นคนโง่ใครคบได้ก็คบไว้ใครคบไม่ได้ก็ถอยออกมาเราไม่กินเสือใช่ว่าเสือจะไม่กินเราเราจริงใจกับเขาอย่าคิดว่าเขาต้องจริงใจกลับคืนมา,1
แล้วผมไม่เคยเสียใจเลยที่ทุกคนบอกผมเป็นคนไม่ดีเพราะผมเองก็ไม่เคยบอกใครว่าผมเป็นคนดี,1
อยากเจอคนดีเชิญป้ายหน้าน๊าป้ายนี้มีแต่คนชั่วค่าบผม,1
เพชรดีให้ดูที่เหลี่ยมผ้าดีให้ดูที่ลายดอกไม้ดีให้ดูที่สีคนดีให้ดูที่การกระทำ,1
ผมไม่ใช่คนดีมาก่อนทุกวันนี้ก็มีเลวอยู่บ้าง,1
เป็นหงส์ไม่ต้องบินก็สง่าเป็นคนดีแบบธรรมดาไม่ต้องรวยก็แลดี,1
เป็นคนดีไม่มีรอยสักเหล้าไม่จับกินแต่ผักกับผลไม้,1
ไม่เคยบอกว่าตัวเองเป็นคนดีแต่รู้ว่าใครดีและควรดีกับใคร,1
คนดีไม่ใช่คนที่ไม่เคยทำผิดแต่คนดีคือคนที่สำนึกผิดแล้วเลิกทำดูดวงออนไลน์เปลี่ยนเบอร์มงคลหมออมธิดามังกรพยากรณ์,1
หลานสาวเก่งๆๆแข่งยิมนาสติกที่นิวยอร์กธันวาคมได้รางวัลยินดีด้วยลูกสู้ต่อไปดญแดรี่ลินโอลิเวียมังคโรดมสู้ๆแดรี่ลินยิมนาสติกเก่งชื่นชมคนดีหลาน,1
คนดีชะอวดนครศรีธรรมราชแม่ได้พบเป๋าตังของลุงเลื่องจำนวนเงินบาทมอบให้คืนเจ้าของอย่างสมบูรณ์มีความสุขทั้งคนพบและเจ้าของลุงทำเป้าตังค์หายระหว่างถนนสายอำเภอใหม่ม้ายถึงครึ่งชมได้คืนเลยคนชะอวดเรานี้ยังมีคนม้ายเอาของใครเยอะคะชื่งน้ำใจแกจริงๆคนดีต้องให้กำลังใจกันนะที่มาเยาวลักษณ์รจนา,1
ขอให้การเดินทางต่อจากนี้มีคำว่าดีต่อท้ายในทุกๆเรื่องๆที่ต้องเจออะไรที่ดีอยู่แล้วขอให้ดีคูณงานดีเงินดีโชคลาภดีครอบครัวดีสุขภาพดีคนดีความรักดีพร้อมเพย์มีนะสุดท้ายขอให้อายุนี้ได้บรรจุสักทีนะคะ,1
ใส่บาตรพระสงฆ์อนุโมทนาสาธุบุญร่วมกันนะครับคนดีเช้านี้อาหารแห้งน้ำดื่มอนุโมทนาสาธุ,1
ห้องพระใกล้เสร็จแล้วนร้าใครอยู่ใกล้ๆก็แวะมาไหว้มาขอพรได้น่ะจร้าบ้านนี้ต้อนรับแต่คนดีจ้ามีให้อวดก็ขออวดหน่อยนร้าช่วงนี้มีของให้อวดเยอะอย่าเพิ่งอิจฉากันเด้อ,1
คนดีต้องเป็นแบบไหนหรอหรือคนดีต้องยอมให้คนจัญไรเอาเปรียญทุกทางแบบนั้นหรอครัช,1
ขอบคุณนะคะพ่อจ๋าของเมียมูลค่าของบางสิ่งไม่สามารถตีเป็นราคาได้เพราะความรู้สึกเกิดขึ้นที่ใจขอบคุณนะคะสำหรับของขวัญวันเกิดขอบคุณนะสำหรับทุกๆอย่างที่เทอทำให้เค้าขอบคุณครอบครัวเทอที่รักเเละเอ็นดูมันมีค่ามากจริงๆอยู่เป็นรอยยิ้มแบบนี้ไปนานๆเลยนะคนดีขอบคุณสำหรับของขวัญวันเกิดรักพ่อจ๋ามากๆนะขอบคุณคำอวยพรของทุกๆคนนะคะขอให้ทุกคนสุขภาพร่างกายแข็งแรงร่ำรวยๆทุกๆคนนะคะ,1
เป็นคนดีนั้นมันก็ยากอยู่หรอกเพราะนิยามของคนดีมีเยอะอยู่จึงพูดไม่ได้ว่า,1
ฉันเป็นคนดีแต่ฉันขอเป็นคนที่คิดดีพูดดีทำดีเพราะจะทำให้ชีวิตดีจริงๆนะฝันดีนะคะทุกคนชีวิตคิดบวกคนดีฉันเป็นคนดีคิดดีพูดดีทำดีชีวิตดี,1
บางครั้งเราทำดีกับคนผิดบางครั้งเราทำผิดกับคนดีความเชื่อใจสร้างยากทำลายง่าย,1
ไม่ขาวจนสะอาดไม่มืดจนดำสนิทเก่งให้น้อยคือปากเก่งให้มากคือลงมือทำคนดีอ้ายกะไปคือเก่าฮ้านหละหนีลูกมากินมื้อค่ำ,1
สิ่งหนึ่งที่ยิ่งทำให้ผมรักผู้หญิงคนนี้มากขึ้นในทุกๆวันคือความดีนอกจากที่ทุกๆคนรู้อยู่แล้วว่าเจ๊ฟ้าเป็นคนที่ร่าเริงสนุกสนานรักและแคร์คนรอบตัวเสมอแต่สิ่งที่มีคุณค่ามากไปกว่านั้นคือฟ้าไม่เคยคิดที่จะเอาเปรียบใครฟ้าไม่เคยสร้างความลำบากใจให้ใครฟ้าไม่เคยคิดลบต่อคนอื่นสิ่งที่พูดมาทั้งหมดไม่ได้มีเจตนาเปรียบเทียบกับใครแต่สำหรับผมฟ้าเป็นคนดีและคู่ควรกับคำว่าคู่ชีวิตของผมครับเจ้าสาวคนสวย,1
ไม่ได้เป็นคนดีมากมายแต่ก็ไม่เคยร้ายใส่ใครก่อนน๊าา,1
ถึงเหี้ยก็เหี้ยแบบจริงใจไม่เคยหลอกใครว่าเป็นคนดี,1
คนดีมักพูดแต่เรื่องน่าชื่นชมยินดีของผู้อื่นเพราะคำพูดและความคิดที่ดีมักออกมาจากจิตใจที่ดีส่วนคนไม่ดีนั้นจิตใจมีแต่ความหยาบกร้านคิดอะไรมีแต่สิ่งที่มัวหมองจึงสะท้อนออกมาเป็นคำพูดคนดีมักชื่นชมคนอื่นคนชั่วมักคอยตำหนิและมองเห็นแต่ความชั่วของคนอื่นเพราะไม่เคยเห็นความดีของใครและไม่เคยเห็นความไม่ดีของตัวเอง,1
การจะเป็นคนดีมันสำคัญอยู่ที่เราทำไม่ใช่อยู่ที่ใครมอง,1
คนร้อยคนก็คงมองเราร้อยแบบไอ้เราก็ไม่ว่างที่จะไปเป็นทุกแบบที่คนเขามองมันก็คงไม่ไหวแต่อะไรที่เขาว่ามาก็ฟังๆไว้ถ้าดีก็ทำต่อไปถ้าไม่ดีก็แก้ไขและเป็นคนดีตามแบบของเราก็น่าจะพอสวัสดีวันพระใหญ่คิดดีพูดดีทำดีแล้วจะพบเจอแต่สิ่งดีๆขอเจริญพร,1
หน้าที่ก็มากมีเลี้ยงลูกให้เป็นคนดีก็อยากจะปั้นเอง,1
ยอมรับว่าไม่ใช่คนดีเพราะทุกวันนี้เป็นคนแซ่บ,1
ไม่อยากเป็นหรอกแซนตี้อยากเป็นคนดีของคุณมากกว่าวันพุธ,1
กุอะไม่เคยบอกใครเลยว่ากุเปนคนดีแต่กุไม่เคยเหี้ยกะคนที่เขาดีกะกุแค่นั้นเองฝากไว้ให้คิด,1
คนดีจะมาพร้อมเรื่องราวดีๆคนไม่ดีจะมาพร้อมบทเรียนดีๆว่างแล้วใครจะปรึกษาเรื่องประกันทักมาไว้ได้เลยนะคะคนที่ทักทิ้งไว้ทยอยตอบครบแล้วจร้า,1
ทองแท้ไม่กลัวไฟคนจริงไม่กลัวอุปสรรคคนดีไม่กลัวคำนินทาสิ่งใดดีถูกต้องตามธรรมจงทำสิ่งนั้นกุศลย่อมเพิ่มพูนอย่ามีอัตตามากอย่าก่อทิฐิสูงใครจะว่าหรือนินทาก็ช่างเขาหน้าที่เราทำดีเรื่อยไปเป็นพออตฺตนาโจทยตฺตานํพึงเตือนตนด้วยตนเองพลธรรมะอิสระอรุณสวัสดิ์เช้าวันศุกร์ครับ,1
ปีเก่าจะผ่านไปปีใหม่จะมาถึงขอให้พี่น้องทุกท่านจงมีแต่ความสุขความเจริญตลอดปีนะครับร่วมด้วยช่วยกันผู้แทนของประชาชนผู้แทนนอกสภาผู้แทนบ้านนอกเขตห้าขอนแก่นอำเภอภูเวียงอำเภอเวียงเก่าหนองนาคำอำเภอสีชมพูเราจะไม่ทิ้งกันคนจริงไม่อิงผลงานคนอื่นคนดีวุฒิพงศ์คนบ้านเฮาอดีตผู้ชำนาญการประจำตัวท่านอิสสระสมชัย,1
คนเรามีประวัติดีไม่ดีมาทั้งนั้นแหละกูไม่ได้เกิดมาเมื่อวานประวัติเลยไม่ได้ขาวสะอาดด้านดีกูก็เอาไว้ใช้กับคนดีส่วนด้านไม่ดีกูก็เอาไว้ใช้กับคนที่เหี้ยใส่กูดีมาก็ดีกลับเหี้ยมากูก็เหี้ยกลับไม่โกงคับมันอยู่ที่ใจของกู,1
ในโลกนี้มีทั้งด้านดีและไม่ดีสลับกันไปอยู่ที่เราเลือกกระทำว่าจะเป็นผู้ทำลายหรือผู้ให้ฝากไว้ให้คิด,1
ในโลกนี้มีทั้งด้านดีและไม่ดีสลับกันไปอยู่ที่เราจะเลือกกระทำว่าจะเป็นผู้ทำลายหรือเป็นผู้ให้,1
คนเรามันมีทั้งด้านด้านดีกับด้านลบด้านดีคิดดีทำดีไม่คิดร้ายกับคนอื่นไม่เอาเปรียบคนอื่นส่วนด้านลบคิดในแง่ลบกับคนอื่นคิดไม่ซื่ออิจฉาคนอื่นเห็นแก่ตัวมันก็อยู่ที่เราจะอยู่ด้านไหนบางทีกูก็บ้านั้งพูดอยู่คนเดียว,1
คนเรามีสองด้านเสมอด้านดี☺ด้านเลวอยู่ที่ว่าจะเลือกใช้กับใครก็เท่านั้นเองดีบ้างเลวบ้างตามสถานการณ์สังคมมันเหลี่ยม,1
คนทุกคนมีทั้งด้านดีและด้านไม่ดีอยู่ที่ว่าเค้าจะหันด้านไหนมาให้เราดูหมั่นสร้างภูมิให้แก่ตัวเองกันค่ะคือจุดเริ่มต้นการดูแลตัวเรานะคะ,1
เหรียญยังมีสองด้านความสันดานก็เช่นกัน💣ด้านดีด้านไม่ดีอยากเห็นด้านไหนก้อเอามาแลก,1
แฟนมารีสวยรวยมีชื่อเสียมีอิทธิพลด้านดีการตลาดเหนือมนุษย์,1
คนเรามีสองด้านด้านดีด้านเลวขึ้นอยู่ที่ว่าคุณจะเลือกมองด้านไหนปีใหม่ที่จะถึงนี้ใครจะชวนกินเหล้าเลี้ยงด้วยน่ะจัดได้เลยน่ะครับจ้วดๆแน่นอน,1
ชีวิตนี้สั้นนักจงมีความสุขไม่ใช่เเค่เฉพาะตอนเจอสิ่งดีๆแต่จงมีความสุขที่ได้จากการมองเห็นด้านดีของสิ่งเลวๆเจริญพรหลวงพี่กาโตะ,1
คนเรามักจะมีสองด้านขึ้นอยู่กับสถานการณ์นั้นๆด้านดีด้านร้ายเช่นเดียวกับคำว่าเหรียญสองด้านไม่เข้าใจก็เลื่อนผ่านไปนะ,1
บ่อยครั้งที่เราอยากจะเจอคนดีในแต่ละวันใครต่อใครผ่านเข้ามาในชีวิตแต่เราเลือกไม่ได้เลยที่จะเจอคนดีคนที่เราคาดหวังให้เป็นไปตามที่เราต้องการเมื่อไม่เป็นไปตามที่เราคาดหวังที่เราต้องการความผิดหวังก็เกิดขึ้นแต่เราเลือกที่จะจัดการกับอารมณ์ของเราได้ในความโชคร้ายหากเรามองด้านดีในแต่ละวันเราก็จะผ่านความโชคร้ายนั้นไปได้,1
ด้านดีกูก็มีด้านร้ายกูก็มีมันขึ้นอยู่กับว่ามึงเข้าหากูด้านไหนฝากไว้ให้คิดคนเราทุกคนต่างก็มีสองด้านทั้งนั้นแหละด้านดีด้านร้ายแต่ทุกครั้งที่เราคบใครเราจะใช้ใจแลกใจและให้เขาเห็นด้านดีเราก่อนเสมอแต่ถ้ามันไม่เวิร์คก็คงต้องได้เห็นด้านร้ายของเราบ้างแหละ,1
จงมีความสุขไม่ใช่เพราะทุกสิ่งทุกอย่างดีแต่เพราะเราเห็นด้านดีในทุกสิ่งทุกอย่างสวัสดีวันจันทร์ความสุขอยู่ที่เราคะไก่วิสาขา,1
ด้านดีกูก็มีด้านเลวกูก็เยอะส่วนใครจะเห็นด้านไหนมันขึ้นอยู่กับความจริงใจที่มึงให้กู,1
เหลี่ยมมีกันทุกคนแต่มึงไม่ควรเอามาใช้กับคนที่เค้าดีกับมึงกูไม่ได้เกิดเมื่อวานชีวิตถึงจะได้ขาวสะอาดกูมีทั้งดีและไม่ดีด้านดีกูก็ใช้กับคนที่ดีด้านเหี้ยกูก็ใช้กับคนเหี้ยๆอ่ะค่ะ,1
คนเรามีทั้งด้านดีมีทั้งด้านไม่ดีขึ้นอยู่กับว่าเขาจะแสดงด้านไหนให้เห็นแต่ถ้าหันด้านดีให้แล้วไม่เห็นก็จะหันอีกด้านให้ดูอย่ามาว่าผมเหี้ยก็แล้วกัน,1
อรุณสวัสดิ์เช้าวันพฤหัสบดีที่กุมภาพันธ์ทุกคนย่อมมีมุมที่ไม่โอเคทั้งนั้นแหละอย่าไปคิดว่าใครจะเลิศเลอเพอร์เฟคเราทุกคนต่างก็หันด้านที่สวยงามออกมาเสมอด้านแย่ๆก็ต้องเก็บไว้ตัวเราก็เช่นกันเรายังหันด้านดีๆของเราออกมาเลยด้านแย่ๆยังไม่เห็นให้ใครดูเป็นธรรมดาอยู่แล้วอย่าไปอิจฉาใครอย่าไปอยากเป็นเหมือนใครเพราะไม่รู้ว่าสิ่งที่เขากำลังเป็นมันปลอมรึเปล่าเอาตัวเราอยู่กับตัวเราและมีความสุขในแบบเรานั้นแหละดีที่สุดแล้วได้ดี,1
เป็นคนธรรมดาที่เวลาใครหันด้านไหนให้ก็ยินดีที่จะหันด้านนั้นกลับคืนให้เสมอด้านร้ายหรือด้านดี,1
อย่าเหี้ยกับผมเรยเพราะต้นทุนผมไม่ใช่คนดีด้านดีผมก็มีด้านเหี้ยผมก็เยอะ,1
ด้านดี→กูก็มีด้านเลว→กูก็เยอะส่วนใครจะได้เห็นด้านไหนมันก็ขึ้นอยู่กับความจริงใจที่มีให้กูว่าแค่ไหน,1
กระจกนั้นมันมีสองด้านเปรียบเหมือนตัวเรานั้นมีสองด้านด้านดีด้านไม่ดีขึ้นอยู่กับคนมองว่าจะมองเห็นด้านใหนห้ามความคิดใครไม่ได้ห้ามให้มองแบบใหนนั้นไม่ได้เป็นตัวเองให้มากที่สุดสักวันเขาจะเห็นเองแต่เมื่อไหร่นั้นอันนี้เราก็มิอาจรู้ได้,1
คนเรามีหลายด้านทั้งด้านดีและด้านไม่ดีแต่สำหรับเราด้านมาก็ด้านกลับตอแหลมาตอแหลกลับวินๆๆค่ะ,1
ผู้คนมักชอบพูดถึงเราในด้านลบเพราะมันน่าสนใจกว่าด้านดีที่เราทำพักผ่อนดีกว่า,1
ทุกคนมีอดีตกันทั้งนั้นแหละกูไม่ได้เกิดเมื่อวานชีวิตถึงจะได้ขาวสะอาดกูมีทั้งดีและไม่ดีด้านดีกูไว้ใช้กับคนที่ดีส่วนด้านเหี้ยๆไว้ใช้กับคนเหี้ยๆ,1
คนเรามีทั้งด้านดีและด้านไม่ดีกันทุกคนอยู่ที่ว่าเลือกทำด้านไหนมากกว่ากันทำเรื่อยๆทำบ่อยๆก็จะกลายเป็นนิสัยนานๆเข้าก็จะกลายเป็นสันดาน,1
เห็นหน้าเธอแล้วน่าเอาไปทำเขื่อนกั้นน้ำนะด้านดีน่าจะแข็งแรงทนทานต้านกระแสน้ำได้,1
ผมจะให้ด้านดีหรือด้านเลวกับใครมันขึ้นอยู่กับว่าคุณเอาด้านไหนของคุณมาแลกกับผมดีมาดีก็กลับร้ายมาก็ร้ายกลับไม่โกงครับฝากไว้ให้คิดกูช่างกอล์ฟมาไง,1
มองดูหลายๆด้านอย่ามองด้านเดียวด้านดีมีไม่เหมือนกันเลือกแล้วก็ไปให้สุดอย่าออกตัวแรงถ้ายังไม่รู้อะไรเลย,1
ผมไม่เคยบอกกะใครว่าตัวผมดีอยู่ที่คุณมากกว่าจะจะมองผมในด้านดีหรือด้านเลว,1
คนเรามีอยูสองด้านด้านดีด้านเลวอดีดปัจจุบันด้านขาวด้านดำแล่วแตคิดแล่วแตแลสาระกะมากำใครกำหมัน,1
ทุกคนมีอดีตกันทั้งนั้นแหละกูไม่ได้เกิดเมื่อวานชีวิตถึงจะได้ขาวสะอาดกูมีทั้งดีและไม่ดีด้านดีกูไว้ใช้กับคนที่ดีส่วนด้านเหี้ยกูไว้ใช้กับคนเหี้ยๆเข้าใจมั้ยลูกอีช่างเสือกความเหี้ยต้องไว้ใช้กับคนเหี้ยๆที่พูดเอาดีเข้าตัวเอาชั่วให้คนอื่นสวัสดีวันจันทร์คะ,1
ด้านดีหยาบด้วยดูก็รู้ถ้าอยุ่กับกูลำบากแน่ๆ,1
ด้านดีด้านร้ายยากเหันด้านใดเอามาแลกกัน,1
รู้จักกุแต่ด้านดีอ่ะดีแล้วอย่าเจอกุเลยตอนด้านเลวมึงเชื่อกุสิฝากไว้ให้คิด,1
ผู้คนมักพูดถึงเราในด้านลบเพราะมันน่าสนใจกว่าด้านดีที่เราทำ,1
มนุษย์มีกี่ด้านด้านมึดด้านสว่างหรือด้านดีด้านเลว,1
ด้านดีด้านร้ายอยู่ทีว่าคุณจะเอาด้านไหนมาแลกทักทายทุกท่านยามสายๆนะคัพยากเห้นคนขับจังคัพ,1
ตื่นเช้ามาทำตัวให้สดใสสุขใจรวยรัวๆๆทุกคนค่ะเคยเครียดแล้วไม่มีอะไรดีขึ้นพอยิ้มแล้วสุขภาพกายใจจิตก็ดีด้านดี,1
ด้านดีเราก็มีด้านเลวเราก็เยอะส่วนใครจะมองเห็นด้านไหนคงขึ้นอยู่กับสภาวะจิตใจของคนๆนั้นภาพทั้งภาพนี้อยู่ในสถานที่เดียวกันคือวัดแต่ภาพนี้มีความแตกต่างคือเสื้อผ้าและการแต่งกายแล้วคุณจะตัดสินจากอะไรว่าคนเหล่านี้ดีหรือเลว,1
ด้านดีผมก็มีด้านเลวผมก็เยอะส่วนใครจะได้ด้านไหนไปมันอยู่ที่คุณเอาหรือเอาอะไรเข้ามาแลกฝากไว้ให้คิดอยากรู้ไหรถามผมอย่ามโนดูกระจกบ้างน่ะครับจะได้เห็นตัวเองบ้างไม่ช่ายเห็นแต่คนอื่นชอบแปลบกู,1
ชีวิตใครชีวิตมันไม่เผือกน่ะค่ะกูก็มีด้านด้านดีด้านเลวอย่านะค่ะอย่าน่ะค่ะหนูเข้าใจใช่ไหมลูก,1
ผู้คนมักชอบพูดถึงเราในด้านลบเพราะมันน่าสนใจกว่าด้านดีที่เราทำแต่ถามว่าแคร์มั้ยยหึดูปาก,1
ไม่ว่าวันนี้จะหัวเราะหรือร้องไห้พรุ่งนี้ก็ต้องสู้ใหม่น่ะโลกมันหมุนตลอดเวลาวันนี้เราอาจอยู่ด้านแย่ของโลกแต่สักวันโลกมันจะหมุนเราไปอยู่ด้านดีเอง,1
คุนอยากเห็นด้านนัยในตัวผมคุนก็เอาด้านนั้นเข้าหาผมสิด้านดีด้านเลวด้านตอแหลใจแลกใจใช้ไม่ได้กับทุกคนจริงๆ,1
ด้านดีกูก็มีด้านเลวกูก็เยอะส่วนคัยจะได้เห็นด้านใหนก็ขึ้นอยู่ทีาความจริงใจที่มึงให้กูอยากเห็นกูแบบใหนมึงเอาแบบที่มึงถนัดมาแลก,1
เรามีทั้งด้านดีและด้านเลวอยู่ที่เราจะเอาด้านไหนมาใช้กับใครเท่านั้นเองทำบุญตักบาตรครับเช้านี้มอนิ่งพี่ทุกๆคนครับ,1
ด้านดีเราก็มีด้านเลวเราก็เยอะส่วนใครจะได้เห็นด้านไหนนั้นก็ขึ้นอยู่กับความจริงใจที่คุณให้อย่างที่บอกดีมาดีกลับร้ายมาร้ายยิ่งกว่าไม่โกงด้านดีเราก็มี,1
นี่แหระฉันราศรีกรกฎปากบอกว่าไม่มีอะไรแต่ในใจโคตรคิดมากด้านร้ายเจ้าคิดเจ้าแค้นแต่ยิ้มสวยมารยาทดีแค่รอเวลาเอาคืนอย่างเจ็บแสบด้านดีรักใครรักจริงเป็นคนรักที่ดีเป็นที่พึ่งให้คนอื่นได้เป็นคนมีความอบอุ่น️️️️,1
โลกมีทั้งด้านมืดด้านสว่างด้านสวยงามด้านน่ารังเกียจด้านดีด้านเลวคนเราก็เช่นกันเราเพียงรับรู้เปิดรับทั้งสองด้านด้านดีเก็บไว้ชื่นชมเป็นความสุขด้านร้ายเก็บไว้เป็นข้อเตือนใจให้เป็นบทเรียน,1
ด้านดีกูก็มีด้านเลวกูก็เยอะส่วนใครจะได้เห็นด้านไหนก็ขึ้นอยู่กับความจริงใจที่มึงให้กู,1
ด้านดีก้อมีด้านร้ายก้อเยอะส่วนใครจะได้เห็นด้านไหนก็ขึ้นอยู่กับความจริงที่มึงมีให้,1
ทุกคนเกิดมามีสองด้านเสมอส่วนผมด้านดีด้านดีที่สุดว่าซ่าน,1
ทุกคนมีอดีตกันทั้งนั้นแหละกูไม่ได้เกิดเมื่อวานชีวิตถึงได้ขาวสะอาดกูมีทั่งดีแหละไม่ดีด้านดีไว้ใช่กะคนที่ดีส่วนด้านเหี้ยไว้ใช่กะคนเหี้ยๆๆเชื่อผม,1
คนเรามีหลายด้านด้านดีด้านร้ายด้านซ้ายด้านขวาอย่ามองคนเพียงด้านเดียว,1
ด้านดีฉันก็มีด้านเลวฉันก็เยอะส่วนใครจะได้เห็นด้านไหนก็เอาด้านนั้นมาแลกเหลี่ยมมาเหลี่ยมกลับดีมาดีกลับร้ายมาร้ายกลับฝันดีพุ่งนี้ขอให้เฮงๆลูกค้าล้นๆ,1
ผมมีทั้งด้านดีและด้านร้ายส่วนคุณจะเจอด้านไหนขึ้นอยู่กับความจริงใจของคุณที่มีให้ผม,1
คนเรามีสองด้านเสมอด้านดีก็ใช้กับคนดีๆด้านเหี้ยก็ใช้กับคนเหี้ยๆจบปิ๊ง,1
ทุกคนมีอดีตด้วยกันทั้งนั้นแหละ,1
กูไม่ได้เกิดเมื่อวานถึงจะได้มีชีวิตที่ขาวสะอาดกูมีทั้งด้านดีและไม่ดีด้านดีกูไว้ใช้กับคนดีๆส่วนด้านที่ไม่ดีไว้ใช้กับคนเหี้ยๆทางนักเลง,1
ด้านดีกูก็มีด้านเลวกูก็เยอะส่วนใครจะได้เห็นด้านไหนก็ขึ้นอยู่กับความจริงใจที่มึงมีให้กู,1
ด้านดีกูก่อมีด้านเลวกูก่อเยอะส่วนใครจะเห้นด้านไหนก่อขึ้นอยู่กับความจิงใจที่มึงมองกูกูไม่สนเสียงเห่าหอนคนอย่างมึงหรอกอย่าลืมจุดที่มึงยืนอยู่กูเคยยืนมาก่อนมึงนะฮั่นแน่,1
หลายครั้งอาจจะเสียใจเพราะคำพูดคนแต่จงอดทนอย่าเสียคนเพราะคำพูดใครคนหนึ่งคนมีทั้งด้านดีและด้านไม่ดีจงเลือกเสพในส่วนที่ดีพอคนมองว่าเขาไม่ดีเราอย่าเหมารวมว่าเขาไม่ดีทั้งหมดคนคนนั้นอาจจะดูแรดตอแหลชอบยั่วผู้ชายแต่ถ้าเขาเป็นคนกตัญญูรักพ่อแม่ดูแลทำทุกอย่างเพื่อครอบครัวจงเสพในส่วนนี้ที่ดีของเขาดีกว่าพวกดูดีมีสกุลแต่จิตใจหยาบช้ากักขฬะจอมมารบลูถือกำเนิดส้มฉุนไงขอบคุณทุกดวงหัวใจที่กดให้รักคนกดหัวใจใครกดหัวใจเรากดติดตามปรเมศวร์รัฐนนณัฐฏ์ถูกใจสิ่งนี้แสนดีมีบาร์เอาชนะคนที่กระทำแย่ๆใส่เราด้วยการไม่ตอบโต้,1
เพื่อนไม่ต้องรวยล้นฟ้าไม่ต้องมีใบปริญญาไม่ต้องหน้าตาดีแต่สิ่งที่เพื่อนต้องมีคือความจริงใจวัยรุ่นลูกท่องมิตรที่ดีมีได้เสมอ,1
ความจริงใจของขวัญที่วิเศษที่สุดของคำว่ามิตรภาพคือการมอบความจริงใจให้แก่กันเมื่อขาดความจิงใจก็ย่อมไม่มีคำว่าเพื่อนต่อให้เป็นของขวัญชิ้นไหนๆก็ไร้ราคาถ้าผู้ที่หยิบยื่นให้ยื่นด้วยมือมิได้ด้วยใจอย่ายื่นดอกไม้ให้ใครถ้าหัวใจยังไม่เบ่งบานเพราะดอกไม้งามได้ด้วยรากที่สมบูรณ์และการดูแลรักษาคงไม่ต่างอะไรกับเศษหญ้าคาถ้าถูกแดดมาแบบไร้รากและก็คงจะบานอยู่ไม่ได้นานถ้าขาดน้ำหล่อเลี้ยงเหมือนความจริงใจที่ให้แค่ครั้งเดียวก็เ่ยวเฉาและคงจะเรียกความจริงใจไม่ได้แต่หากผ่านการดูแลรักษาอย่างดีผ่านการเวลาอย่างงอกงามต่อให้ดอกไม้ช่อนั้นร่วงโรยไปตามกาลเวลาดอกไม้ช่อนั้นก็จะบานอยู่ในใจมิตรแท้เสมอนานตราบเท่าความจริงใจ,1
สังคมหน้ากากใช้เล่เหลี่ยมเป็นวาทะหกเดินหน้าหามิตรแท้มิได้ความจริงใจไม่มีอยู่อย่างฮัวสันหลังหว๊ะพลาดเมื่อไหร่โดนกินโต๊ะนี่นะหราสังคมศิวิลไลย์ที่คุงใฝ่หาเหลี่ยมมาฉิ่งก่องคุงทามได้ๆเจอมาเล่าสุ้กันฟังค่ะ,1
สร้างภาพหรือจะสู้ความจริงใจคำอธิบายหรือจะสู้การกระทำ,1
แท้ไม่แท้เค้าวัดกันตอนจบวัดกันตอนเดือดร้อนวัดกันตอนมีปัญหาวัดว่าจุดตรงนั้นหันมาเห็นหน้าใครบ้างไม่ได้วัดกันตรงที่ตอนมีเงินตอนมีอำนาจตอนมีความสุขเพราะมีเงินมีชื่อเสียงใครๆก็เข้าหามันเป็นธรรมดาพอหมดเดินผ่านหมาหมายังเมินของพวกนี้ไม่มีอะไรแน่นอนมีสิ่งเดียวที่แน่นอนคือความจริงใจและความชัดเจนเพื่อนรู้จักให้เยอะคบให้น้อย,1
แล้ววันหนึ่งจะรู้ว่าสิ่งที่เรามีให้มันหาไม่ได้จากทุกคนความจริงใจความใส่ใจความทุ่มเทความรักที่เรามีให้และความสบายใจถึงวันนี้เราไม่มีวันข้างหน้าอาจจะเป็นวันของเราสู้เขาอาภัสราไม่มีกำลังใจใดเท่าให้กำลังใจตัวเองปลอบใจตัวเองแล้ว,1
เอาตรงๆเมื่อก่อนมั่นใจมากว่าอ่านคนเก่งตอนนี้ไม่แน่ใจว่ะว่าเขาจริงใจกับเราหรือแค่หลอกล้วงเอาข้อมูลจากเราความจริงใจมันดีแต่บางคนไม่มองเราว่าดีเขามองเราโง่,1
เคยมีคนมาถามผมว่าอะไรที่สำคัญและหายากกว่าเงินผมตอบไปอย่างมั่นใจว่าความจริงใจครับผลผลิตหลังห้องได้เเค่นี้ก็ดีใจเเล้วจงจำเอาไว้ผมมีสไตล์ในเเบบของตัวผมเองโก๋น้ำพิชัยรัตนจินดา,1
ครอบครัวสมบูรณ์แบบคืออะไรความรักความซื่อสัตย์ความจริงใจความเชื่อใจความใส่ใจความเข้าใจเห็นอกเห็นใจที่สำคัญเราเคยลำบากมาด้วยกันมีทั้งสุขและทุกข์เราก็ฝ่าฟันมาได้ขอร้องนะคะคุณๆที่เสนอตัวอยากได้สามีฉันจนตัวสั่นทักมาเสนอตัวมากมายหลายคนหยุดซะต่อไปแม่จะฟ้องแล้วนะรับคำขอโทษเป็นเงินสดเท่านั้น,1
เพื่อนไม่ต้องรวยล้นฟ้าไม่ต้องมีใบปริญญาไม่ต้องหน้าตาดีแต่สิ่งที่เพื่อนต้องมีคือความจริงใจวัยรุ่นทรงลำมิตรที่ดีมีได้เสมอโอมนฤมลล,1
เขื่อมั่นในสิ่งที่ทำถึงผลลัพธ์ต้องใช้เวลาคนแบบพี่มีน้อยแต่มีนะความจริงใจฝันดีในทุกคืนนะคะ,1
ปกติก็เป็นคนที่ให้คุณค่าเรื่องความรัก&ความจริงใจมากๆอยู่แล้วยิ่งผ่านร้อนผ่านหนาวยิ่งชัดเจนขึ้นเรื่อยๆว่าผู้ชายคนนี้รักและจริงใจเพียงใดทุกอย่างมันเกิดขึ้นตั้งแต่ปีที่สุดของคำว่าคู่ชีวิตเราร่วมทุกข์ร่วมสุขเรากอดคอตบไหล่กันเราซบอกกันยามผิดหวังเสียใจเรายิ้มและหัวเราะด้วยกันเราให้กำลังใจกันเสมอที่สำคัญคือเราเมาด้วยกันตลอดเราเป็นคู่รักที่สนิทสนมกันมากๆได้สามีดีไม่พอแถมยังได้พ่อแม่ของสามีที่โคตรจะดีน้ำตาจิไหล,1
แท้ไม่แท้เค้าวัดกันตอนจบวัดกันตอนเดือดร้อนวัดกันตอนมีปัญหาวัดว่าจุดตรงนั้นหันมาเห็นหน้าใครบ้างไม่ได้วัดกันตรงที่ตอนมีเงินตอนมีอำานาจตอนมีความสุขเพราะมีเงินมีชื่อเสียงใครๆก็เข้าหามันเป็นธรรมชาติของพวกนี้ไม่มีอะไรแน่นอนมีวันมีก็ต้องมีวันหมดมีสิ่งเดียวที่แน่นอนคือความดีความจริงใจเจริญพรคุณโยมที่รัก,1
มุมมองจากการลงสนามจริงคนรวยบางคนก็มาจากการหลอกขายฝันจากความสำเร็จที่อยู่ในจินตรนาการของช่วงความคิดที่อยู่ในช่วงตกต่ำของผู้หลงทางวันนี้เราได้เห็นอะไรหลายๆอย่างจากโลกของความจริงยิ่งกับคนที่เราเห็นการกระทำและผลลัพธ์ซึ่งขัดแย้งกับความเป็นจริงได้เผยแพร่บนโลกโซเชียลยิ่งทำให้เรารู้ว่าอันตรายมากๆที่จะคล้อยตามเพราะเราไม่สามารถมีสติมากพอที่จะตัดสินใจในห้วงของการล้มเหลวจนหลงเชื่อไปแล้วบางทีการลงสนามเองจากเงินทุนเพียงน้อยนิดอาจจะทำให้เราไปได้ดีกว่าในแนวทางของเราก็เป็นได้ลองคิดหาทางลองทำลองลงมือที่สำคัญลองอดทนได้หรือยังสู้ๆนะคับเราไม่ได้อยากรวยจากคนอื่นหรอกเราแค่อยากให้คนอื่นอยู่ได้จากเราก็เท่านั้นความจริงใจจากนี้เพื่อสังคมแล้วรายได้จะตามมาตัวเองคนขายบาร์บีคิวขอบคุณจาก,1
ครูไม่เคยเห็นฝึกไม่เคยเห็นลงรูปแต่ทำไมมีงานสอนเสมอทำไมถึงสร้างความมั่นใจให้ผู้ฝึกได้ตอบสั้นๆความจริงใจความใส่ใจขอบคุณลูกค้าชมที่,1
โลกสวยเกินไปก็ไม่ดีหลังจากนี้ขอเป็นเป็นคนธรรมดาที่ไม่สร้างความเดือดร้อนให้ใครก่อนใครหันด้านไหนมาก็ยินดีหันด้านนั้นกลับคืนเสมอยังคงเชื่อในความจริงใจเสมอว่ามันมีคุณค่าถ้าหากมันใช้ถูกเวลาและถูกคน,1
ถ้าตัดสินฉันด้วยจำนวนเงินฉันแพ้ตั้งแต่เริ่มต้นถ้าตัดสินฉันด้วยยศถาบรรดาศักดิ์ฉันแพ้ตั้งแต่เกิดถ้าตัดสินฉันที่ความจริงใจฉันไม่แพ้ใครแน่นอน,1
วันใดที่ผู้ชายยากจนจะรู้ว่าผู้หญิงคนไหนที่รักเขาจริงวันใดที่ผู้หญิงแก่ตัวลงจะรู้ว่าผู้ชายคนไหนที่รักเธอจริงวันใดที่คุณตดต่ำดูเพิ่มเติมกำลังพิจารณาเกี่ยวกับความหมายของชีวิต,1
ความเห็นแก่ตัวอาจทำให้คุณได้ทุกอย่างที่ต้องการแต่สิ่งนึงที่คุณจะไม่ได้คือความจริงใจมอนิ่งเช้านี้อากาศดีเย็นสบายเปิดร้านจ้า,1
เป็นคนขายของที่ไม่ว่าจะขายอะไรก็จะมีความจริงใจกับลูกค้าอันไหนไม่ดีก็ว่าไม่ดีบางอย่างไม่ขายให้ลูกค้าเลยเอาใจเขามาใส่ใจเราตลอดไม่อยากให้ลูกค้าได้สิ่งที่ไม่ดีไม่ได้ไม่อยากขายหรือสักแต่ว่าจะขายถ้าเอาแต่จะขายของไม่ดีบอกว่าดีลูกค้าเขาก็จะซื้อกับเราแค่ครั้งเดียวเมื่อให้ความจริงใจลูกค้าเขาก็จะนึกถึงเราเสมอเขาจะกลับมาหาเราเสมอในทุกๆครั้งสร้างฐานลูกค้าไว้ให้ดีนั้นคือข้อสำคัญรักษาให้เหมือนใข่ในหิน,1
เพื่อนไม่ต้องรวยล้นฟ้าไม่ต้องมีใบปริญญาต่อให้มึงจนกูก็คบแต่สิ่งหนึ่งที่มึงต้องมีคือความจริงใจ,1
ความจริงใจมักมาคู่กับความใส่ใจครับผมอย่าใช้อย่าบอกคำว่าไม่มีเวลาตราบใดที่ยังมีลมหายใจผลประโยชน์และความจริงใจนั้นไม่ใช่ของคู่กันและอยู่ร่วมกันไม่ได้ดังนั้นจึงเป็นไปไม่ได้เลยที่จะหาความจริงใจกับคนที่คบกันเพื่อผลประโยชน์,1
มากกว่าคำว่าลูกน้องกับหัวหน้าคือมิตรภาพที่ดีความจริงใจความช่วยเหลือกันซึ่งกันและกันอยากให้พวกเรารักกันช่วยเหลือกันแบบนี้ตลอดไปนะรักนะทุกคน,1
ความจริงใจอาจไม่มีอยู่ในคำพูดแต่สามารถที่จะพิสูจน์ได้ด้วยการกระทำตอนพูดสิบโลตอนโชว์สองขีดใช้ชีวิตให้วิบวับทำไปต๊ะได้ตัวเองทั้งนั้น‍พระใบฎีกาปิยะอย่าตกใจอย่างเดียว,1
ความจริงใจและความซื่อสัตย์เท่านั้นที่ผมมองว่ามันจะทำให้คนเราคบกันได้ยาวนานเพราะผมมีให้แค่เท่านี้ตังซื้อเสื้อผมยังไม่มีเลยแล้วคุณหล่ะมีหรือป่าวฝันดีราตรีสวัสดิ์,1
บางคนใช้คำว่ารักสิ้นเปลืองแต่ไม่มีความจริงใจบางคนเชื่อใจกับรักจอมปลอมจนไม่กล้ารักใครรักที่ดีคือรักตัวเองเติมตัวเองให้เต็มแล้วให้ที่เหลือเป็นกำไร,1
ถ้ามึงขี้เสือกอยุ่คนเดียวถ้ามึงขี้ทำลายอยู่คนเดียวถ้ามึงขี้อิจฉาอยู่คนเดียวถ้ามึงขี้กล่าวหาอยู่คนเดียวถ้ามึงมีแค่ความจริงใจใครก็อยากอยู่ของอุบาททำใส่พ่อกับแม่มึงมั้งวัยรุ่นลูกท่อ,1
โลกไร้พรหมแดนมิตรภาพเกิดขึ้นได้ทุกรูปแบบเริ่มจากลูกค้ากลายมาเป็นเพื่อนรักแม้จะต่างชาติต่างภาษาแต่สิ่งที่มีเหมือนกันคือความจริงใจเพราะทุกอย่างไม่ได้เกิดขึ้นเพียงแค่วันเดียวความจริงใจถึงทำให้เกิดขึ้นตลอดกาลเพื่อนรักจากต่างแดน,1
อย่ามองความจริงใจของใครโดยผ่านตาแต่จงเรียนรู้ด้วยเวลาที่ผ่านไปลิปแดงนิดๆพอได้มีแฮงทำงาน,1
ความจริงใจไม่ได้วัดกันสายตาที่มองเห็นหรือจากเรื่องที่หูได้ยินความจริงใจรู้ได้ผ่านกาลเวลาที่ผ่านไปและประสบการณ์ที่เคยผ่านร่วมกัน,1
ความจริงใจเราควรมีไว้ให้ทุกคนแต่ความเชื่อใจเราควรเชื่อได้แต่เพียงบางคน,1
ถ้าหัวใจของเราดีก็จะมีแต่เรื่องดีๆความรู้สึกดีๆและคนที่ดีๆเข้ามาหาเราเสมอความชัดเจนมันคือจุดเริ่มต้นของความจริงใจ,1
ถ้าคุณต้องใช้ความพยายามอย่างมากเพื่อพิสูจน์คุณค่าของตัวเองกับใครๆคุณจะไม่มีค่าใดๆเลยกับเค้าจริงๆความจริงใจเเม้ไม่ได้ใจใครเเต่ทำให้รุ้ใจคนความสุขณปัจจุบันสิ่งที่หายากว่าเงินทองคือความสุขสิ่งที่เงินซื้อไม่ได้คือความจริงใจ,1
มอนิ่งคะเพื่อนๆความจริงใจที่มอบให้กันตั้งแต่แรกพบเป็นสิ่งที่ส่งเสริมเกื้อหนุนให้การคบหานั้นยืนยาวถ้าอยากได้ความจริงใจจากผู้อื่นคุณต้องเป็นผู้หยิบยื่นให้เค้าก่อนขอบคุณที่รักกัน,1
ความจริงใจจะมีค่ามันต้องมีทั้งต่อหน้าและลับหลังเปิดล้านรับทรัพย์จ้า,1
เพื่อนไม่ต้องรวยล้นฟ้าไม่ต้องมีใบปริญญาไม่ต้องหน้าตาดีแต่สิ่งที่เพื่อนต้องมีคือความจริงใจรักมากมายจ้าไม่แท็กให้เห็นเอง,1
โหยหาอะไรก่อนอยากได้ความจริงใจจากคนนั้นคนนี้ตัวเองเคยมีให้ใครรึป่าว⁉ทำตัวเป็นผู้รับจนเคยพอวันนี้ไม่ได้รับจะมาทำท่าไม่พอใจคนที่เคยเป็นผู้ให้อย่าหาทำ,1
อย่ามองความจริงใจโดยผ่านตาแต่ให้เรียนรู้ด้วยกาลเวลาที่ผ่านไปสวัสดีเช้าวันเสาร์เพื่อนที่น่ารักทุกคน🛖คลองขุดบางตะบูนซิตตี้,1
จะให้คนอื่นเขาช่วยเหลือเราเราต้องช่วยเหลือตัวเราเองก่อนนะคัฟลมปากอาจไม่หวานมันคือนิสัยไม่ใช่สันดานรู้หน้าไม่รู้ใจมีถมไปเพิลกันมีเปนพันเพิลแท้มีหลักสิบคาลุยแล้วความจริงใจผมให้คุณเต็มคุณละให้ผม,1
คำสัญญามันก็แค่ลมปากการกระทำต่างหากที่จะบ่งบอกถึงความจริงใจสุดท้ายแล้วโลกจะหมุนให้เราไปอยู่ในจุดที่เหมาะสมกับเราเองขอบคุณทุกๆอย่างที่ทำให้เราได้มาเจอกันขอบคุณความรักความอบอุ่นที่มีให้ขอสัญญาว่าจะรักแค่คุณโฉนดความรัก,1
งานกฐินวัดสบเมาะวันนี้รับนิมนต์รับกฐินรับนิมนต์พิธีกรและรับนิมนต์โฆษกอนุโมทนาบุญฉันยอมสละแรงกายและเวลาเพื่อที่จะรักษาศรัทธาและความจริงใจถ้าเฮาไหว้ได้เฮาจะไหว้ทุกคนตี้มางานสาตุ๊ๆเสร็จเป็นที่เรียบร้อย,1
ความจริงใจที่มอบให้ตั้งแต่แรกพบเป็นสิ่งที่ส่งเสริมเกื้อหนุนเปลี่ยนเป็นครอบครัวที่สมบูรณ์แบบให้ลูกๆความเข้าใจพูดคุยการยอมรับแก้ปัญหาด้วยเหตุผลขอโทษให้อภัยหาเวลาอยู่ด้วยกัน,1
ไม่ว่าจะคบกันในสถานะไหนความจริงใจสำคัญที่สุด,1
อย่าเอาเปรียบคนอื่นจนเคยตัวเพียงเพราะเห็นว่าเขาเป็นคนดีบางทีความดีของเขาอาจจะกำลังซื้อความจริงใจจากคุณอยู่ก็ได้ไม่ใช่เห็นเขาใจดีแล้วจะยังไงกับเขาก็ได้เขาใจดีกับเราเรายิ่งต้องให้เกียรติเขายิ่งต้องเกรงใจเขาไม่ใช่จ้องแต่จะเอาคนดีเมื่อเขาโดนเอาเปรียบมากๆไม่นานเขาก็จะถอยขอให้ครอบครัวเจอแต่สิ่งดีๆคนดี,1
กูเป็นคนนึงที่พูดไม่เพราะนิสัยไม่ดีแต่สิ่งที่กูมีคือความจริงใจรู้จักแล้วจะหนักใจ,1
กูเป็นคนหนึ่งที่พูดไม่เพราะนิสัยไม่ดีแต่สิ่งที่กูมีคือความจริงใจ,1
อย่ามองความจริงใจโดยผ่านตาให้เรียนรู้ด้วยเวลาที่ผ่านมา,1
ชีวิตคนเราจะปลอมอะไรก็ได้แต่สิ่งสำคัญที่เรียกว่าความจริงใจไม่ปลอมเป็นพอสวัสดีวันอังคารเปิดร้านรับทรัพย์จ๊า,1
หายากกว่าเงินกะคือความสุขความจริงใจนิ่ล่ะอย่าให้เลือดอำมหิตขึ้นหน้าเด้อ,1
ความจริงใจไม่ว่าเรื่องใดแม้นไม่พูดเเต่เเสดงออกด้วยใจจริงผู้รับก็รู้สึกได้ทุกครั้งไปครับ,1
เพื่อนที่ดีไม่จำเป็นต้องหรูหราเพื่อนที่ดีไม่ได้วัดกันที่ความรวยหรือความจนเพื่อนที่ดีเขาวัดกันที่ความจริงใจไม่เอาเปรียบและช่วยเหลือกัน,1
สิ่งที่หายากว่าเงินคือความจริงใจของคนนี้แหละ👣👣สวัสดีเช้าวันหยุด,1
ความจริงใจจะมีค่าก็ต่อเมื่อเราเลือกใช้ให้ถูกคนเฝ้าร้านสุดสัปดาห์,1
เราทุกคนเกิดมาเพื่อตายด้วยกันทั้งนั้นหลายคนดิ้นรนหาทรัพย์สินมากมายเพราะคิดว่านั่นคือสิ่งมีค่าที่สุดที่มนุษย์ทุกคนต้องมีทั้งที่ความเป็นจริงแล้วชีวิตเราต้องการแค่ความรักความจริงใจและปรารถนาดีต่อกันเท่านั้นเองต่อให้คุณหาเงินได้มากมายแค่ไหนก็ซื้อสิ่งนี้ไม่ได้อยู่ดีเริ่มที่ตัวเราต้องรักจริงใจและปรารถนาดีต่อคนอื่นก่อนสักวันคงได้เจอคนที่เฝ้ารออยู่คนเดียวเหงานะแค่ไม่พูดเฉยๆ,1
สิ่งที่เราสอนกันไม่ได้คือสันดานและสามัญสำนึกสิ่งที่เราหายากมากกว่าเงินคือความจริงใจของคนหวยแดกตามเคย,1
ความจริงใจที่ผ่านตาแต่ให้เรียนรู้ด้วยเวลาที่ผ่านไป,1
ความรักไม่เคยผิดแต่ทีมันผิดเพราะไปรักผิดคนความจริงใจไม่เคยไร้ค่าแต่ทีไร้ค่าเพราะไปให้ผิดคนสักหีดหล่าวเช้าๆ,1
ลายของเสือเกิดจากเนื้อในไม่ใช่แค่ขนความดีของคนเกิดจากความจริงใจไม่ใช่แค่เปลือกนอกเปิดล้านรับทรัพย์ค่าบ,1
จิตเบิกบานยามเช้าจ้าตำแหน่งจะอยู่กับเราไม่นานตำนานจะอยู๋กับเราตลอดไปความดีชนะทุกสิ่งความจริงใจชนะทุกอย่างกราบขอบพระคุณกำลังใจทุกๆดวงจ้ากราบขอบพระคุณสื่อทุกสื่อที่อยู่เคียงข้างกันมาตลอดจ้า,1
ผมชอบความจริงใจผมไม่ชอบคนที่ทิ้งกันตอนลำบากผมไม่ชอบคนเสแสร้งใส่หน้ากากเข้าหากันผมไม่ชอบที่สุดคือคนที่ดูถูกคนอื่นคนนั้นหน้ารังเกียจชีวิตคนมีค่าเสมอ,1
ความชัดเจนความจริงใจความใส่ใจการให้เกียรติเป็นสิ่งที่กัลยมิตรที่ดีควรให้แก่กัน,1
อย่ามองความจริงใจโดยเพียงผ่านตาแต่ให้เรียนรู้ด้วยเวลาที่ผ่านไปขอบคุณขนมอร่อยค่ะขอบคุณมิตรภาพที่ดีพี่คนสวย,1
แม่บอกเสมอว่าความจริงใจเป็นจุดเริ่มต้นของมิตรภาพที่ยั่งยืนมิตรภาพที่สร้างขึ้นด้วยใจยังไงก็จะได้รับแต่สิ่งดีๆกำลังใจของก้อย,1
เพราะความจริงใจเป็นของที่มีราคาแพงจงอย่างหวังว่าจะได้รับจากคนราคาถูกที่ไม่เคยมองเห็นคุณค่าของใครเลยนอกจากตัวเอง,1
กูเป็นคนนึงที่พูดไม่เพราะนิสัยไม่ได้ดีเต็มร้อยแต่สิ่งที่กูมีคือความจริงใจ,1
ความจริงใจเป็นของขวัญราคาแพงอย่าคาดหวังมันจากคนราคาถูก,1
อย่ามองความจริงใจของใครโดยผ่านตาแต่จงเรียนรู้ด้วยเวลาที่ผ่านไป,1
ชีวิตคู่ใครๆก็มีได้แต่คู่ชีวิตนั้นไม่ได้หากันง่ายๆสูตรสำเร็จของชีวิตแต่ละคนไม่เหมือนกันสำหรับเราความจริงใจความซื่อสัตย์คือจุดพื้นฐานและจุดหลักของคู่ชีวิตเพราะความจริงใจและความซื่อสัตย์เงินทองไม่สามารถซื้อได้ขอบคุณที่เคียงข้างตลอดมาและก้าวเดินต่อไปด้วยกันจะเป็นเด็กดีไม่ดื้อไม่ซนไม่ขี้บ่นจะพยายามนะคะ,1
ถ้าไม่ใช่ผลประโยชน์จะมีสักกี่คนที่คบด้วยความจริงใจขอบคุณน้าทั้งสองมากๆสำหรับโต้ะที่มอบให้คะ,1
ขอบพระคุณเด็กๆที่น่ารักของเจ้รอยยิ้มความจริงใจความเซอร์ไพร์ให้กับเจ้ถึงไม่มากแต่มีมูลค่ากับเจ้มากเป็นเด็กๆดีของเจ้ตลอดไปขอบพระคุณค,1
ความจริงใจจะมีค่าก็ต่อเมื่อมันมีทั้งต่อหน้าและลับหลังกูขับโซนิค,1
กำลังใจเป็นสิ่งที่ให้แล้วไม่มีวันขาดทุนกำลังใจมีต้นทุนแค่เพียงความจริงใจที่มอบให้กันก็เพียงพอแล้วกำลังใจคือแสงสว่างที่คอยปลอบให้เรามีชีวิตที่กล้าสู้ในวันต่อๆไปสู้ๆนะอย่ายอมแพ้บอกทุกคนรวมถึงตัวเองเขียนเปลี่ยนชีวิต,1
ความสำคัญอย่าไปยุ่งยากมันเลยมันจะทุกข์ความจริงใจถ้าเรายังหาไม่เจอมันก็ทุกข์การใช้ชีวิตถ้าเราใช้ให้มันยุ่งยากมันก็ทุกข์เงินมันก็สำคัญในชีวิตถ้าไม่มีมันก็ทุกข์แต่บางครั้งมีมากไปมันก็ทุกข์ความรักถ้าเราใช้ความพยายามมันก็ทุกข์เราต้องใช้โดยที่เราไม่ต้องพยายามน่ะเจริญพรครับอย่าไปยุ่งอย่าไปยากมันเลยง่ายๆสบายๆเชื่อสิจะได้ไม่ทุกข์เพราะทุกสิ่งอย่างจะเข้าหาเราเองโดยที่เราไม่ต้องพยายามเราก็จะไม่ทุกข์,1
เมื่อความจริงใจกลับกลายเป็นเข็มทิ่มตัวเองให้เอาประสบการณ์เป็นบทเรียนสอนตัวคนประเภทไหนคบได้และคนประเภทไหนคบไม่ได้บางทีศัตรูอาจอยู่ในรูปของกัลยาณมิตรที่ดี,1
มีคนบอกเราว่าเมื่อเราคิดดีทำดีเราก้จะเจอคนดีๆเข้ามาความจริงใจอาจจะซื้อใจใครไม่ใด้ทุกคนแต่ในเมื่อเราเต็มใจให้ก้ให้ด้วยความบริสุทธิ์ใจใจเราจะได้สงบแต่จะทำใด้ไมน้อนี้แหละคือประเด็น,1
ความเห็นแก่ตัวอาจทำให้คุณได้ทุกอย่างที่ต้องการแต่สิ่งหนึ่งที่คุณจะไม่ได้คือความจริงใจจากคนอื่นอยากให้คนอื่นเข้าใจและสนใจทำตัวเองดีแค่ไหนแล้วตาไม่ถึงอย่ามาหึงทีหลัง,1
ชีวิตคนเรามีขึ้นมีลงยามขึ้นอย่าหลงยามลงอย่าท้อรวยได้ก็จนได้จนแล้วอาจจะรวยก็ได้ชีวิตไม่มีอะไรแน่นอนเงินซื้อได้ทุกอย่างยกเว้นความจริงใจรักตัวเองให้มากๆอย่าดูถูกใครที่สำคัญอย่าดูถูกตัวเองสู้ๆๆปลูกเองกินเองนักเลงพอพอเพียงพอใจ,1
อยากรู้อะไรให้มาถามไม่ใช่มาพูดอะไรลับหลังความจริงใจจะมีค่าก็ต่อเมื่อมันมีทั้งต่อหน้าและลับหลัง,1
อาจไม่ได้เก่งหรือดีพอแต่อย่าท้อเชื่อผมสิผู้ใหญ่เขามองเห็นความจริงใจของเราเสมอลุยไปกันต่อครับผมปูนศิลาทองไม่ซิ่งวิ่งชิวๆๆปลายทางสตูลอีกเช่นเคยตาหวานสหายสายคลานสวัสดีทุกท่านทุกทีมงานช่วงนี้ฝนตกบ่อยเดินทางด้วยความระมัดระวังกันด้วยนะคับ,1
ไม่ใช่คนดีแต่ก็ไม่ได้ร้ายแค่นิสัยจะเปลี่ยนไปตามปริมาณความจริงใจที่ให้กันมาอยู่ทำงานต่อเลยจร้า,1
สังคมทุกวันนี้ที่ยิ้มๆให้กันทุกวันจะจริงใจต่อกันสักกี่เปอร์เซ็นต์กันพอหมดผลประโยชน์ก็ถีบหัวส่งกันแล้วความจริงใจ,1
อย่ากลัวคนตรงที่ปากไม่ดีแต่จงกลัวคนพูดจาดีแต่ไม่มีความจริงใจเปิดล้านจ้า,1
เตรียมอาหารพร้อมเครื่องดื่มเย็นๆไว้ให้แล้วบอกว่าวันพรุ่งนี้ดีกว่าวันที่ผ่านมาแน่นอนสำคัญที่สุดบอกว่าเรื่องหนักๆมากมายยังผ่านมาได้เชื่อเถอะความวุ่นวายสังคมณขณะนี้ความจริงใจมีอยู่จริงท้อให้สู้ต่อ,1
รอยยิ้มของเรามีผลต่อคนรอบข้างเสมอพลังบวกไม่เคยให้อย่าหวังว่าจะได้ความจริงใจ,1
ในโลกนี้มีไม่กี่คนหรอกรู้ว่าเราต่ำต้อยและยากไร้เขาก็ยังเป็นเพื่อนเราไม่สบายอยู่ไกลยังมาเยี่ยมแม้เราไม่มีผลประโยชน์ให้เขาก็ยังคบหาอยู่กับเราจงดูแลรักษาถนอมน้ำใจเขาเอาใว้ให้ดีๆที่สุดเพราะมีไม่กี่คนหรอกเสียตัวมาไม่รู้เท่าไหร่เสียใจมาไม่รู้ตั้งกี่ครั้งเสียรู้ก็บ่อยเพราะไม่ค่อยระวังแต่ไม่มีซักครั้งที่จะยอมเสียเวลากับคนที่ไม่รู้คุณค่าของความจริงใจอรุณสวัสดิ์ยามเช้าจ๊ะ,1
คนที่ใช่อาจไม่ชัวร์คนที่ชัวร์อาจไม่ใช่เพราะความรักขึ้นอยู่กับความจริงใจต่อให้รักมากแค่ไหนถ้าเขาไม่จริงใจก็ไร้ประโยชน์อยู่ดีโสดโสดโสด,1
แม้นรูปภาพจะดูปลอมแต่ตัวตนไม่เคยปลอมทั้งต่อหน้าและลับหลังความจริงใจ,1
ที่สุดของความโชคดีคือมีคนรอบตัวที่ดีและมีความจริงใจคนที่คิดร้ายอย่าไปใส่ใจทืบแม่งเลยฝันดี,1
กูเป็นคนคนหนึ่งที่พูดไม่เพราะนิสัยไม่ดีแต่สิ่งที่กูมีคือความจริงใจ,1
ความเห็นแก่ตัวทำให้คุณได้ทุกสิ่งที่ต้องการแต่สิ่งหนึ่งที่คุณจะไม่ได้คือความจริงใจจากคนอื่น,1
คนเราต่างคำพูดต่างความคิดมันขึ้นยุกับสิ่งที่พูดออกมานั้นมันจะมีความจริงใจความเชื่อใจหรือเเค่ตอแหลไปวันๆเท่านั้นเองสวัสดีวันพุธจ้เปิดร้านพร้อมรับออเดอร์รัวๆงับจะสดจะเซนทักมาก่อนเน้อ,1
ทำใจให้ว่างๆจะได้เหลือที่ไว้เก็บสิ่งดีๆที่ไหนใครที่ทำให้เรารู้สึกไม่สบายใจไม่ปลอดภัยไม่จริงใจกับเราจงถอยออกมายังมีสังคมดีๆสังคมจริงใจสังคมที่ปลอดภัยสังคมที่ใสสะอาดที่พร้อมจะให้ความสุขความรักความจริงใจกับเราอีกมากมายอย่าเผลอใจยินยอมให้สังคมที่ทำร้ายจิตใจเราเข้ามาในใจเราอีกเตือนตัวเองค่ะ,1
เพราะชีวิตคือการพึ่งพาอาศัยซึ่งกันและกันกัลยาณมิตรคือของขวัญล้ำค่าที่ต้องรักษาไว้ด้วยความจริงใจ,1
เด็กไทยไม่เคยมีเด็กที่เลิกเรียนไปขายพวงมาลัยตามสี่แยกหรอกนะฮะแค่คอสเรียกยอดขาย🙄🙄😂😂,0
หาบ้านให้น้องครับบ้านไหนมีมะพร้าวทะเลทรายเยอะจะรับน้องไปเลี้ยงดูเชิญครับ5555😭😭😭,0
บานสุดและคุ้มค่าแก่การรอคอย😂😂#ถนนศิลปะ,0
ชื่นชมในความคิดสร้างสรรค์🤣🤣🤣,0
เมื่อสั่งให้เพื่อนไปเด็ดกระถินมากินกับส้มตำโถเด็ดมาทีกินได้ทั้งหมู่บ้าน😒😒😒5555,0
ระยองมาบยางพรในพื้นที่แห่งหนึ่งมีผู้ติดเชื้อ8รายคลัสเตอร์มาจากโรงงานแห่งหนึ่งในนิคมแห่งหนึ่งในพื้นที่แห่งหนึ่งของปลวกแดง,0
นี่แหละแม่ชั้ลใครจะนู้บ้างว่าอายุ68ปีแล้ว..เล่นโพกหัวพอปั่นนักเลง..โอ้ยยยย..ยายทองดีเอ้ยนี่ถ้าไปด้วยนะให้ใส่หมวกครอบผมอาบน้ำไปเลย🤣🤣🤣🤣🤣🤣,0
อยู่คนเดียวไม่เหงานะจริงๆแล้วการอยู่คนเดียวมันอิสระและโคตรจะมีความสุขเลย😅😅😅,0
โควิดเพิ่มขึ้นทุกวันแถมเศรษฐกิจมาเป็นแบบนี้บวกกับฝนตกหนักทุกวันขนาดนี้ขายของแบบเทน้ำเทท่าจนไม่รู้จะเอาเงินไปเก็บไว้ไหนละ🙄ปี2564,0
ความลำบากไม่ได้ทำให้ใครตายแต่ความขี้เกียจต่างหากล่ะที่จะทำให้คุณตายแว้นมอเตอร์ไซค์พ่วงไปโคราชกันสงสารเด็กๆสงสารคนขับสงสารตัวเองสงสารคนที่อยู่ในท้องทำงัยได้ความจนมันน่ากลัวถ้ามัวแต่รักความสบายก็นอนอยู่เฉยๆเดี๋ยวเงินก็วิ่งมาหาเองแหละอยากได้อะไรก็หมั่นหาหมั่นเก็บเอาเด้อ,0
วันหยุดขับรถเล่นเเล้วกลับห้องไปนอนต่อชีวิตดีๆในกรุงเทพมหานคร😒😒😒,0
อย่าขัดใจนะเดียวบัลก์ลังจะสเทือน#หนีไปหาวัคซีนฉีดดีกว่า#น่ากัวขึ้นทุกวันๆๆๆๆๆๆอยู่บ้านนะคะ55,0
น้องไปทีหลังได้กลับแล้วเราผู้มาก่อนและปกติดีทุกอย่างแต่ไม่ได้กลับเบื่อจังจะรักษาดีอะไรขนาดนั้น,0
กรุงเทพในฝัน😅😅คนไปไหนหม้ดดดด!!อยู่บนทางด่วนคนเดียวเหงาน่ะ😅,0
เคยไหมเวลาที่คุยกับเพื่อนแล้วเพื่อนพาดพิงถึงบุคคลที่สามแล้วเราตอบเพื่อนไปว่าเราไม่เคยดูจิงจังเราแค่ดูผ่านๆเพราะเราไม่ชอบจริตในการพูดของเค้าแล้วเพื่อนมาว่าเราเป็นสลิ่มนี่คือก็ไม่โกดนะแค่ไม่คบต่อทำไมเราต้องชอบคนในวงการทุกคนด้วยอ่ะเราไม่ชอบน้ำมีสแกรนด์เราไม่ชอบณวัตแต่ก็ไม่ได้หมายความว่าเราจะเป็นติ่งคนเชียร์รัฐบาลนี่ทำไมเราถึงอยู่บนพื้นฐานความคิดความชอบของเราไม่ได้เหมือนเวลาที่คนชอบแมทแล้วทีมแอฟก็มาด่าไรงี้ทำไมเราจะชอบทั้งแมททั้งแอฟไม่ได้หรอถ้าแค่นี้ยังไม่เคารพความคิดของคนอื่นอย่าเรียกร้องหาประชาธิปไตยเลยถ้าเรามีความคิดแบบเดียวกะแกเราก็คงมีผัวคนเดียวกะแกไปแล้วล่ะ,0
พรุ่งนี้ก็สบายแระนั่งกินนอนกิน🤦🏻‍♀️😅,0
อดทนอีกนิดนะครับเด่วก็จะไม่มีผู้ติดเชื้อรายใหม่ในประเทศแล้วล่ะ....👉อ๋อเพราะทุกคนได้ฉีดวัคซีนครบแล้ว...👌เปล่าเพราะติดกันหมดเลยไม่มีรายใหม่ให้ติดน่ะครับ‼️,0
หนูสวยสุขภาพดีรวยมากๆมาเชคปอดพี่เป็นคนป๊อด,0
ล่าสุดฉันจะไปทำจมูกแล้วเนื่องด้วยใส่เฟสชิวแล้วจมูกกับเฟสชิวไม่สามัคคีกันไหลลงทั้งวัน🤣🤣,0
จองวัคซีนไม่ได้ซื้อหวยต่อดีกว่าเผื่อได้30ล้านจะไปฉีดที่อเมริกาแม่งให้หายแค้นเต็มตั้งแต่1นาทีแรกไวเกิน,0
แหกขี้ตาตื่นมาเพื่อลงทะเบียนวัคซีนผลที่ได้ยากเย็นเหลือเกินบริหารมาก#ประชาชน,0
อยากได้ผู้ชายดีดีไม่สูบบุหรี่ไม่ดื่มเหล้าไม่เล่นการพนันทำไมเอาพระทำผัวเลยว่ะวัดก็ใกล้ผู้ชายหัวโล้นจบกว่าเยอะไม่เจ้าชู้ด้วย#ผู้หญิงทั้งโลก#อายูโอเค,0
เขียนเตือนด้วยดินสอเผื่อจะได้ลบอีกครั้ง,0
เด็กไทยที่ด่าผู้ใหญ่หรือคนแก่อะมีมารยาทรึป่าวครับที่บ้านหรือโรงเรียนไม่สอนเรื่ิองมารยาทหรอหัดดูคนนี้เป็นตัวอย่างนะครับมาร้องเพลงปลดหนี้ช่วยพ่อแม่ร้องเพลงก็เพราะมารยาทก็ดีพูดครับท้ายประโยคเสมอหน้ายิ้มแย้มกรรมการให้น้ำเขาก็ไหว้ขอบคุณหัดดูเขาเป็นตัวอย่างนะครับเด็กไทย.#แกง#ปั่น,0
ลำบากก่อนสบายทีหลัง🤣🤣🤣🤣🤣🤣,0
แหมมม..บ่นกันจังว่าขายของลำบากที่ร้านไม่เห็นลำบากเลย#นอนขายสบาย....ชิ😔😔😔,0
เรามั่นใจในประสิทธิภาพของSinovac.2.เข็มไม่ขอbootเข็ม3ค่ะ()🙄🙄,0
เรามั่นใจในประสิทธิภาพของSinovac.2.เข็ม,0
ไม่ขอbootเข็ม3ค่ะ()🙄🙄,0
ทุกคนจะเอาเงินกับกูตลอดไม่ได้หรอกนะกูมีกูให้ตอนกูหมดยืมใครไม่ได้นะ**อย่างตอนนี้เหลือ500บาทกูไม่สบายต้องหายาแดกเนี้ยช่วยกูหน่อยดิ่ได้ป่ะว้ะ!!🖕🖕,0
ใครมีก็คืนด้วยของใหม่ก็จะเอาของเก่าไม่มีคืน😒😒😒,0
450มันเเพงไปหรอครับ100เดียวเลยครับจบๆ🔥🔥🔥🔥!!,0
หายากไหมครับหายากไหมครับเจอเองจบิงๆนะ🤣🤣😡😡,0
เอาอันที่มันเนียนหน่อยก็ดีนะ—รู้สึกบ้า,0
ว้าววดีใจจังเลยมีอยู่แล้ว5อันหายากนะนี้~~~~🤣🤣😒,0
ว่าจะเปิดอีกเพจชื่อSkinfinityเดินหน้าป้ายยาสกินแคร์กันอย่างเต็มกำลังเพื่อพบกับสกินแคร์ใหม่ๆกันอย่างไรขีดจำกัดป้ายกันจนกว่าชีวิตจะหาไหม้ป้ายจนต้องร้องขอชีวิต!!,0
ข่าวดีสำหรับวันนี้!,0
เดอะซัน..ระบุว่าเตรียมมอบสัญญาฉบับใหม่ให้เจสซี่ลินการ์ดอยู่ยาวไป(สัญญาปัจจุบันจะหมดในปี2021)และเพิ่มค่าเหนื่อยจาก100000ปอนด์ต่อสัปดาห์ให้เป็น130000ปอนด์ต่อสัปดาห์!!,0
บานสุดและคุ้มค่าแก่การรอคอย😂😂,0
หน้าตาตรูเหมือนคนมีเงินมากมั่ง🙄🙄#รูปภาพใครไม่รู้ยืมก่อน,0
อย่าเพิ่งถอดใจจากชราแบนด์ของเราถึงลีดเดอร์จะวุ่นกับการขายของเราก็มีTheMovieดูนาจา,0
อีกกี่ปี?ขอบคุณสวรรค์ที่ทำให้เราไม่ต้องออกไปไหน,0
อะอิพี่ก็ค่ตตั้งใจท่องอะไรสักอย่างอิน้องก็ค่ตตั้งใจดีดกีต้า555#ไม่ตีกันก็บุญแล้ว#ดูจากหน้าและสายตา(ตัดเล็บแปปอิงค์กล่าว),0
#คือ!!เมื่อกี้เพิ่งบ่นไป..ว่าดูแต่หนังเสียงดัง..จะทำขนม,0
#สักพัก..เดินออกจากห้อง..นึกว่าจะไปดูในบ้าน..แต่!!!,0
#อืม..ไปเอาเครื่องใหญ่มาเปิดหนัง..ดังกว่าเดิมไง,0
#คือ!!กวนตีนใช่ป่ะ....ว่างั้น..เดี๋ยวรู้เรื่อง🤣🤣,0
#ไปๆมาๆ..เอ่อ!!สนุกดีเว้ย!!..ขอดูด้วยนะ55,0
#🤬🤬🤬😡😡😡😡😈👿💀💀☠👹👺🤖🤖,0
หนาวทั้งวันอ่ะหิมะตกเลย😅😅,0
วันนี้ในขณะที่มีข่าวน่าตกใจเรื่องโควิดทะลุหมื่น...แต่อย่างน้อยก็มีข่าวเรื่องเรือดำน้ำมาทำให้ใจชื้นขึ้นมาบ้าง...😤😤😤#ในที่สุดก็มา#ขออย่าให้ผ่าน#เรือดำน้ำพิฆาตปราบโควิด#สองหมื่นล้านได้วัคซีนกี่โดสนะ...,0
#ชีวิตคู่#'อย่าเลิกกันเพียงเพราะกว่าจะเจอกันกว่าจะทักกันกว่าจะได้คุยกันกว่าจะเปิดใจให้กันกว่าจะรักกันกว่าจะชอบกันกว่าจะมีกันในทุกๆวันนี้มันไม่ใช่เรื่องง่ายๆอย่าเอาอารมณ์ตัวเองเป็นใหญ่อย่าใช้ศาลเตี้ยตัดสิ้นใจการที่เสียคนๆหนึ่งไปมันไม่ใช่เรื่องตลก,0
#รักมึงแหละ,0
อีกไม่กี่วันเงินเดือนก็จะออกอีกแล้วตั้งแต่โควิดเข้ายังไม่มีเวลาออกไปใช้เงินเลยร้านค้าก็ปิดมีกินแค่นี้พอประทังชีวิต#อุกอั่งมาก,0
พูดถึงความเรียบร้อยลูกเราก็ชนะขาดนะ....,0
มี10ให้10>>>มี100ให้100🤪🤪🤪#หมูเอ่ยยยย,0
ยอดผู้ติดเชื้อมีแต่เพิ่มสูงขึ้นแบบนี้คงไม่ต้องฉีดวัคซีนแล้วล่ะมั้งรอให้ติดเชื้อกันให้หมดทั่วทุกหย่อมหญ้าถ้าติดแล้วไม่ตายร่างกายก็สร้างภูมิเองตามธรรมชาติก็มีภูมิคุ้มกันหมู่แบบลดจำนวนประชากรไปในตัวจะได้เปิดประเทศได้ใน120วันโดยไม่ต้องเปลืองค่าวัคซีนเอางบไปผ่อนจ่ายค่าเรือดำน้ำต่อได้อีกแต่พวกเค้าอาจวางแผนไว้แบบนี้จริงๆก็ได้ใครจะไปรู้,0
เมื่อยนำลุงเด้จักสิแก้ปัญหาโควิดจักสิรับมือเยาวชนปลดแอกอีก.🖤😭👣สู้ๆ#..เดี๋ยวก็สั่งตำรวจทหารไปควบคุมฝูงชนอีกเอ้า..สั่งไปรับเชื้อ..🖤☑️😭,0
เย้ใกล้20000แล้ว...เอาอีกเอาอีกเพิ่มอีกคะอย่าหยุด😒😒😒#เครียดเห็นตัวเลขคนติดเชื้อแล้ว😔😔😔,0
ขายของดีแบบนี้มีใครเลี้ยงเบียร์มั่ง🤣🤣,0
คนบ้าอะไรชอบวันหยุดตั้งแต่ตื่นมาทำความสะอาดห้องตัวหมุนเชียว🤪😝🤤!!!,0
ถ้าไม่ส่องเฟสแล้วเห็นสถานะกูคิดว่ากูโสดนะเนี่ย5555😂!🙄,0
ถ้าจะฉีดสลับขนาดนี้เอามาผสมรวมกันฉีดไปให้รู้แล้วรู้รอดไปเลยดีกว่าไหมวะ,0
ว่างมั้ง🤣🤣🤣กินไปให้ได้100โลเผื่อวัคซีนจะถึงตัวเร็วๆ😡😡😡,0
ยอดพุ่งไม่ให้โทษนายกเพราะคนที่ติดทำตัวเองหรอแล้ววัคซีนดีๆที่หาไม่ได้ในประเทศต้องโทษตัวเองด้วยไหม,0
เด็กดื้ออย่างเราคงสู้เด็กเค้ามั่ยด้ายหรอก😝#เลี้ยงบริษัท..😂...🤪,0
ภูมิใจในตัวเองที่สุดเป็นทุกอย่างให้ทุกคนแล้วจิงๆ#มีคัยจะเอาอะไรจากกูอีกมั้ย😡😡😡,0
บอกสามีว่าจะไปทำงานสามีบอกว่าอยู่บ้านเฉยๆจ้างเดือนละ32000พอไหมอยู่สบายๆฟังเพลงยุค90ไป..,0
"กะลังเก็บของแล้วเหลือบไปเห็นเสื้อตัวนึง......เสื้ออะไรวะแขนยาวด้วยเห้ยมีฮูดด้วยโห๊!!!!!ละผ้ามันหนามากเลยนี่เสื้ออะไรวะเนี่ยอ่อ!เสื้อกันหนาว!!!อยู่ไทยนานไปหน่อยลืมไปเลยว่าโลกนี้มี""เสื้อกันหนาว""#ละขนมาจากซิดนีย์สะเยอะเลยนะ",0
เลิกงานก็มารพ.บิดระเบิดระเบ่อหมอนัด18.30น19.00นมีเจาะเลือดดูเม็ดเลือดขาวให้มาก่อนเวลา2ชม.เลิกงาน17.00นถึงรพ.หัวเฉียว17.35นพยาบาลห้องเจาะเลือดพรึมพรำว่า..จะเจาะตรงไหนดีเส้นเลือดแข็งไปหมดก็หาเจาะจนได้แหละค่ะถ้าไม่ได้ให้เจาะคอเลยเอ้าสวัสดีค่ะวันนี้ยังไม่ได้ทักทายกันเลยคิดถึงค่ะ,0
มีคนถามว่า…นี่ออกกำลังกายแล้วหรอทำไมยังอ้วนอยู่เลย“เราออกกำลังกายเพื่อที่จะได้กินของอร่อยๆ”3ปีที่ผ่านมานี่ลดไปเกือบ20กิโลแล้วค่ะ😤#เป็นคำถามที่ไม่ควรถามอย่างยิ่ง#คนถามผอมมากค่ะ#มองเท้าขึ้นหัว🙄,0
ขอบคุณสเก็ตบอร์ดทำให้หมอกระดูกมีรายได้เพิ่มมากขึ้น......,0
อยู่คนเดียวจนชินไปแล้ว😂,0
หมอดู💢ดูดวงให้ว่าราคาทองจะลงฮวบต่ำสุดๆไม่ได้ราคาอย่าซื้อเก็บแม่นมาก❌❌,0
ดูจากตารางOvertimesWeekหน้าตังน่าจะออกประมาณล้านกว่าๆ,0
ขับมอไซร์มาทำงานที่ไรฝนตกเย็นสบายทุกที🙄,0
งานเยอะมากเลยมาวิ่งกันเยอะๆนะครับนั่งหัวเรียงกันเลย✌️✌️✌️,0
อยากมีผัวสัก10คนในเวลาเด่วกัน.....🤕🤕,0
มีความสุขจังเลยจ้ามีความสุขมาก😀🙄,0
อันที่จริงพนักงานติด.กับผู้มาพักติด.ความเสี่ยงมันต่างกัน.การจะอ้างว่าสถานที่เสี่ยงต่ำคงไม่ใช่อีกอย่าง.การที่ตัดสินใจช้าถามว่าพนักงานที่ต้องทำงานด้วยกันเขาจะเสี่ยงขนาดไหนแถมต้องไปบริการลูกค้าอีก.ท้ายสุดเจ็บปวดกะอีไทม์ไลน์แบบเหมารวม.ปล.อย่ารีบสั่งปิดเลย.รอให้เลยวันหยุดไปก่อนค่อยสั่งก็ได้,0
มองอีกมุมการไปยูโรป้าเร็วแบบนี้ดีแล้วเพราะUCLยังไงก็ไม่มีโอกาสไปถึงแชมป์แน่นอนไม่ร่วงตอนนี้เดียวก็ร่วงรอบต่อๆไปอยู่ดีแต่ยูโรป้าน่าจะพอมีโอกาสได้ลุ้นอยู่บ้างอยู่กับความเป็นจริงและได้แต่ปลอบใจตัวเองเบาๆ😢#UnitedBlood100#MUFC#GGMU,0
"เจ๊คะ..แตงโมนี้จะให้เก็บไว้ไหนคะลูกน้องสาวถามภรรยาของผมในเช้าตรู่วันหนึ่งเกี่ยวกับแตงโม2ลูกที่เพิ่งเก็บจากขั้วมาเมื่อเย็นวานซึ่งมันถูกแช่อยู่ในลังน้ำแข็งและเป็นเวรของลูกน้องคนนี้พอดีที่ต้องทำการเคลียร์ลังน้ำแข็งเพื่อแช่ผักสด""ถ้าไม่มีที่เก็บก็เอาไปโยนทิ้งซะ!!""จะด้วยอารมณ์ที่หงุดหงิดเพราะชิมอาหารไม่รู้เรื่องหรืออย่างไรก็ไม่ทราบทำให้ภรรยาของผมตอบออกมาอย่างนั้นซึ่งใครๆก็ฟังออกว่า",0
ขอบคุณการบริหารจัดการที่ดี😓,0
ถ้าฉีดซิโนแวคตามที่หมอยงบอกก็จบไปแระประเทศเปิดไปนานแล้ววววววววว,0
บริหารดีเด่นโทษผอ.รพก็ได้ทำงานยังไงถึงหาเตียงไม่ได้😏,0
เรื่องCovid19ในไทยมันผิดตั้งแต่กลัดกระดุมเม็ดแรกที่รัฐบาลประเมินต่ำนำเข้าวัคซีนคุณภาพห่วยๆเข้ามาใช้สั่งหนักมากด้วยแต่สั่งแบบกระปิดกระปอยยี่ห้อเดียวพอเจอโรคเข้าจริงๆคนตายเกลื่อนเอาไม่อยู่เศรษฐกิจพังส่งออกไม่ได้ฐานการผลิตสะดุดนททไม่มาอยากเปิดประเทศก็ไม่ได้เพราะวัคซีนไม่ดีไม่สามารถสร้างภูมิคุ้มกันหมู่ได้แต่ก็จะทำหูทวนลมฝืนจะเปิดให้ได้ใช้ภูเก็ตเป็นโมเดลปรากฎพังแต่ไม่กล้าบอกตอนนี้เริ่มรู้ว่าผิดกลัวคดีความมาถึงตัวจึงหาทางออกพรบนิรโทษโดยใช้บุคลากรทางการแพทย์บังหน้าทั้งที่สาระสำคัญที่ต้องการคือให้รวมถึงการจัดหาวัคซีนที่ผิดพลาดไม่ต้องรับโทษด้วยเพื่อจะเผ่นหนีนี่คือคนดีบริหารประเทศโหดสัสมากทางแก้คือโละไอ้รัฐบาลโง่ๆนี้ออกไปมันแดกกันจนพุงกางแล้วเอาปลัดกระทรวงต่างๆขึ้นมาเป็นรมตเอาผู้ใหญ่บ้านมาเป็นนายกหรือเพรสิเดนท์ไปเลยตามใจอยากจบ,0
สมราคาแหละต้นละเกือบ6หมื่นเฉพาะหงส์ก็สามหมื่นละ😅😅😅ประเทศนี้มีคนบางกลุ่มกินหินดินทรายเสาไฟสายไฟ...เป็นอาหารหลัก😌,0
เย้..ในที่สุดชลบุรีก็หลักพันชิวๆทำงานวนไปไม่ทำก็อดตายประสาโควิดกูบ่ย้านดอก#รัฐบาล🙄🙄🙄,0
อยากเห็นวันล่ะ100000ครับลุงผมเชื่อในศักยภาพในตัวลุง..ลุงทำได้แน่สู้ๆครับลุง...#หน้าด้านเกิน,0
แสบจมูกอยู่นะ350บาท!!!คุณภาพที่รัฐให้หาเองจ่ายเองไม่ฟรี#เวรี่กู้ด,0
เหยียบ20000แล้วนะติดอันดับของโลกถาวรแล้วแหละ😁,0
ขอขอบคุณนายกรัฐมนตรีประ(หยุดที่ทำให้สิ่งทีีผมไมีเคยกินเลยก็ต้องได้กินท่านสุดยอดมากครับท่านคือฮีโร่ของผมท่านคนเดียวทำใหัประเทศทั้งประเทศล้มจมขนาดนี้ได้สุดยอดครับชื่นชม,0
ถ้ากูจะขายวัคซีนกูก็ต้องปล่อยให้คนติดเชื้อเยอะๆตายเยอะๆยิ่งอยากฉีดไม่งั้นสั่งวัคซีนมาก็เจ้งดิ,0
10กค64:10.00น.ทั่วโลกยอดผู้ติดเชื้อรวม186838796รายเสียชีวิต4035175รายความล้มเหลวของลุงตู่แท้ๆ,0
คนเยอะมากเลยขายดีปังไม่ไหวจ้าวันนี้ล็อคดาววันแรกใส่ถุงแทบไม่ทันแกสไม่ได้ปิดเลยทีเดียวเชียว🤣🤣🤣🤣🤣🤣🤣🤣🤣บ่ไหวกะออกเด้อเซ่ๆๆไล่ยากฮ้ายกว่าหมาอิแอรเว่ย,0
ยุติธรรมจริงๆๆๆๆๆ😡😡,0
ฉลองเสียตังค์วันเดียว85000,0
ยิ้มให้กับวันทำงานที่แสนสดใส💛🏫หลอกตัวเองว่าวันอาทิตย์ได้ม๊ายยย,0
ดึกๆแบบนี้เรามาเล่นขายของกันไหมเสื้อผ้าตัวละ2030บาทตู้เสื้อผ้า,0
...การไฟฟ้า..ดับจริงดับจังเวลาจะทำงานเนี่ย....ซื้อพระซะเลย...พระไรไม่รู้แท้เก๊ไม่รู้..นับหนึ่งสำหรับวันนี้..,0
เรียนและงาน^^กระทงก็ไม่ได้ลอยดีไปอีกกก,0
โถ่วถัง...เจ้านายไปเวียดนามซื้อเม็ดบัวอบแห้งมาฝากปลื้มใจมากๆคะน้ำตาไหล,0
สอบน้อยจังเลยแน่จริงสอบติดๆกันทุกวิชาเลยสิมัดรวมมาเลยโครงงานอะ😏,0
เมื่อถอดเครื่องแบบออก...นั่นแหละคือตัวตนของเราเอง😏,0
แฟนไม่รักให้ทักมาหาพี่แฟนไม่มีให้เรียกพี่ว่าที่รัก😎,0
ใจเย็นๆๆๆตอบแชทไม่ทันแชทเงียบ🔰😑,0
มีแฟนแล้วอันนี้ยอมรับแต่แฟนไม่สนใจงั้นเราลองมากิ๊กกันดูไหม,0
คนเดียวก็ดีไม่ต้องมีใครสนใจไม่ต้องใส่ใจใคร,0
เป็นการเริ่มต้นเดือนใหม่ได้ดีมากกกกกก😡,0
คืนนั้นผัวกลับดึกกูกินอะไรก็ได้ผัวไม่ว่า!!!,0
ไม่ต้องการคู่กระทงอันเดียวถือได้,0
กำลังอาบน้ำแต่งตัวออกจากบ้านคือฝนกำลังจะตกอะจ้าดีมากจ้าแต่งตัวฉีดน้ำหอมทาครีมอยู่บ้านแม่งงั้นก็,0
เรื่องของคุณที่คุณทำเราไม่ว่าทีเราบ้างคุณไม่ต้อง,0
เราจะกินให้หมดนี้เลยเทอทำให้เราโกด!!!!สำนึกไว้เลยนะะะะเทอทำเราอ้วน,0
โอ้ยยยยแบบนี้ไม่ต้องจัดสอบให้เสียเวลาจ้างครูมาสอนต่อเถอะคะ,0
ตกหนักๆเลยยยยยย,0
เป็นวันที่ดีมากคือวันที่แย่ที่สุดดด,0
โอ้โฮ้เป็นอาชีพที่น่านับถือมากๆๆๆๆๆชีวิตจบครับ,0
งอลได้ไหมน้อยใจได้ป่าว.??😢😂อยู่เน้อออ,0
ฉันมายินดีกับรักที่สดใส,0
เราโสดแร้วจีบเราหน่อยเราอ่อยไม่เป็น,0
ผิดหวังอย่างแรงมาหาประการณ์...แต่ได้มานั่งเล่นคอมเล่นเฟส...ชีวิตดีดี๊,0
เพิ่งรู้ว่าการเคยมีมันแย่ก็ตอนที่ไม่มีอีกแล้ว...😟😟,0
คนดีทำไมถึงมีเยอะะะะะะะะ,0
รีบๆขึ้นนะราคาน้ำมัน...ทุกวันนี้ยิ่งรวยๆอยู่😹,0
หูววววสุดยอดโครตเก่ง,0
กล้องเค้าชัดจริงๆ😂😂😂หาซื้อได้ที่ไหนบ้างน่ะ😎😎,0
บางที....ชีวิตมันก็มีค่ามากกว่าการทำตัว,0
ได้อยู่กลุ่มเด็กเรียนว่ะโอ้ยยดีใจขนาด,0
ด้วยการไม่ทำงานเที่ยวเตร่ไปวันๆมีตังค์ก็จ่าย💸ไม่มีก็ไม่ต้องจ่าย......👎..เยี่ยม..,0
รับสมัครคนรู้ใจ1ตำแหน่ง😢,0
ที่เทอรักฉันเพราะอะไรยังมีเยื่อใยยิ่งโพสยิ่งโหยหาช่างเถอะคับผมชินแร้วงงใจ,0
ถ้ายังคุยกับคนเก่าอยู่ๆ...ถามจิงๆเถอะและจะมาคุยกับกูทำมั้ยว่ะ,0
ฉันมาบอกว่าฉันเอง.ขอเลือกเดินจากไปก่อนอะไรจะทำให้เรา.มองหน้ากันไม่ได้ไปมาไม่เฟี้ยวหรอกรำคาญมากกว่า,0
ประกันสังคม..คือไร...ทำงานมาปีกว่าแร่วไม่รุ้จัก???,0
แฟนไม่รักให้ทักมาหาพี่แฟนไม่มีให้เรียกพี่ว่าที่รัก,0
คนเดียวก็ดีไม่ต้องมีใครสนใจไม่ต้องใส่ใจใครเหตุผลแต่ละคนมีหลายอย่าง,0
เพราะงี้กูถึงอยากไปรร.สุดๆ😒😒😒!!,0
เป็นการเริ่มต้นเดือนใหม่ได้ดีมากกก😡,0
ข้าวร้อนๆสักจานน่ะพ่อบ้านที่ดีต้องทำให้เมีย,0
รับสมัครคนรู้ใจ1ตำแหน่ง😢😢😢😢😢,0
ทำไมช่วงนี้อากาศมันร้อนจังว้ะ.น่าจะเปิดแอร์นอน😂😂...!!😳😳😜,0
โอ้ยยยยดีใจระดับ10+อยากไห้เปิดมานานนเเล้วคถ.เพื่อนคถ.ครูคถ.คถ.คถ.😊😊😊😊😊,0
อย่าตอบเด้ออออออแชทหน่ะ,0
ไม่มีเหตุผลสำหรับคนตอแหลเชื่อได้เชื่อไปอย่ามาเสียใจทีหลังนะเตือนแล้ว^^แล้วได้ไรคนเสียใจไม่ใช่มึง!!!!!!,0
อากาศน่าขับรถมากกกกกก55555ไอสัส5555,0
น้ำห้องนี้ไหลเเร๊งๆน่ะค่ะ😡😡😡😡,0
ตัวหนังสือคุณสวยมากผมนี่ตาแทบลาย😢,0
เห้อ!ช่วยได้เยอะเลย-.-,0
ฝนตกไฟดับ😠😠คือดีอ่ะ😡😡😡😤😤พุ้งนี้สอบนะเว้ยยย😓😓,0
เข้าบ้านมาแทนที่จะได้คำดีเอิ่ม!!!พ่อบอกคืนนี้เที่ยวอีกคืนสิจะครบอาทิตย์เดวพี่จะ,0
ขอบคุนรถติดที่ทำให้เข้าใจถึงความอดทนของตัวกูเองและของที่ทำงานที่มีต่อตัวกูไงจะอะไรล่ะ*😡😡,0
พอบอกจะไปเที่ยวกับเพื่อนนะนางนี้รีบขี่รถมารับกับบ้านไห้ไวเลยจร้า.ไม่ไช่ไกล้ๆด้วย.น่ารักจิงๆ😂😆ขอบคุณที่เป็นห่วงนะย่ะ😘🙏รักเจนะ☺️,0
นางฟ้ามากกกกกก,0
ฉันไม่เคยจะเหงาไม่คิดถึงเลยเห็นเธอทีไรหัวใจยังรู้สึกเฉยๆไม่คิดถึงเลย😂😂😂เหงานิดหน่อยแต่ข้าวอร่อยเหมือนเดิม5555ย่ะ,0
ชีวิตกูนี่ไม่ค่อยมีความตื่นเต้นอะไรเลยยย😑😑😑,0
7วันเหลือ5วันเหลือ3วันเหลือแค่นี้ก็ดีใจล่ะ!!,0
ทำ.ทุกอาทิตย์ตังค์ไม่มีที่จะเก็บแล้ว😓😓😓😓,0
ก็สบ้ายดีน่ะะ,0
วันนี้โครตจะไม่เหนื่อย55555,0
ข้ออ้างของเธอฟังขึ้นมากกกกกก,0
อยู่ดีๆก็โสดอยู่โสดๆก็ดี😜😜,0
ทุกข์กะให้ทุกข์กว่าเก่าเศร้ากะให้เศร้ายิ่งๆขึ้นไปเหงากะให้เหงาจนตาย,0
ผมตัดทรงนักเรียนเเล้วนะครับผมเเค่นั้นไม่เสียดายหรอก,0
ดีออกไม่ต้องรดน้ำไม่เหี่ยวไม่เฉา,0
ที่เมืองนอกยังเกือบเป็นแสนแล้วเมืองไทยละค่าบัตรถึงล้านมั้ย😏😏,0
จะเปิดเทอมล้าวววววว,0
คนในเครื่องแบบบางคนอ่ะน่ารักนะเห็นอกเห็นใจ😁☺️แต่กับบางคนก็งี่เง่านิสัยเสียก็มีเจ้าชู้อีก..ชิ!!😒😖คนบางคน😜,0
สาวทำคลิปแฟนไม่ตอบแชทแต่ดังไปทั่วโลก!เมื่อสาวอายุ21ปีจากม.แคลิฟอร์เนียแชทไปคุยกับแฟนหนุ่มแต่เขาดันไม่ตอบ!และเงียบหายไปเป็นชั่วโมงจึงใช้เวลานั้นตัดต่อคลิป…ดูเพิ่มเติม,0
เป็นการแก้ไขปัญหาที่ต้นเหตุและชาญฉลาดที่สุด????,0
ฉีดปุ้บรถติดน้ำท่วมมอไซค์เปียก...แก้ปัญหาแบบไทยๆ…????,0
โอ้โห้วิลัยคึกคักไปไหน,0
งานการมั่ยต้องทำมันล่ะยุบ้านเฉยๆนี้แหละ????,0
ไม่มีอะไรดีเท่าการเป็นหวัดช่วงมีงานอีกแล้ว,0
จากกันแร้ว!!แล้วใครจะช่วยนายละคร่าวนี้..งาน,0
อยากถึงวันจันทร์อยากเรียนอยากส่งงาน2วันนี้เร็วแถะ,0
คนดีทำไมถึงมีเยอะ,0
ถึงจะมาทำงานสาย??????แต่ก็เลิกงานตรงเวลาน่ะ555??????กูใช่มั่ย??????,0
เป็นคนที่ตั้งใจทำงานมากค่ะ..เวลาใครมาถ่ายรูปก็จะไม่สนใจเล้ยยยย..จริงจริ๊งงงง??????เสียงสูงมากกกก5555งานสระแก้ว,0
ขี่พรมกันเถอะเรา?ใครไปมั่ง!เสียดสีงานถนัด!,0
สอบเสร็จบำรุงซะหน่อยงานแอบลูกมากินซะ,0
หลังจากสัมนาเมื่อวานวันนี้เราก็มานั่งแก้งานกันต่อครัชหนุกหนานกันเชียวงานใครหล่ะงานตัวเองนี่แหล่ะ,0
นิสัยผู้หญิงแดกดันเป็นงานอดิเรก555555,0
สงกรานต์ทำงานจร้าทำไมชีวิตดี๊ดี!!!!,0
ทีมงานห้องยาใน.ยอดคนไข้เบาๆจร้า.555.,0
เอ้า!!สิฮอดเวลาเลิกงานละติ??????,0
ยังไงๆๆกูลางานเลยดีไหมตกขนาดนี้ไม่มีร่มเปียกสิค่ะรอไร,0
แดดดีแต่เช้า.ทำงานสนุกหร่าว,0
รับงานครับรับงานอ.ไอช์บอกจะมีรถสัก2030คันงานหนักมาก...5555+,0
ยืนหลับแล้วเด้อบัดนิ่สบายหลายงาน,0
งานเสร็จทุกอย่างละโล่ง,0
เปิดข้าง..อากาศเมืองไทยซะเลยงานมั่นงานเชิด.งานหน้าเด็กก็มานะครัช??,0
งานหนักแค่ไหน...ไม่เคยจะบ่น.!!.555+,0
"สบายเองแค่""การบ้าน""??????",0
การบ้านน้อยไปขอเพิ่มได้ไหมค่ะ😡,0
การบ้านมีแค่นี้เองเหรอน้อยไปมั้ยอ่ะ??????,0
วันนี้ว่างงงงงว่างหนัดว่างสุดๆ!!การบ้านโปรเจ็คอ่านหนังสือสอบ,0
การบ้านจ๋า??ทำไม่น้อยจังล้ะ??????,0
เห้อ!รักเธอจัง????การบ้าน??????,0
??ทอดการบ้านกิน????มาได้น่ะ5555,0
การบ้านน้องก็เหมือนการบ้านพี่😡,0
มีงานทุกวันจบม.6คงได้เป็นหมอแล้วแหละแม่ไม่ต้องห่วงแล้วววการบ้าน,0
ว่างจนเบื่อไม่มีอะไรทำจริงๆหรอเซงจังการบ้านงานเก้าอย่างกับสามอาทิตย์ก่อนสอบปริ่ม,0
การบ้านน่ารักม๊ากมากเลยยยยยยน??,0
การบ้านน้อยไปน้ะแรง????,0
ยิ้มสู้การบ้าน:)แค่นี้ชิวๆ,0
อาจารสั่งการบ้านน้อยจัง??????,0
ถามว่าชอบวันอะไรที่สุดก็วันเสาร์สิค่ะหยุดงานหยุดเรียนแล้วมาเคลียร์การบ้านต่อดี้ดี??,0
การบ้านเสดแล้วเย้ๆ555555+,0
คณิตมีทุกวันเลยดีใจจังวิทย์มีวันอังคาร-พุธ-ศุกร์ดีจังพอดูรวมๆแล้วการบ้านเยอะแน่นอน55กูอยากย้ายสายจัง55,0
ไม่มีการบ้านโว้ย??????😜,0
เดี๋ยวนี้ไม่เห็นมีการบ้านให้ทำเลย,0
วันศุกร์ไว้จังอยากไปเรียนอีก.การบ้านท้ายบททุกวิชา.กูยังม่เสดเลย,0
การบ้านง่ายๆทั้งนั้นเลยเนอะ,0
เรียนๆๆงานเยอะๆๆการบ้านมีมากๆๆ,0
อาจารย์ทำไมการบ้านน้อยจัง??.????.,0
การบ้านเยอะดีค่ะชอบ??!,0
การบ้านไม่มีเลย...ไม่รู้จะทำไรดี,0
3วิชาจิ๊บๆ555+(การบ้าน),0
การบ้านไม่ค่อยจะเยอะเรยเนาะ??????,0
คุณครูสั่งการบ้านน้อยไปไหม😒😒,0
เหนื่อยมาทั้ง..5วันเเล้วกับการเรียน..ขอบคุณที่สั่งการบ้าน(),0
วันนี้ว่างการบ้านเพียบๆๆๆๆๆๆ,0
การบ้านเยอะดี..สนุกจังเลยย,0
การบ้านน้อยจังคูณล้าน,0
การบ้านโครตน้อยแต่4วิชา,0
ปากกาหมดไปละ1แท่ง....รักเธอจังการบ้าน()@-@,0
การบ้านเยอะแต่เราไม่ทำรอให้มันมากๆและเยอะกว่านี้และใกล้ถึงวันส่งเราค่อยทำการบ้านท่วมหัวทำตัวเหมือนว่าง,0
อยากเปิดเทอมแล้ว!!อยากทำการบ้านการบ้านมีไหน!????,0
ค่อยเยอะเลยการบ้านกูไม่ยากด้วย??????,0
นั้นคนหรือว่าบทกลอนอะคะเห็นหน้าแล้วอยากลงเอยด้วยจังฮิ้ววววววการบ้านเยอะมาเลยจ๊ะยักย้ายกันเข้า,0
ทำทุกวันไม่มีวันเบื่อการบ้าน????,0
สอนเข้าใจ...การบ้านเลยทำถูก!!!????,0
เน็ตตัวเองดี้ดีการบ้านอย่างเยอะ,0
กะดีใจยูการบ้านหลายโพดโพ55555คะ!,0
อาจารย์สั่งการบ้านน่ารักจังค่ะ^^???!!555??????,0
_โทรศัพท์พังการบ้านก็เยอะโชคดีจริงๆ,0
เราก็มีความสุขดีน่ะะ??กับการปั่นการบ้านของเรา!,0
การบ้านอังกฤษจะทำได้ไหมเนี้ยเราก็ยิ่งเก่งอังกฤษอยู่ด้วย,0
สนิทเดกสาขาอื่นมากกว่าสาขาตัวเองมาถึงจุดนี้ได้ไงขอบคุณน้องๆที่ให้ลอกการบ้าน??,0
การบ้านไม่เสร็จไม่มีเวลาคิดเรื่องอื่น55555ใจตัวเอง,0
การบ้านครูให้หาคำศัพท์อย่างน้อย45คำเเต่กูทำไป100คำเก่งจุง5555,0
การบ้านคณิต50ข้อไม่เยอะเร้ยยย><,0
โห!!การบ้านน้อยจังเสียดายจรุมม>_<||5555+,0
ครูคับ..การบ้านมีแค่นี้หรอ..น้อยไปมั้งงง??????ฝานลีชาว,0
ปีใหม่เป็นวันหยุดของคนอื่นแต่เราไม่ล่ะขยันขนาดนี้ปั่นการบ้านกันเหอะเพิ่ล,0
การบ้านยังไม่เสร็จจะรอดไหมว่ะ((ชีวิตเด็กม.2แสนจะดี๊ดี))(???),0
ที่บ้านดีเกินไปการบ้านเลยไม่เสร็จสักที--,0
ไปเที่ยววันเดียวเองการบ้านนี้ไม่มีเลย&มโน555555??????,0
การบ้านท่วมหัวเอาตัวรอดตั๊ลล๊อดง่วงมากง่วงสุดๆแบบฉุดไม่อยู่??????ง่อวววชีวิตดี๊ดีอีกล่ะเด๊อะ??คะ,0
ครูจ้าาาา??สั่งการบ้านให้มากกว่านี้จะได้ไหม?จ้ะ????.555555????-คือกู!??,0
หนูชอบค่ะเวลา'มีการบ้าน:),0
กรี๊ดดดช่วงนี้ว๊างว่างการบ้านไม่มีโลยยยยยย:'(:'(:'(,0
ไม่มีเรียนไม่เป็นอะไรการบ้านเยอะดี!!!!,0
มาโรงเรียนตั้งแต่วันแรกจนถึงวันนี้ก็ต้อนรับด้วยการบ้านมีทุกวันมีความสุขจริงๆ,0
วาเลนไทน์คลอื่นเค้ายุกะแฟนเรายุกะเพื่อนกะการบ้านก่มีความสุขดีเบอะ????,0
"โอ้ยเมื่อย!!!การบ้านอย่างหนักส่งพรุ่งนี้~~)ลายมือดูไม่ออกละเอามือรึตีนนิเขียนอย่างสวย""",0
เด่วถ้าจัดการเรื่องการบ้านเสจนะเด่วจะเล่นเกมส์ทั้งวันทั้งคืนเลยการบ้านเยอะนัก,0
นี้ถ้าการบ้านไม่ท่วมหัวพี่ตายออจุดจะไม่เลิกสั่งใช่ไหม-นั่งแดกการบ้านแทนข้าวแม่งเลย,0
หลายๆวันนี่นอนดึกจนลืมไปละว่าการนอนเช้าๆมันเป็นยังไงฉันก็รักการบ้านของฉันเข้าใจบ้างมั้ย-_-;;;,0
"ว๊ายยยยย!!!.....บัก.""การบ้าน""กูรักมึงน่ะเพราะมึงกูถึงเรียนจบน่ะสาสส5555ง่อววว^-^..มันกะหลายกะหยังโพดโพโพต.!"".?",0
อัลล้ะ!การบ้านน้อยจังง:),0
นาทีนี้การบ้านทั้งใจ,0
เหมือนการบ้านมันจะเสร็จนะ,0
ครูน่ารักเนอะสั่งการบ้านตลอด!!!สั่งทุกวิชาโพดโพดอก!,0
นอนให้ดึกตื่นให้เช้าโหยยยยยไม่ได้แอ่มกูหรอกกกกกการบ้านค่ะ...,0
"อยู่กับเรานานๆน่ะ|การบ้าน|""เฮ้ออออออ:(",0
"ผมอยากขอ""การบ้าน""เพิ่มอีกครับ..😡",0
สั่งมาเลยค่ะหนูยังทำไหว??().การบ้าน,0
การบ้านมีไม่รู้จักทำ...นั่งดูแต่บอล...!!!แหม่ๆๆ,0
"หลัง""สอบ""เสจนั่งปั่น""การบ้าน""ต่อมันช่างเปงอารัยที่ดีมากน่ะ",0
ยังมีการบ้านอะไรอีกมั้ยที่ยังไม่ทำทีความที่มันมากมาย,0
ชิ๊วชิวววววอาทิตย์นี้การบ้านนิดเดียวเอ้งงง!():3,0
มีความสุขจังการบ้านเยอะดีจิตใจเบิกบาน,0
หนาวนักหนาวลงก่อนหมดหนาว,0
ใครบอกว่าพี่เศร้า?ดูหน้าพี่ซิมีความสุขมากมาย??!!,0
หวยแดกตัดผมแมร้งเลยหวย????,0
ผอมลงเยอะมา๊กกก??,0
ยาวไปเลยสัก20-30ปีเลยครับ,0
ว่างมั๊ย!!!เปิดกล้องกัล????......,0
นั่งจดการบ้านให้ถึงตี2สิว555,0
คุณครูขาาารรปิดแค่4วันไม่ใช่4ปีค่ะ??????การบ้านอันน้อยนิด-_-,0
สนุกจังการบ้านท่วมหัวหนูทำไม่ทันเเล้วค่ะคุณครู??????,0
ดีเหลือเกินการบ้านคณิต26หน้าเอง-_-ทำไม่ทันค่ะส่งพน.แล้วด้วยสิ,0
อยู่ยันเช้าไปเลยการบ้านเสือกเยอะดีนักรักการบ้าน??,0
-ใครว่าการบ้านสายวิทย์-คณิตเยอะไม่เห็นเยอะเลยย55555??????(??),0
ถ้าการบ้านจะเยอะขนาดนี้สั่งยันม.6เลยก็ได้นะไหนๆปีนี้ก็ไม่ได้ปิดเทอมอยู่ละ,0
จะทำทำไมการบ้านจะอ่านทำไมหนังสืออ่ะได้เกรด4อยู่แล้วจะกลัวทำไม,0
การบ้านไม่ค่อยจะเยอะเลยเน๊อะ....เหอะๆ(จ้า):-ปั่นงานต่อไป....ชิลๆๆ,0
ฟัคยูแรงๆ??กับงานที่สั่งการบ้านน้อยไปมั้งงงค่า????,0
นี่หรือการบ้านน้อยไปเปล่าเอามาอีกๆ!!!!!!-______-,0
พรุ่งนี้ทำงานอีกชีวิตกรรมกรแบกซุงก็งี้แหละงานแป๊ป,0
งานเยอะไปไหม555??????ไม่มีอะไรจะทำนั่งจนดากจะออกรากแต่ละวัน,0
ไปทำงานค่ะเรียบร้อยเลิกงานเปิดให้มากกว่านี้เลยค่อยดูนะแกล้งมาแกล้งกลับไม่โกง,0
การบ้านหมดดีนักพอใจยังคะคุณการบ้านนี่กูซื้อมาเพื่อมึงเลยนะ,0
ใกล้เปิดเรียนแล้ววดีใจจะมีการบ้านทำ6/13การบ้าน,0
ทดอีกแน่การบ้าน!!??,0
เด็กยปคัยเค้ามีการบ้าน???,0
งานก็เยอะไม่ได้บ่นเลยยยยย????หนูปลายทำได้55555การบ้าน????,0
ชีวิตม.6เทอม2ดีดี๊การบ้าน,0
มีแฟนแล้วน่ะชื่อ.การบ้าน??????,0
การบ้านหรออออไม่เยอะเล้ยยยยยฉันชอบเธอจังการบ้าน,0
สั่งเยอะก็ได้ทำได้อยู่แล้ว(การบ้าน)!!!!,0
การบ้านก็ไม่เท่าไรนะ????,0
ไคยุดอกบอยมันเอ็ดการบ้านเก่ง,0
การบ้านต้องยากอย่างนี้สิถึงจะสะใจ!!เถอะ????,0
การบ้านหรอไม่มีเลย????,0
ไม่เสร็จไม่ต้องนอนหรอก??????การบ้าน????,0
อยากไปโรงเรียนจังเลย??????การบ้านยังไม่เสร็จฮ่าๆ,0
ลูกน่ะว้อยยยยยยทุ้ยยหุบปากด้วยพวกควัยยย,0
รู้ป่ะกูลูกใคร??55,0
อยากกกก1515ให้เงินมาทีไรลูกไม่เคยเอาไปซ่อมคอมรอบนี้พ่อเลยต้องพามา...????ขอบคุณนะพ่อที่เข้าใจ??แค่หน้าจอคึถูกแท้,0
เซเว่นมาก????,0
จะแวะซื้อปากหม้อแต่จบที่ร้านเหล้า??,0
"ใครๆก็บอก!!เวลาเกดเมาแล้ว""น่ารัก""55555",0
ไม่ต้องทักไม่ต้องคุยให้เฟสมันเงียบแบบนี้แหละดีล่ะถุ้ยย-//-,0
แม่ไม่อยู่ให้เงินไว้50บ.กะหลายโพ้ดดดดดคือดีค่ะ5555????,0
จะอดีตหรือปัจจุบัน..'ถ้าคนเค้าลืมอดีตไม่ได้....ปัจจุบันก็เป็นได้แค่คนแก้ขัดอยู่ดี..เคยได้ยินป่ะ...?คบปัจจุบันเพื่ออดีต,0
โอ้โหหหหหหหหนี่เกรดหรือตึกเวิลเทรดทำไมสู๊งงงงงงแบบนี้เกรดแบบนี้ก็ได้เหรอ,0
นี่เครียดจนลุกขึ้นมาเปิดเพลงเต้นละอีผี!!เคมีที่รัก,0
เที่ยวกับเพื่อนเที่ยวคนเดียวก็ไม่เห็นตายนิ555ไปอีก,0
วันนี้สอบวันที่สองเบาๆ7วิชา55555^^,0
หน้าไม่บวมเลย55555????,0
ข้าวมื้อนี้อย่อยจัง555,0
เภสัชโคตรชิวววว...ดอก😡😡😡,0
กูเป็นได้แค่ที่'พักไม่ได้เป็น'ที่รักของใครเลยขอบใจหลายๆความรัก:)กูก็ก็มีความสุขดีอาหลั่ง,0
เสียงดีไง555555,0
จุดจบของการคือแดกข้าวคนเดียว,0
ไอติมลดตั้ง50%กินแทนข้าวเย็นจนหนาวหน้าร้อน,0
ฝนตกหนักมากกก,0
กูปลื้มมากค่ะ^^ย้ายมาหอวันแรกต้อนรับด้วยการขัดส้วม!!เซอร์ไพร์มาก!,0
นี่คือแมวที่อารมดีที่สุดในโลกก!ตอนจบนางหอบ,0
ยุงกัดขาลายหมดล่ะขายเบียร์ดีหลาย??,0
ขาเรียวยาว555555เบาๆ????,0
เสียงกระซิบจากความหนาวความเหงา555,0
เน็ตดีเเทคเร็วเเรงเเซงทะลุโค้งมว้ากจ้า,0
เยอะแยะไปหมดค่าชีต,0
กินข้าวข้างคลองแสนแสบบรรยากาศดีเอเด๊าะยุงชุม????,0
คนคึหลายแท้ะแม่ง??พุ้นหน่ะกูแทบบ่มีหม่องยืน,0
ทำวันเดียวก็เสร็จงานอ่ะ!!!!เยอะเท่าไหร่ก็เสร็จได้วันเดียว^^,0
เเดกเเล้วก็นอน-0-ชีวิตกูรันทดจังง...555,0
อยากแยกร่างได้เดะเพื่อนคือมะชวนเล่นน้ำหลายแทะ,0
"ในแววตาที่เธอมองเขาคนนั้นหยอกกับคนอื่นด้วยแววตาที่หึงห่วง""มันเจ๊บว๊""",0
ดีจังเลยเป็นคนสำคัญสำหรับเธอมากเลยยยยยเสียงสูง-_-,0
โครตเท่ไม่รู้จะเท่ยังไง😡😡,0
อาการงอลของกรุ๊ป...เพื่อให้เค้างอ!!((:จริงไหมอ่ะ???((:จิงไม่จิงจิงไม่จิง???555+,0
ไหนๆก็นอนไม่หลับแล้วงั้งกูไม่นอนละเชี้ย??????,0
อะไรมันจะดีขนาดนั้นวะ,0
วุ่นวายกับชีวิตกูจัง!น่ารักอะะะเพื่อเธอฉันยอม,0
ลำยองสวยชิบหาย!!!...~(),0
เห็นค่าเราก็ตอนที่ไม่เหลือใครรขอบคุณณ,0
งามคักละกู(คน)บางคน,0
มีความสุขจังเลยเย้ๆๆ...^^:(,0
เธอรักฉัน...หรือเปล่า??....,0
อากาศเย็นเหลือเกินดูสิแหม่แดดกำลังดีโลกกับพระอาทิตย์หึหึ,0
หนูจะเป็นทอมและนะ555555ฮือออ:'(,0
อยากเมือเมือง,0
ตั้งตี้งับวันเสาร์จะอยุ่บ้านได้ไงพิกัด,0
เซมหาดไทยไปหาคนนอนกอดกันพกเงินกันมาไม่เกิน200งับเด่วพาเมา??ใครจะไปขอให้ยกมือขึ้น??,0
วันนี้ชิววๆๆขายดีมากๆคนเดินตึ้ม!!!ขายดีจนเพ้อหลับไปตอนไหนก็ไม่รู้????-..-นิดนึงๆ,0
โอ๊ย!!เด้าจนเอวเคล็ด-.-555555+:3,0
เริ่มแล้ว...เสียงปะทัด-0-!(ชั่งไพเราะจัง~),0
ไม่ต้องมาเข้าใจกูหรอกคราบบบ,0
ไม่ติดต่อมาเนี้ยตายรึยัง,0
เดี๋ยวถ้ากูเฉยชาเเล้วจะรู้สึก??บอกเลยนะ??,0
คัยว่าเราชอบไม่จริงงงงงง,0
ขอบคุนที่รักสาสันยา...สัสสสสส,0
วันนี้อากาศดีจัง!!!!,0
สงกรานต์เดวก็ไม่เล่นเเม่งเลยน้ำเนี้ยรัก??????,0
เรียนแคลคูลัสวันนี้มีความสุขจังเลยยย,0
เเดดน้อยไปป่ะ.เเน่จริงร้อนกว่านี้ดิโว้ย,0
เน็ตหอแรงเกินไป.??,0
ห้ามก็ยังจะไปดีเยี่ยม...,0
น้องม.1ถามพี่เป็นแฟนพี่ดุนอ้อค่ะกู:ไม่ใช่ค่ะ:)มัน,0
เช้านี้อากาศดีเย็นสบายเนอะ!!!??????(),0
อากาศก็ไม่ร้อนเท่าไหร่นิ??????หัวร้อนร้อนหัว,0
อากาศร้อนมากๆๆๆๆๆๆ,0
วันนี้ชั่งเป็นวันดีเสียจริงๆ??????,0
เก่งจัง--3:2ละเห้อิ,0
การพูดจาในระหว่างที่ทะเลาะไม่เข้าใจกันทำให้ประสิทธิภาพในความรักที่มีให้กัน...น้อยลง.;),0
ฉัน...แร้วเทอมีความสูขมั่ย!!!!!,0
อารมณ์ดีเพราะมีความสุข^_^,0
ชอบทำให้นอยหลายกูจะนอยสักปีนึงบ้อมันจั๋งสิไม่ทำอิก??????,0
คำบางคำที่พูดออกไปเคยรู้ไหมว่า?.,0
คุน‘สิว’ค๊าา!!อยุ่บนหน้าฉันนานๆนะ..:(หึ้มมยย....!!!!--_--สิว,0
พี่โสดน่ะ!!จีบพี่สิ!เห่อะ!!,0
ถ่ายรูปคู่กันน่ารักน้อ..????!!,0
ฉันกำลังมีความสุข:(,0
ไปขอกินนมน้องกล่อง1มื้อต่อมาเอามาให้เป็นลังเลยหรือป่าวอ่ะ,0
แต้งกิ้ว??หรืออะไร,0
รอตอบแชทคนเดียวคนอื่นอย่าทักโว้ย,0
เราโสดเราจะคบผู้ชายเราจะคบเลสนะจ้ะอย่าพากันคิดจริง,0
ออกแบบไปขายดาวอังคาร????,0
รวยจร้าาาาา...รวยยยยยย,0
นั้ลล้ากจางเยยยยยน!!!!-..-พี่!!!!,0
หนาวจั๊ดสัมพัสได้??,0
อินเดียโครตดีด??????เสมอ4-4ได้อยู่,0
แตงโมหรือส้มโอ555555????,0
สดใสทุกมุมเล้ยยยยยย555555,0
ไม่ขอเปิดตัวล่ะกัน,0
ประเทศสุรินทร์หนาวจัง??????,0
ขาย!!!คัป!!!มีแต่แนวเป็นโพด??,0
โอ้ยฟินวันยอด1แสน5555,0
10334????คนจองดองขายโล๊ะถูกจัดด่วน!!เสื่อผืนใหญ่หนาทนอย่างดีราคาโคตรถูก,0
ความเงียบงันเอาใจสบาย,0
โล1200จัดไปหวยแดรกกก,0
ไปปีนังไม่ได้ไปดูไดโนเสาร์ก็ได้แหม่มเลย,0
อัรการ์นจะ2ปีแล้ว,0
100ทุกใบค้าาาลดๆกันไปเย้ยย??เอฟใบไหนทักเเชทนี่จ้าเฉพาะโพสนี้นะคะราคาหลักร้อยเอาไปเถอะ??,0
ว่างมากกกกกก,0
เคยประจำกันถึงทำ,0
อย่าเอาผมไปใครเลย??????,0
เทราคา?คนจองไม่โอเอาราคาเทๆไปเลย??????งานแท้ขนาด?8?นิ้ว,0
ขอบคุณช่างภาพมากถ่ายสวยมากจ้า(ไอ้กุ้ง)????บักปึก,0
ง่ายกว่าอังกฤษก็จีนนี้แหละ,0
กินเองฝนน่าปะล่ะชามนี้ื40.-สั่งโล๊ด,0
จูเนียร์อย่าทำแบบนี้นะลูกเหงือกจะพังเอา??????,0
มียากกว่านี้มั้ย.สึดดดด!!!!!??????,0
เล็กๆน้อยพี่ก็เอาถูกสลากออมสิน3ใบทุน1ล้านได้กำไร600ดีใจจนทำอะไรไม่ถูกเลย????,0
น้ำลาย??????------??ขวัญใจอะไหร่เทียม??------??ชอบกดไลน์????กกดเเชร์??????เสฮอลล์เต่าบิน????------,0
จงใช้สูตรลัดในการแก้โจทย์!!^__^,0
บ่ออนซอน.บ่ได้งึดค่ะดีดี๊....อย่าได้แคร์ประสาคำคนขนาดกูออกมายังมีเรื่องเว้า____มาอยู่นี้มีความสุขกว่าเยอะคะ_____,0
เซตครอป120เซตสายเดี่ยว100พวกจองดองจองแล้วไม่โอน!สนใจทักแชท,0
บายๆโรงเรียนถาพโครตชัด,0
หายากครับผืนนี้ช่างทอใช้เวลาหลายปีมากครับกว่าจะได้,0
ซื้อส้มตำแต่ยายคนขายลืมใส่พริกใส่แต่กระเทียมอร่อยต้องใส่พริกบ่น??????ขำตัวเองจุง,0
ถูกไปป่ะถูกจนไม่อยากจะซื้อเลยยยยยย,0
อากาศดีจาง??,0
ไม่ต้องรีบร้อน!!เพราะโปรก็ไม่เเรงเท่าไหร่โปรโมชั่น2แถม1ราคา790บาท??????ก็เเค่มีปีละครั้ง!!ลุ้นรางวัลเเหวนทองคำ10รางวัลอย่ารีบนะเพราะเดี๋ยวจะไม่ทันไงออเดอร์ดีเกินณจุดนี้ส่งของกรอกข้อมูลลุ้นรางวัลไม่ทันเเล้วจ้า…,0
โปรโมชั่น2แถม1ราคา790บาท??????ก็เเค่มีปีละครั้ง!!ลุ้นรางวัลเเหวนทองคำ10รางวัลอย่ารีบนะเพราะเดี๋ยวจะไม่ทันไงออเดอร์ดีเกินณจุดนี้ส่งของกรอกข้อมูลลุ้นรางวัลไม่ทันเเล้วจ้า,0
น่ารักเกิ้นนนโพสต์ของ???'??????'???'???'???สิ่งที่น่ารัก????,0
งานสบายรายได้ดีมาพับถุงเล่นกับเราไหม??????วนไปเบิดมื้อข่อยฮึบๆๆ????อีก2วันก็หยุดล้าววววว,0
เต็มที่เลยโฟ7-11คือสวรรค์พ่อกับแม่แกทิ้งเงินไว้ให้เยอะป้านุ้ยหนูอยากกินขนม,0
ตะมุตะมิอิอิ55555,0
ทะเลาะกันที??อยากจะมีกิ๊กสัก100คน??ผัว??,0
วันนี้พี่หมีพร้อมเสริฟความอย่อยอีกแล้วครับท่าน??????!!!บุฟเฟ่ต์ชาบูหมูสไลท์&เครื่องดื่ม??ราคา199บาท??เปิดทำการ17.00น.-24.00น.หยุดทุกวันจันทร์ปาบึกด้วยชาบูร้อนๆ??สิจ๊ะ!!!พิกัดข้างปั้มปตท.สันป่าฝ้ายนิคมลำพูน…,0
ออเดอร์ลูกค้า??แต่เห็นแล้วอยากจัดเองไปด้วยเลย??หวย??ใครอยากได้ทักมาทองแท้ราคาถูกกว่าหน้าร้าน,0
เก็บตังซื้อให้ตัวเอง555ว้าววตื่นเต้นสุดๆ,0
??โล๊ะ??เสื้อผ้ามือ1สวยๆทุกตัวคะ????ขายขาดทุนกันเลยจ้า??????เสื้อยืดรัดรูปนมโตฟรีไซส์??????ตัวละ90บาท90฿90฿90฿ราคาเดียวทุกตัว??โปรไฟลุก??2ตัว150บาทกันไปเลยหลุดจองจ้า??สนใจ??…ดูเพิ่มเติม,0
ซื้อโบว์คาดผมให้หมวย10ชิ้นหมวยชอบใจใหญ่เลย??????,0
งื้ออออออ55555,0
ขอบคุณช่างภาพมากถ่ายสวยมากจ้า(ไอ้กุ้ง)????…,0
บักปึกกกกกไม่อยากจะพูดเลยยยยยยย5555555,0
ไม่เห็นจะอยากกินเลยยยยยย,0
หล่อจังงงงงง555555+-.-,0
ของดีๆหายบ่อยนัก......ทำแบบนี้หายแล้วสบายใจ..เมีย,0
เป็นเพื่อนกันมันดีมากๆเลยแกรว้าววว??1หรือคิดงี้จริงๆดีหว่า,0
????อยากลดผัวคนดูหมิ่นดูแคลนว่าเราอีอ้วน?ใครมีปัญหาแบบนี้อย่ารอทักมาเลยคะ,0
ผิดคนแล้วอิหนูระวังรูปโป้น้องจะฟ้องบนเฟสพี่หื่!!!,0
ชีวิตดี๊^^ดีไม่มีโทรศัพท์!!!!!,0
กูลองแล๊ะ..ต้องใช้ปากกาต่อกันสองด้าม555+ความอ้วนตัวเอง.??????,0
สังเกตุกล่องกับสินค้านะ??????กันป่าวอิๆๆ,0
อายุ17สูง162.สูงไปไหม????,0
ทำไมอ้วนจังกินเท่าไหร่ก็ไม่อ้วน??,0
9แรกของปี...รู้สึกจะไม่สบายเริ่มต้นได้ดีจริงๆ....??????,0
เหลือเชตเดียวนัดรับจอมเทียน??มีของเรยตอนนี้???เชตล้ะ160บ.คนจองเร่น???,0
คนอ้วนก็แซ่บนะ!!!555+เมียชอบขัดใจ,0
คนเดี๋ยวกะใส่ได้นะลูกน้องมันหนีเที่ยว??????,0
ขอบคุณเวลาสองวันได้45%ชื่อหัวข้อดอกไม้และจันทร์หมายถึงดอกไม้จันทร์ใช่ไหมโม่.....??????เก่งนะเราอ่ะแค่บ่นเรื่องหัวข้อหน่อยเดียวสี่ห้าหน้ากระดาษเอสี่เองส??????,0
ดื้อมากก็ต้องดุ..โดนตีไปชุดใหญ่จับขังห้องน้ำปิดไฟ..ก็จะงอนประมาณนี้??????ตั้งใจหมามหาประลัยงอนเก่งงงงง,0
พอนิ่งก็หาว่าไม่ทำงาน...??,0
เย้ๆๆๆๆๆๆเสร็จไป1555สมุดอังกฤษมีความหมายมาก,0
ไม่เหงาเล๊ย...??????5555,0
โสดเขียนแบบนี้ป้ะ.??กันไปมากูล้ะจื้น,0
มันคือถั่วที่เราชอบมาก,0
เมิ่ลมึงเลยว้ะ55อิเวงงง!??,0
มีคำพูดไว้คนมีเล่ห์กลไว้เสเเสร้งมีความคิดไว้ดัดแปลงมีการแสดงไว้หลอกใครๆๆ??????,0
ของกูขวานหาแค่ชั่วโมงเดี๋ยวเองเย้บไปอีก4เข้มเบาๆ,0
โดนไส้แมคแทงมือ????ที่งัดแมค????',0
น่ารักจังเลย~~~~~~,0
เอาที่รัฐบาลสบายใจให้ออกค่ะเรากินแกลบคงไม่เป็นไร???,0
โพสต์ของเงินเดือนที่รัก??????,0
บอกได้คำเดียวว่าเล๊ะ!,0
ลูกชายมาหาแม่จ๋ารู้สึกช่วงนี้ลูกชายดูซึมเศร้า5555,0
..อากาศหนาวๆฝนตกๆเร่นน้ำโล้ดด????,0
สายตาสดชื่นเหมือนคนหลับมาทั้งวัน,0
ขอใบจากธนาคารกันหรือป่าวให้ซะขนาด??????,0
ผมเป็นหมาสะอาดครัชเล่นนี่ไม่สกปรกเลย,0
ที่นี่..อากาศเย็นสบาย??????,0
วันนี้อากาศดีจัง!ออกมารับอากาศบริสุทธิ์กัน,0
หนังสือก็อ่านจะไม่ผ่านได้ไงป่าว,0
เค้าบอกว่างานจะเยอะจะหนักแค่ไหนแต่ถ้าเป็นงานที่เรารักเราจะไม่รู้สึกท้อรู้สึกเหนื่อยเลยยย????,0
ไม่หนาวหรอก..ก็แค่ยืนขาสั่นเบาๆหนาวกว่านี้มีอีกมั้ย..?!!,0
แบกย้ายเตียงคนเดียวกะได้..ไม่เหนื่อย!!!!!!เลย555,0
อายุ60วันทำไมตัวเล็กนิดเดียว,0
ตัดผมสั้นย้อมผมสีเทาไปอีก55555??????,0
คิดถึงมาม่าที่ห้อง555??????,0
เพลงน่าเต้นมาก....,0
ลูกแม่เป็นเด็กเรียบร้อย,0
ชีวิตกูนี้สะกดคำว่าเหนื่อยไม่เป็นจริงๆ,0
ให้มันตายไปกับงาน!ทำงานจนไม่มีเวลาใช้เงินหรออออออเจ้าของ??,0
วันนึงใช้เงินไม่ถึง100บาทข้าวเช้าก็กินแค่นี้!!หึหึคนจะรวยช่วยไม่ได้จริงๆมะ????,0
ม้วนผมแล้วหนีไปเที่ยวดาวอังคาร??งอน????,0
"เข้าไป..!!""เอาที่สบายใจเลย""คืนบ้างจะรู้สึก",0
เขาคงสร้างกูขึ้นมาเพื่อยุกะเด็กจริงๆ(ครุศาสตร์การประถมศึกษา)??????สอบเอกไทยที่ไหนไม่ติดซักที/บอกเลย.ไม่เป็นไรสอนทุกวิชานี่เเหระ.สนุกดี??????,0
กู()......^-^!!!!,0
สุดเกิ้นแต่กูดื้อไง??,0
ลท.นัดเย......??????กูก็ได้????,0
หล่อและรวยมาก??????,0
ขออีก2โลให้เหลือแต่กระดูก!!??,0
ทำไมผช.สมัยนี้หำเล็กจังหำเล็กจนผญ.คบทอมอะคะทำกลับ,0
เมื่อผัวบอกให้ประหยัด...กินแต่มาม่าก็ได้ว่ะ..ผัววนไปอาหารคนจน,0
เป็นคนสวยมากที่ยังไม่มีแฟน??พักเบรค3ชม.??????,0
เป็นคนสวยมากที่ยังไม่มีแฟน,0
??พักเบรค3ชม.??????',0
ขอบคุณไปรษณีย์ไทยที่กรุณาเปิดเช็คพัสดุให้ทุกครั้งเพื่อความปลอดภัยของผู้รับ....,0
โต้รุ่ง.....จ้า555555,0
เพิ่มอีกนิดมันเลยความอ้วนนิ,0
สองคนก็พอบางคนเดกหอท่าเรือ21,0
โสดเด้อคับเมีย55????,0
??รับสมัคแฟน1อัตรา?แถวนี้??,0
เราจะผอมไปด้วยกัน55555,0
ใครเจอหวยแดกเหมือนกันบ้าง????มาๆกิ่งปลอบใจโปรโมชั่นพิเศษใครสั่งของพรุ่งนี้กิ่งส่งให้ฟรีตั้งแต่กล่องแรกเลยหวยสั่งมาโล้ดดดดด..!!!????,0
คนถ่ายให้มือนิ่งมากกก????20182018,0
กะเพื่อนมันสวยนะ??????,0
อยากเจอสดๆกูบ้างก็ดีนะนั่นคืออดีตตอนนี้เดกดีแล้ว,0
โพสต์ของใครไม่เจ๋งกูเจ๋ง,0
คำว่าไหนก็ไหวหวั่นมีเเต่เซ็นมีเเต่ไม่ไหว…,0
วันเด็กก็โหยหากันว่าอยากกินเด็กอยากเป็นเด็กคนนุ่นนี่นั่นแล้ววันพืชมงคลก็อยากกินหญ้าแล้วอยากเป็น....อย่างงี้หรอ5555งงงง??????,0
กินแม่งคนเดียวคนแม่งเห็นแก่ตัว,0
ขอโทดดดดดด??????ป่าวลูก555,0
ขอโทดดดดดด??????,0
ลดหุ่น5555??,0
ประชันมันมีอะไรดีขึ้นมั้ย?????,0
ร้อนๆหนาวๆยังไงม่ายรุ๊เก่ง,0
ด่าได้แต่อย่าแรงแรงได้แต่อย่ากระแทกกระทั้นกระแทกทั้นได้แต่อย่าประชันได้แต่อย่าเยอะเยอะได้แต่อย่าแดกดัน......,0
มันเหนื่อยเก่งในภาพอาจจะมีข้อความ,0
ทำไมเฟรนลี่จังเก่ง,0
ทำตามเขาไปเรื่อย.....???,0
"โถ่""ดีออก""เก่ง",0
เห้อ!!!เก่ง,0
แอบกวีเสียดสี,0
3ยอดมนุษย์ชอบตั้งสเตตัสด่าว่าแบบเสียหมาในเฟสกัดกันไปมาด่าแบบไม่ลงชื่อจบจิตวิทยาให้คำปรึกษามาขอใช้สักนิด,0
คนเก่งจริ๊งงงงงง555555,0
พวกมึงเคยเป็นกันมั้ยเก่ง,0
ความดีของผู้ชายก็เช่นกันเก่ง,0
เขต'จ๋ารู้สึกเหนื่อยยยยท้อออน้อยใจจจจ,0
ที่ทำเป็น..ประชันไม่ได้อยาก>>ชวนทะเลาะ<<:(:(,0
.....กูก็เเค่น้อยยย'ยยยใจจจจ'จจจจ:'(:'(:'(^,0
รู้สึกสุขใจที่ได้เป็นที่รัก,0
อยู่ดีๆ..ก็นั่งคิดถึงเรื่องเมื่อวานหงุดหงิดโวยวายออดอ้อนหึงหวงคิดถึง,0
สรุปมีกล้องก็ไม่ช่วยถึงว่าผู้ว่าท่านติดดัมมี่เต็มเมืองเค้าอ่านเกมขาด!!!ประชันประชาทันประเทศไทยไอค๊อกไอแค๊ก,0
คำพูดน่าฟังจริ้งเฮ้ออออออ,0
ที่พูดออกไปไม่ใช้เพื่อทะเลาะกัน,0
แต่เพราะว่ากำลังน้อยใจโว้ย??????,0
ใช้ส่งของแค่นี้ต้องส่งรูปมาซะ!เก่งจริงๆ??,0
สามีตัวดี??ประชันเก่ง,0
แค่ไม่แสดงอาการเก่ง,0
อย่าทำตัวอย่ามางี่เง่าใส่เราไม่ชอบ????,0
เอาที่สบายใจเลยค่ะ@เข้าไปต่ำตมไม่หยุด,0
นี่ไงแม่ตูทำเป็นงอล555,0
เสียดสีกัน????เพื่ออะไร?????เฮ้ออออ??????,0
การประชันม่ดัยทามหัยเราเข้าจัยกันมากขึ้นหรอกนะ,0
เสียจัยยยยยเหรอออออออ,0
แปลว่ากล้งทําให้เกินควรหรือพูดแดกดันเพราะความไม่พอใจเช่นหุงข้าวหมาปิ้งปลาแมวพูดประชันก็ว่าในกลอนใช้ว่าประทยดหรือประเทียดก็มี.,0
๏พวกมึงมีอะไรจะใครมั๊ยไหนว่ามากูสัญญาเรื่องนี้จะเป็นความลับกูไม่บอกใครเด็ดขาด,0
มันดีดีต่อใจมว้ากกกกกก,0
มีความเชือดเฉือนสูงมากด้วยนะแจ๊ะ,0
นี่เดะชอบรื้อฟื้นชอบตับผิด5555,0
อย่าได้แมะเก่งงงงง,0
สามีฉันน่ารักที่สุด?????,0
หายหัวตลอด???????,0
ดูถูกกันเข้าไปซักวันจะผอมและรวยมาก555555ขำแบบผู้ชนะเพื่อน??????,0
โชคดีจริงๆเราได้เพื่อนตายเต็มเลย??,0
เพื่อนน่ารักหักเหลี่ยม555555,0
สุดท้ายก็เซเว่นมาชลบุรีทั้งทีเพื่อนฝูงหายหมดจะเมาคนเดียวให้หัวทิ่ม,0
อินี่มันชอบเพื่อนน่ะรู้ยัง555555อิสึด555^^,0
ไม่รู้จะขอบคุณหรือด่ามันก่อนดีช่ายมั้ยคุณเพื่อน,0
ไม่มีคนสนใจเสียใจอย่าดราม่าเพื่อนเลว555555,0
เพื่อนใครทำไมน่ารักไม่แท็กให้เห็นเอง,0
มีผัวใหม่เมื่อไหร่...สาบานจะเลิกแรดค่ะ555เพื่อนชอบว่าอ่ะ???เพื่อนค่ะ!!,0
เพื่อนแก้เหงาคนมึนนนนน,0
เพื่อนผมออกจะสวยน่ารักหุ่นดีขนาดนี้มีหรอที่จะไม่มีใครสนเพื่อนรัก,0
วันเกิดปีนี้หวังว่าคงจะได้ยาธาตุน้ำขาวผงซักฟอกเเปรงสีฟัน555555เพื่อนกูเป็นคนตลก,0
เพื่อนสำคัญที่สุดไม่มีใครกล่าวววววว,0
เอาที่มึงบายใจคือ......!!!!!,0
เพื่อนเต็มเลยยยยยยยไหนละเพื่อน,0
วันนี้ห้องเราทำสุกี้นะจ๊ะอยากแจมมมาาา,0
ชวนเพื่อนไปกินมันไม่ยอมไปงออออออ!,0
อยากกินผัดไทประตูผีต่อด้วยมนต์นมสด....????อยากกินหลายวันแล้วเพื่อนไม่ยอมกินข้าวอยากกินผัดไทอยากกินมนต์,0
ชีวิตดี้ดี...มีความสุข??????จริงๆเหรอออออออ,0
ตัวไม่แตกอย่าหยุดแดกเด่วผอมมมแดกจังจะกลมเป็นหมูอยู่แล้ว,0
โบมันโสด??????ไม่นานมึงคงโสดดด,0
อ้วนๆสิชอบบบบบบ,0
วันนี้เป็นวันที่ดีมากเลยยยยยดันมาเสียตอนสด,0
อย่าตัวเองด้วยการปล่อยตัวปล่อยใจไปในทางที่ตกต่ำ,0
ลายมือสวยจังเลยสวยจนอ่านไม่ออก,0
เลิกเอานิสัยมาใช้ส้ะทีเจมส์:ไม่ชอบ!!,0
คือไรว่ะไม่เข้าใจว่ะ...???,0
ไม่ค่อยมีเวลาแต่อยากเก่ง,0
เบื่อคนไม่มีเหตุผลลลลล,0
เบื่อฉิบหายย??????ไหนละคนเข้าใจจจจจจ,0
การใช้โฆษณาเชิงเสียดสีอันเป็นเอกลักษณ์ที่จัดจ้านของดีเซลและที่สำคัญทำให้เกิดการถกเถียงกันขึ้นโดยเฉพาะประเด็นในเรื่อง“เพศ”ที่ยังไม่มีแบรนด์แฟชั่นใดหาญกล้าที่จะนำเสนอแบบดีเซล,0
ชัดเจนเจ็บจี๊ดเข้าใจนะคดีปิด,0
ความรักไม่ใช่ศึกบางระจัน??อย่าทำเพื่อ??,0
??ผู้หญิงเก่งเรื่อง.????ผู้ชายเก่งจังชอบทำให้น้อยใจ.????,0
มนุษย์อย่าง..เราๆมักลบล้างความรู้สึก..เสียๆด้วยอารมณ์สะใจในระยะเวลา..สั้นๆ...,0
หมดแก้วให้ตับพัง....??????....ดีกว่าจริงจังให้คนไม่จริงใจ...??อกหักขี้มาววววันยังค่ำ...,0
โกรธกันแล้วมีความสุขไหม?,0
ฝนตกยาววววไป??????,0
ในวันที่โน้ตอุดมยังเป็นเสนาในยุทธการขยับเหงือกเห็นตัวตนชัดเจนดีจริงจริงจริ๊ง,0
เฟ๊อะฟ๊ะเพื่อนสำคัญมากกกกกกไปไกลลลลลๆๆๆๆๆๆเลยยยยยยย,0
เบื่อ??????ระดับนี้เฮ้ยยยยยเว้ยยยยยย,0
ประชันกันไปเล้ยยยยย55555,0
เพื้ออะไร??ไม่เหนื่อยบ้างหรอ,0
ประชันก็ชั้นนี่แหละ!!นางมารร้าย??,0
"ถนัดเร๊ยยยยยย""",0
กันแล้วได้อะไร??ถามตัวเอง!!!,0
.เปลี่ยนจาก.เป็นเปิดใจคุยกันดีกว่าไหม!!,0
กูโสดดดดดด,0
ทำไมผญ.ต้อง..โมโหประชันกระแนะกระแหนจิกกัดโวยวายเสียงดังที่สำคันชอบลงไม้ลงมือพูดกันดีๆก็ได้ละก็ชอบขุดคุ้ยเรื่องสมัยก่อนคริสตกาลด้วยคับไม่น่ารักเอาชะเลย?>@?$^,0
ผู้หญิงเก่งเรื่องผู้ชายก๊เก่งจังขยันทำให้น้อยใจ,0
...ผู้หญิงเก่งเรื่อง!.....ผู้ชายขยันหาเรื่องทำหั้ยน้อยจัย!,0
ระหว่างตัดพ้อ.กับ,0
โอ้ยยยยๆๆๆ!!ช่วงนี้เป็นอะไรกันคะมีแต่คำก้ายขนาด??????,0
"ผู้หญิง'เอาเเต่..---ส่วนพวก""ผู้ชาย""ก็เช่นกัน---ขยันทำให้...น้อยใจ",0
เกลียดที่สุดก็การนี่แระ,0
ความรักคือการ.......,0
??????,0
"ที่ชอบพูด...ใม่ใด้พูดเพื่อ""ชวนทะเลาะ""แค่เพราะกำลัง""น้อยใจ""แต่พูดออกใปใม่ใด้จิงๆ",0
เข้าไป...เดี๋ยวกูว่าพัง!??????,0
"ประชัน......เข้าไปเดียวจะทำให้""เจ็บ""",0
ดีงามเหลือเกินชอบจังใจเขาใจเรารู้ดีขรรม,0
เก่ง...อดแดกไปดิ!!!,0
ตัวกู??????กันไปโต้.ตอบกันไปก็เท่านั้นสมถุ่ย,0
ผู้หญิงเก่งเรื่องผู้ชายก็เก่งจังชอบทำให้น้อยใจ:(จิงป๊ๆ,0
บางครั้ง..!!ก็ไม่ด้ายอยากประชันก็อยากไห้แคร์กันบ้าง..เท่านั้นเอง6666,0
ประชันเข้าไปเน้อ!!!!,0
มาใช้เงินมันเยอะเกิน555.งานกาชาติ,0
สวัสดี7ขอบคุณรถบาส(ขับเร็วมาก)พามาเที่ยวงานปลาไหลขอบคุณ7,0
ปีนี้ปีชงมีแต่เรื่องดีๆตั้งแต่สุขภาพยันงานเซงงงง??,0
มาทำงานราชงานหลวง.ทำเพื่อวิลัยเวลาออกไปวิลัยจะได้ระลึกถึง????..,0
ขายนี้นะในงานข้างบ่อน้ำใครจามาช่วยซื้อช่วยขายยินดีๆ^^คนเยอะไปหมดฝนก็ลงเม็ดฤกษ์งามยามดี555+,0
ทำงานจิงๆนะ....เหนื่อยและเมื่อยโครต555,0
ทำงานเหนื๊อยเหนื่อย..55..,0
เป็นงานที่สนุกซะจนต้องหอบกลับมาทำวันหยุด,0
นอนเข้าไป.ไม่มีงานก็นอนเข้าไป.....??????,0
เทอมนี้ไม่มีไรมากชิวๆสอบงานกลุ่มเรียน7วันใน1อาทิตย์สบายๆหนูยังไหว??????,0
พร้อมกับงานแล้ววว55555??????,0
แผนงานตรวจที่ดิน.แต่ปรับแผนเป็นถ่ายแบบกลางแดดแทนละกันคร่า??????แดดเบาเบา,0
พร้อมมากสำหรับงานพรุ้งนี้ห่ารากงานเช้า07.00น.นอนตี03.00น.,0
ช่างน็อตบริการรับติดตั้งกล้องรถยนต์งานเนียนมาก,0
ปีใหม่แล้วโคตรดีใจเลยทำงานดิรอไร,0
พบคนงานอยากตาย,0
"ดอก!!!""งานน้อยมาก""",0
ว่างจัดไม่มีไรทำใครก็ได้หางานให้ทำทีดิ,0
งานท่วมหัวทำตัวว่างตลอด??????,0
เหงาน๊ะคน!!,0
สวยยย..จนคลีโอพัตรายังยิงตัวตายเลย555งานมโนประโยคแซ่บแคปให้ด้วยว่ายน้ำ,0
จะออกไปแว้นทั้งทีวันนี้ก็ร๊อนร้อนพี่ขอใส่แขนยาวเลยละกันนะแดด??????งานนี้มีเกรียม??ฮ้อนนนโพดด??????,0
อาจารย์สั่งงานไม่เยอะเลยจดแค่บทเดียวเอง??????,0
ฝนตกแล้ว...กลับบ้านได้ฝน,0
ฉลองงานเสร็จ...บายจายยย,0
เย่ๆพรุ่งนี้ทำงานแล้วววว.,0
เนี่ยๆๆๆเวลานี้ยังทำงานนนนนเห็นมั้ยคนบางคนส่งรูปมาอวด,0
ฮัลโหลลพรุ่งนี้วันจันทร์ดีใจอ่ะชอบทำงานจุง????!!ฝันดีนะ????แซบๆๆเบาๆๆ??,0
ยังไม่นอนเพื่ออาจารย์สั่งงาน,0
เออกูเลย.....ใช่สุดๆง้อกูตาแตกค่ะนี่งานประจำเอาแต่ใจอีก,0
งานเยอะดีชอบๆ...คะ!,0
ไลค์ทักว่างจัดงานเยอะชิปหาย??????,0
จะสอบกลางภาคละยังทำตัวว่างอยู่เลยงานเต็มเลยยย,0
ซื้อเบอทอง50ไว้ไม่ได้ใช่มะ????ซื้อใส่เองแม่งเลข5555งานอวดค่ะ,0
ยิ้มดิครับ!วันนี้ไม่มีงาน.????,0
นางชิวมากค้ะ????ช่วยงานทั้งวันแป๊บ????,0
งานเสร็จแล้วกลับบ้านได้ทองหล่อเวลานี้ไม่ติดเท่าไหร่,0
รักการอ่านหนังสือมากๆค่ะเสาร์-อาทิตย์เคลียร์งาน??????,0
วันศุกร์นี้จะไปสมัครเรียนใหม่เอาวุฒิปวส.อีกใบ5555งานแม่งไม่ได้ทำสักที..!!ฟวยชมรมคนว่างงาน2017??????,0
บันใดบ่ทันเสร็จจะรีบไปใหน.นิล่ะงานเหมา,0
งานเยอะแบบเกินเหตุ,0
โชคดีรถกูมีพัดลมส่งงานป้ายสามเสน,0
งานไหลมมส.กูเปียกหนักมาก,0
งานท่วมหัว..ทำตัว.,0
พรุ่งนี้สอบวันสุดท้ายชิวๆแค่มีวิชาฟิสิกส์ชีวะคณิตเพิ่มเติมคอมชิวมากอ้ะชิวววววววงานนี้มีหัวทิ่ม,0
ใครๆก็บอกว่าเราเป็นคนขาวยุแล้วท่าจะจริงดูหน้าตอนปี1ดิโคตรขาว555555งานแสดงตลกมโนราห์คิดถึงมหาลัย,0
ตกขนาดนี้หยุดงานนอนเลยม้ะ!!บางคน,0
อีกแล้วเหรอ...เดือนหน้า...1วัน..กูไม่ค่อยเพลียเลยกูโอเคร5555+....รวยแน่กูงานนี้??????หนักมาก??????,0
ฝนตกแอร์เย็นๆบรรยากาศ!!แมร่งมันน่าทำงานจิงๆ??????,0
เรียนสูงการงานสูงแต่กิริยาต่ำจิตใจก็เลยต่ำตาม!!รึเป็นเพราะสันดานมึงวะ!!!,0
งานวันหยุดงานเช้าช๊อบบบมากกกกกก!!!!!??????,0
จะขอรับมันในวันที่ใจอ่อนแอ..ปัญหาถาโถมเข้ามาหนักๆกูซาดิษ.จัดมาให้เต็ม.จะขอรับไว้ทั้งหมด.!!!งานถนัดกูเรย.เหนื่อยมากไป.ก็นอนพรุ่งนี้เช้าค่อยว่ากันใหม่.,0
จะจบแล้วงานโคตรนิดเลยสัส??????อิดอก,0
คิวงานกูมาละเหนื่อยเเน่กูงานเยอะมาก,0
หน่อย!!!!!ส่งท้ายบายฝันดีนะค่ะคนนอนดึกคนที่งานเข้ากะ,0
เหงาจังงงงเด็กนอนยังไม่ตื่น.55555..ลูกหลับ.แม่ก็จะสบายหน่อย.เคลียงานบ้านสบาย.????,0
หยุดก็ไม่นานงานก็ไม่เยอะเท่าไร????,0
เลิกงานกลับบ้านคนเดียวอีกตามเคย!ไม่แท็กให้เห็นเอง,0
งานนนนนน!รายมือมึงอ่านง่ายเนอะ,0
เลิกงานถึงบ้าน3ทุ่มกว่าอืมมมมม!!กับข้าวแต่ล่ะอย่างกินทีมีแต่ผอมกับผอมนี่แหละแดกจนตัวจะแตกล่ะ????,0
ตารางงานเบาๆสำหรับวงที่ไม่ดังค่ะได้ดีมากค่ะลูกชอบ,0
แปลเปเปอร์นี่งานถนัดเลยค่ะ??????,0
บวช>มานั่งขัดระเบียงหน้าห้องแขก>ตกฝนอย่างหนักเห้อ!!!!เข้ากันอย่างแรงด้ายอีกนะเรา,0
ตกกันเข้าไปๆ...หิวก็หิวออกไปใหนไม่ได้...นั่งอดอยู่ห้องแม่มมเลยนี่...ฝน,0
สรุปคือไม่ต้องนอน..อาบน้ำแต่งตัวไปเรียน..ตัวเตงเวลายุ่ห้องง่วงยังไงก็นอนไม่หลับ...ถ้าไปเรียนแลวหลับจะสมน้ำน่าตัวเอง,0
โหย!คุณชายมึงเดินมาเคาะประตูห้องกูเลยก็ได้,0
ตาสว่างข้างห้องเชียรบอลเงียบเกิน,0
เเคร์กระโปรงยาวไปน้ะ??,0
เรียกพี่ไม่ถนัดเรียกไอสัดก็ได้น้อง--*,0
โอ้ยยยร่าเริงงง??เรียนวันเสาร์??!,0
ว้าายย!!กระโปรงกูหลวม??????,0
อยากได้กระโปรงนร.อีก10+ตัวเสื้อนร.อีก20+ตัวจะได้ไม่ต้องกัวโดนยึด??????,0
ทำบุญแต่งตัวให้เรียบร้อยกระโปรงกูนี้ยาวจนลากพื้น55555แม่,0
กระโปรงเนตรนารีสั้นไปนะ-.-,0
ใส่กระโปรงยาวซะขนาดนี้พอใจมั้ยคะที่รักแง่ๆๆๆๆ,0
แม่ค่ะ.ถ้าจะไม่ให้ตัดผมนะให้หนูไปใส่กระโปรงเถอะ-_-,0
ซึ้งง้าาาเพื่อนซื้อกระโปรงมาให้2ตัวกูป่าวว่ะ555.,0
เปิดเพลงเต้นในห้องคนเดียวววววววววววว'555555',0
ข้อสอบง่ายมากสอบเสร็จปุ๊บหลับปั๊บห้องเย็นมากไม่ร้อนเลยนี่พูดจริ๊งงงงง:/สึด,0
ณจุดนี้พูดเลยมึนนิดๆแต่สมรรถภาพในการเกาะพื้นถนนยังดีเยี่ยมทำให้กลับถึงห้องได้โดยปลอดภัยเบาๆกับการที่เราแคร์เค้าแค่ฝ่ายเดียว,0
...คนสอบ5เยอะดีเนาะ..ห้องละ14-15คน!!...><',0
คณิตวิทย์ไทยห้องสมุดวัสดุโอ๊ว!!จารย์ไม่สั่งการบ้านมาหมดทุกวิชาเลยล่ะครัชชช!!,0
เคมีนะหรอ???ก็งั้นๆๆอ่ะบอกตรงๆเกือบขี้แตกในห้องสอบ,0
ขอบคุณนะคะเด็กๆ3/2รักเรามากเรยให้เปงหัวหน้าห้อง,0
มาฟังสัมมนาเบาๆง่วงจุงคนฟังเยอะมากกกกกทั้งห้องมีไม่ถึงสิบคน555,0
ถ้าห้องจะเย็นขนาดนินะจะคานลงไปนอนพื้นละเนี่ย...-_-',0
เค้าอยู่ห้องยาทำแผลเจอคนไข้ซักประวัติกันเรานั่งอยู่ห้องการเงินพิมพ์งานตากแอร์วันคำมันหยังมาสบายแต้น้อ5555!,0
วันนี้ไม่กลับห้อง...นอนในม็อบ,0
จัดห้องไปโดนบ่นไปโคตรมีความสุขเลย!!,0
นอนอยู่แต่ในห้อง,0
"ออกจากห้องเวลาเดิม.....รู้สึก""สดชื่นนนนนน()",0
บอกให้ทำห้องที่นอนหมาให้เป็นสัดส่วนเอาให้ดีดีผ่านมาครึ่งเดือนได้ครึ่งทางดูพื้นทีๆๆมันใหญ่มากเลยเปล่าเนี้ยงบบานปลายมหาศาล..!!,0
-เปิดเรียนวันนี้แม่งมากันเติมห้องเลยน่าภูมิใจที่สุด-แม่งมา10คนปลื้มว่ะ:(,0
วันนี้ทั้งห้องมาเรียนตั้ง10แหน่ะเยอะจุง55555,0
เปิดเพลงเต้นยุห้องก็สนุกดีน่ะ...,0
เป็นพี่สาวที่ดีมากระหว่างน้องอยุ่โรง'บาลเข้ามาในห้องกวาดให้เเล้วเอาซิมการ์ดไปทิ้งขอบคุณค่ะพี่--,0
อยากกลับไปสมัครเข้าม.สี่ใหม่จะได้สมัครเข้าห้องสสวท.เสรดดดด--'เพราะใคร?ตอกย้ำคนอ่านที่รู้ตัว555บอกเลย.5555:,0
เอิ่มหอพักยูนิลอฟนี่กูเก็บตังค์ค่าเช่าหอสี่ปีเรียนจบซื้อคอนโดได้ห้องหนึ่งเลยนะถูกไปมั้ย,0
เก็บกวาดห้อง(รกเกินเกือบไม่มีทางเดินล่ะ)-->ห้องก็กว้างเสียเหลือเกิน!:'(,0
ไม่เหนื่อยไม่เมื่อยไม่หิวไม่ง่วงอยู่ห้องคนเดียวอีกและ-..-,0
อยากเมายุหน้าห้อง,0
รู้สึกจะง่วงซะแร้วเราณห้องนอนที่โตครเย็น5555ฉลองกรุง33,0
อิห้องข้างๆนี่ดีจริงๆพูดจีนกรอกหูกูทุ๊กวันหึหึตีสามตีสี่ก็ยังไม่หยุดดดด,0
ใครวะ!มาร้องเพลงอยู่ข้างๆห้องแต่เช้าโครตรเพราะเรยอ่ะ..!!??????(นอนต่อแปบ),0
มึงจะกินห้อง11ให้หมดเรยไหม,0
ทำงานเก็บเงินชื่อเสื้อลายไฟ5555,0
สุขสันต์วันไฟดับลูกค้ารอน้ำส้มจะได้ไหมวันนี้,0
ไฟดับเสยคือมันดีอ่ะแกร??,0
เลิกงานเราก็ยังทำงานท่ามกลางแสงเทียนประหยัดไฟให้องค์กร(เผื่อไม่รู้),0
ร้อนๆแบบนี้ผิงไฟจะได้หนาว,0
วันหยุดไฟดับคร้าาา!!สบ๊ายยยสบายย??????,0
เลี้ยงลูกอยู่บ้านสบายจะตาย!??,0
บริษัทผมนี่โบนัส12เดือน+120000,0
เงินเดือนออกเยอะขนาดนี้จะใช้ยังไงหมด!!!,0
ฆ่าคนตายหนีคดีโดนจับได้ตอนแก่สังคมสงสารหรอยๆ55555กูเอาบ้างได้มั้ยนิ,0
แลๆแล้วค่าโอทีจะแซงเงินเดือนแล้วเด้ความหิว,0
เป็นเดือนที่บริหารเงินได้ดีมาก????...,0
กินให้ท้องแตกไปเลยเงินเดือน??,0
คนที่ทำงานมีแต่คนโพสเงินเดือนออกแล้วไม่ครบบ้างอะไรบ้างกูนี่ไม่อยากจะเปิดดูเลยกลัวได้เยอะกว่าที่คิดผ่าม!!!555555,0
ขอบคุณน้องเมยที่ปอกเปลือกเด็กสถาบันนี้ตั้งแต่ตัวเล็กยันตัวใหญ่ถุยใส่คนให้เงินเดือนมึงกูรู้นะ,0
นี่ก็วันที่7แล้ว..เงินเดือนไม่ต้องออกก็ได้จ๋าโอเค5555??????,0
ไฟดับฝนตกชีวิตดี๊ดี,0
อยากให้ไฟแดงนานกว่านี้หน่อย,0
วือสุดพลังไม่อาบน้ำนอนแม่ม??หลอดไฟกับเครื่องปริ้น,0
ตกมาแบบชุดใหญ่ไฟกระพริบเลยค่ะ??????,0
ขอขอบคุณเจ้าภาพที่ทำให้น้ำไหลไฟสะดวก??????,0
ขอบคุณที่เป็นห่วงกู.ปิดไฟนอน,0
โสดๆไฟเขียวว,0
โรงงานไฟดับ??ไม่ได้ตรวจงานเลย.55+นานๆเด้อ??????,0
เฟ่ยเฟ่ยโอวัลตินภูเขาไฟทำไมอร่อยจัง.,0
ฝนตกฟ้าร้องฟ้าผ่าน่ากลัวมากๆไฟ้ฟ้าเลยดับร้อนก็ร้อนยังมาเสือกดับเช้ยสัส????,0
คนดีตกน้ำไม่ไหลตกไฟไม่ไหม้,0
เมื่อที่บ้านไฟดับจะไม่กลับจนกว่าไฟจะมาไฟแม่งเลย,0
จัดไปชุดใหญ่ไฟกระพริบพ่อเลยเอารถไป??,0
ขอเดาว่าน่าจะแพงกว่าอุโมงไฟ,0
วันจันทร์สอบคณิตวิทย์อังกฤษ?ชิลๆเรียน7คาบสอบ7คาบยังทำมาแล้วห้องสามสวยทุกคนเรื่องแค่นี้สบายมากกกก><จนเลือดเต็มปากล่ะ_,0
ผู้ชายห้องเราสุภาพบุรุษเนาะ-*-เอ่อ,0
สงสัยวันนี้อาจารย์จะรักกูมาก..เข้าห้องสายแค่5นาทีไม่ให้กูเข้าห้องเลย:3,0
นูว่างคร๊..วันๆหมกหัวยุแต่ในห้องบ้านก็ไม่ได้กลับสนุกจิงๆ...????,0
เปิดเพลงโครตดังห้องข้างๆ,0
เดกโรงเรียนกพสม.4/3ขังอ.ไว้ในห้องอาจารไม่ให้เข้าห้อง,0
ปล่อยงานหลุดจองจ้ารุ่นนี้เหลือ3ตัวสุดท้ายหลุดจองตัวละ95บาท??,0
วันนี้เลิกงานเร็วไม่เหนจะเหนื่อยเลย,0
ปายช็อปงานป้ายกันเหอะๆ,0
เป็นที่1เด่วกูก็ยิงยาวแม่งเลย...??????,0
เตือนแล้วนะ...ไม่ชอบ??????,0
ทำงานชิวๆสบายๆ...เดินกลับห้องบรรยากาศดี๊ดี...^^><-กูเหนื่อยสัส'งือ:'(,0
ทำไมต้องเป็นห้องกูที่เลิกสอบ16.20ว่ะขอสอบต่อเลยได้ป่ะไม่ต้องพักกินข้าวสอบก็เยอะเดี๋ยวจะไม่อ่านหนังสือไปสอบแม่งกูรีบแต่งตัวไปคอนต่อใครไม่เดือดร้อนกูเดือดร้อน!,0
เหงื่อแตก.!!สลั่ดผัก.!!อยุ่เเต่ในห้อง.อึดอัด.ฉลาดใง.><,0
ห้องเค้าเป็นห้องที่ร้องเพลงเพราะที่สุด555+,0
"ข้อสอบไรอ่ะง่ายจุงเบยย:"")เวลาสอบ09.00น.มาเข้าสอบ09.20น.ออกจากห้องสอบ09.40น.ไอสัสสสส",0
เปิดเรียนวันแรกกุมาร.ร.เพื่อนบนห้องเยอะมากก'??????,0
มีคนบอกว่าที่กูทำตัวร่านเหมือนทำความรักจิงป่ะว่ะกูจะทำไปทำไมในเมื่อกูหมดรักแล้ว(กูเกลียดมึงจนกูไม่อยากเข้าห้องหมวด)แต่ก็ยังรักรักสุดหัวใจรักมากเฮ้ยเพ้อแปบ!,0
ห้องกูดีครูเรยไม่สอน555555,0
ห้องข้างๆมึงเปิดเสียงทีวี100นึงเลยไป๊.เสียงเบาเกิ๊น.,0
คนอื่นเขาละมีงานเฮ็ดกูละต้องนอนยุห้องสื่อๆส่ำบายแท้กู!!เบื่อเหงา.อยากทำงาน,0
มาถึงห้องแหลกข้าวคนเดียวแซ่บน้อ5555:/,0
นั่งยุห้องเฉยๆก็ปวดหัวใจจะขาดถ้าจะให้หยิบหนังสือมาอ่านพี่คงทำมิได้เพราะนั่งเฉยๆกบาลก็จะแยกล่ะถ้าอ่านล่ะไม่ส่งโรงบาลเลยเบาะสื่อๆนิล่ะ,0
..แรงนี้เขาคงชิพากันย่างเวียนเทียน....เฮาคงชินั่งวินหัวยุเถิงห้องระเนาะ..55555+,0
ทำไมชอบไม่สบายตอนช่วงใกล้สอบทุกทีเลยว่ะน่าเบื่อจะต้องให้กูไปล้มลงนอนหน้าห้องสอบเหมือนเทอมที่แล้วป่ะน่าจะดี,0
ไม่เข้าใจ...ให้ตายเถอะผู้ใหญ่เป็นไรกันหมดห้องเรียนน้อยๆมันเรียนได้ทั่วถึงกว่าแต่จับมาอยู่ด้วยกัน...โว๊ะ==*ย้ายร.ร.แม้ง55555,0
ว่างๆๆบ้านกูได้นะวันนี้ยังไม่หายคิดถึงเลย......,0
สถานะตอนนี้นั่งกินข้าวยุห้องเพิ้ล!!!กินยุคลเด่วแซ่บเนาะ...,0
ข้อสอบว่ายนำ้ทำกูขรรมจนครูคุมห้องสอบเดินมาดูข้างหลังคือแบบคนออกข้อสอบโครตจะมีหลักการอ่ะ-.-จ้ะอื้ม!,0
ถ้ากูมีญาติอยู่เอสเอ็มทรูกูไม่ใช้เส้นกดบัตรคอนเป็นลักกี้แฟนหรอกกูจะไปอยู่หลังเวทีอยู่ห้องแต่งตัวแม่งเลยเซ็งดีใจกับคนได้บัตรด้วยยินดี??,0
แอร์ที่ห้องพักมันเย็นดีนะตั้ง28องศาแน่ะ,0
พอดีๆก็ไม่ตกพอป่วยนี่ตกทุกวันเลยนะแหมมมมฝนห้องสมุดแอร์ยังโคตรหนาวอีกจะแข็งละนะ--,0
มะกี้เรียนพิมดีดห้องร้อนจนกูหายใจแทบไม่ออกตอนนี้เรียนเสดทะสาดกูหนาวววจนขนลุกหมดละสัสสสกูหรอออออ,0
เดินขึ้นบันได5ชั้นมาเหนื่อยๆหายใจหอบแฮ่กๆๆกำลังจะเดินเข้าห้องเจอคนสํบบุหรี่อื้มมมมมมชื่นใจมากเบลยยยยย,0
นอนถ่ายรูป!!!:)เทนนี้กำลังมาแรง555555แต่ละคนสภาพดูดีเว่อ(เสียงสูง)รักห้องเจ็ดที่สุดเลยนะจุ้บปิงาบๆ!ปัดฉิมม1555555:)-////////////-ขอบคุนที่อยู่ด้วยกันม1.:),0
พะตงน้ะค้ะกฎไม่เยอะชุดก็สวยไว้ผมยาวได้กระโปรงสั้นได้ถุงเท้ายาวได้เขียนคิ้วมาร.ร.ได้เอาโทสับมาร.ร.ได้ขับรถในร.รได้โดดเรียนได้กินขนมบนห้องได้เล่นเฟสใต้โต๊ะได้.,0
ตัดผมชีวิต??????ครูห้องปกครองฟินเฟ้ออ,0
ห้องหนึ่งนิสัยไม่ดีชอบเอาเปรียบห้องอื่นห้องอื่นเขาทำกิจกรรมห้องหนึ่งเรียนเอาเปรียบจิงๆ-*-,0
ได้ห้องโลเคชั่นดีกราบตีนแต่150เดินไปเรียนประมาณ10ก้าวที่สำคัญอยู่แต่อีกูไม่โอเคเลยโน้ะไม่โอสักนิดดดดดด,0
ห้องพัก111313คุณพระเลขเป็นมงคลจังเลยยยสติหลุดกว่าตอนที่จองหอไม่ได้อีก-[]-,0
ง่ายยยมากกกคณิตศาสตร์..นี้ข้อสอบเด็กอนุบาลหรอ..เฮ๊อออ..ชิลๆ!!,0
การบ้านไม่เยอะเลยน่ะห้องวิทย์-คณิต-.-ห้ะ:),0
รัก??บรรณารักษ์ห้องสมุดมากกกก??????,0
จะอยู่แต่ในห้อง...2วัน!!:'(ตัวเอง!!!,0
เด็กเรียนมากเข้าห้องสมุด55555,0
ถ้าจะเอาอะไรเข้าไปในห้องสอบได้แล้วออกยากสึสๆแบบนี้อ่ะนะไฟนอลไม่ต้องให้เอาอะไรเข้าไปนะครับ(แล้วออกง่ายๆให้ตรู)>_<:'(,0
ทปศ.ดีดี๊ดีงามพระรามสี่เลยจ่ะที่หนึ่ง,0
ถ้าความปรารถนาดี(ใช่หรอ)ทำให้ผู้อื่นมีความสุขก็ทำต่อไปเถอะสังคมโรคจิตดัจริตจิกกัดตามละครไทย,0
ผชบางคนก็คำพูดแรงกว่าชะนีอีกนะนี่ยอมใจมาก??,0
ยินดีกับทุกคนที่อยู่เทพนครด้วยนะครับร้อนอย่างกะนรกกูอยู่บ้านนอนห้องแอร์เย้!!!ด้วยความน้อยใจสัส5555,0
ระเบียบวิจัยง่ายจัง??????,0
??????หลายครั้งที่เรามักทะเลาะกันแล้วมันก็จบด้วยการที่เราไม่อยากพูดกันหลายครั้งที่เรางี่เง่าใส่กัน,0
แล้วมันก็จบด้วยการที่ต่างคนต่างนอยด์หลายครั้งที่เราไม่เข้าใจกันแล้วมันก็จบด้วยการกันบางทีมันก็ทำให้เราต่างหลงลืมวันดีๆไปไม่มีความรักไหนที่ดีทุกวันไม่มีคู่รักไหนที่เข้าใจกันทุกเรื่อง...,0
อยากโสดต่ออีกสัก3ปีเพราะน่าตาดีไม่มีใครเอา??ครับ555??,0
ทำไม??เรื่องอื่นเราพอรู้นะแต่เรื่องนี้ยอมรับเลย..ไม่เก่งจริงๆ,0
พูดกันตรงๆได้ไหมขอร้องล่ะ!!เค้าไม่ได้เป็นไรมากหรอกก็แค่ปวดหัวตัวร้อนเจ็บคอปวดจมูกน้ำมูกไหลไอจามเป็นร้อนๆหนาวๆแค่นั้นเองไม่ต้องเป็นห่วงหรอก??????ทำไมเขาไม่ได้ห่วงเราซะหน่อย,0
กินยังไงก็ไม่อ้วน555555ทำไม???,0
เอิ่มมมม??????,0
ให้เงินมาทีไรลูกไม่เคยเอาไปซ่อมคอมรอบนี้พ่อเลยต้องพามา...????ขอบคุณนะพ่อที่เข้าใจ??แค่หน้าจอคึถูกแท้,0
เรียกพี่ไม่ถนัดเรียกไอสัดก็ได้น้อง--,0
นี่เครียดจนลุกขึ้นมาเปิดเพลงเต้นละอีผี!!,0
ขาเรียวยาว555555,0
โอ้ยยยร่าเริงงง??เรียนวันเสาร์??,0
เสียงกระซิบจากความหนาว,0
ประเทศลาดกระบังโครตเย็น,0
จะอดีตหรือปัจจุบัน..'ถ้าคนเค้าลืมอดีตไม่ได้....ปัจจุบันก็เป็นได้แค่คนแก้ขัดอยู่ดี..เคยได้ยินป่ะ...?คบปัจจุบันเพื่อ,0
เที่ยวกับเพื่อนเที่ยวคนเดียวก็ไม่เห็นตายนิ555,0
คนเยอะมาก!!...,0
ก็แค่วันๆนึงที่แลดูมีความสุขดี555555,0
ไหนๆก็นอนไม่หลับแล้วงั้งกูไม่นอนละเชี้ย,0
ทำแต่งานนนนนน,0
ดีจังเลยเป็นคนสำคัญสำหรับเธอมากเลยยยยย,0
เธอรักฉัน.......,0
เน็ตหอแรงเกินไป.,0
นานๆทีได้ถ่ายรูปเนอะ,0
นี่คือแมวที่อารมดีที่สุดในโลกก,0
มีความสุขจังเลยเย้ๆๆๆๆๆๆ...^^,0
ขอบใจที่สนใจกัน.!!,0
ห้ามก็ยังจะไปดีเยี่ยม,0
เเดดน้อยไปป่ะ.เเน่จริงร้อนกว่านี้ดิ,0
เเมร่งเพื่อนออนเต็มอ่ะแต่ไม่ยังจะมีคนคุยเดี่ยวลบเพื่อนให้หมดเลยสาส.,0
โครตเท่ไม่รู้จะเท่ยังไง,0
แล้วแต่นะแล้วแต่,0
กูตลอดดดดดด.:/??????,0
..แร้วเทอมีความสูขมั่ย!!!!!,0
สีผมน่ารักมากๆๆๆ(กินแต่โคนผมสึด),0
เย้ๆๆพน.เข้าสี555,0
กันเข้าไป????,0
แค่ใช่ให้ย่างให้ทีย่างเสร็จมาวางเรียงๆ2จานอย่างเละ,0
เมื่อบอกผัวว่าตัดต้นไม้หน้าบ้านหน่อยนะมันรกคือตัดคักตัดแหน่จากต้นสูงท่วมรั้วเหลือแค่นี้งึดคัก??,0
ได้กินตอนไดน้ออ้ายสามโลใครจะกินหมด,0
ชาร์จแบตตั้งแต่เมื่อวานก็24%เท่าเดิมพรุ่งนี้กลับโคราชถ้าแบตหมดแล้วจะเข้าบ้านยังไง?,0
ขอบคุณเด้อ??ขายไห้หมด..ตู้ผ้าไม่พอเก็บ????,0
ตู้ไฟใหญ่มาก,0
บ่ได้อิจดอกแชร์สื้อๆ5555.,0
มึงกูจะนั่งกินให้ถนัดปากเรย,0
ตู้เสื้อผ้าสไตล์,0
เริ่มเปย์ค่ะ??????อย่าไลท์เยอะเดวพ่อไอติมเหน555,0
ห่านนนนนนนไม่ต้องพูดดดดดดดด,0
แก้ร้อนตู้เย็นดีก็งี้แหละไอติมเคพกู้ดเบอรี่นมสดทำติมเองครั้งแรกอร่อยยยเลอความเป็นแม่บ้านแม่เรือนควิๆๆ,0
4แลนด์เครื่อง3ลำละถ้าเครื่อง4ลำจะต้องเป็นกี่แลนด์??,0
ปีใหม่ของเรา5555นอนเฝ้าห้องวนไปกลัวตู้เย็นหาย??????,0
มีคนถามว่ามีเวลาไหมผมนี่ขีดเส้นตีกรอบเลยฮะ,0
บอกว่าหิวกะเอามาเป้นแพ้ค,0
เย้ๆถึงแล้วแยกม.เกษตรใช้เวลาเดิน57.18นาที??????อีเหี้ยกูเป็นคนจิตป้ะว้ะ?,0
!!!เลยยยยยติ55555+,0
5555ขอบคุณพี่บุ๋มที่ให้เกียติ,0
ให้เงินมาเรียน...เยอะมากๆๆๆ,0
มาฝากเงินติอีฟ??????,0
เที่ยวทุกวันเลยนะมู๋น้อยโดนห้ามไม่ให้แต่งเซ็กซี่,0
เป็นรูปที่งดงามตราตรึงในจิตใจ.,0
เมื่อกูตื่นขึ้นมาแล้วบ่นหิวทั้งขนมทั้งตับย่างทั้งไก่,0
จะเอาเต็มชีววิทยาม.5เทอม2??,0
ตูจะพยายาม...,0
โสดกะดีชอบจังชีวิตโสดๆ,0
ไม่อ้วนหรอก.ขนมปังทุกวัน.โอวัลตินวัน2แก้ว??????.,0
ตั๋วฟรีวันนี้ครับหาคนช่วยตีหน่อย,0
โอ้ยคือโชคดีแต่เช้าแท้,0
ขอพิเศษลูกชิ้น555555+++จัดไปปปปป??????,0
ชีวิตหลังเรียนจบ...นอนเล่นยุบ้านโอ้วววชีวิติดีโพดดดด...,0
ทีมงานบอกจัดไปโลด5555เชฟตี้คึบ่จ่มแน่ปากแน้ตี้,0
แม่หนีเที่ยวเลยนอนในตู้เย็นสะเลย,0
เดทแบบไม่เห็นหน้ากัน....โคตรโรแมนติกอ่ะ,0
"ส้มตำเพ็ดๆ.""",0
ไม่ท่วมเลยยยยยยย,0
วันนี้เหมือนจะสบายเนอะ,0
มีผัวแล้วหว่าติ?,0
บ่เป็นหยังเค้าเข้าใจตกลงไปบ่ต้องห่วงอย่าหลายน้ำกะท่วมบ่ฮอดตายดอกตี๊,0
กวาดสะสอาดเอี่ยมอ่องเล้ยยย..,0
ร้านข้าวกะจักเป็นหยังยังว่าบ่ใส่หอมใหญ่!!!,0
ตื่นมาเพื่อปวดท้อง.??????ดีจังเรย.,0
ถูกหวยสักทีพี่จะจัดสักตัวน่ารักอ่ะ,0
เอารางวัลติจ้าาาา??????,0
รสชาติดี๊ดี!,0
.เลิกร้องไห้ได้แร้ว????ไม่ว่างทำไม่ได้นะ,0
ชอบ!!!จะเอาหมดเนี่ยมันคือศิลปะ...?,0
พูดเลยว่าเต็มสองตู้,0
ให้มันร้อนแบบนี้สิ่คร้า_ประเทศไทย?,0
กินติมมกันนน,0
ขอบคุณน่ะค่ะ!!ที่คอยโทรหา..โทรถามทุกวัน}ป่าวหลอก??ตู,0
เฮ้ยเจ้คนนี้ขับรถได้ดีมากเลยยย,0
กูติมึงว่าาาาาาซ่านนนนนน,0
จะนอนสักตี2??,0
ร้อนแบบนี้กินติมกัน!!!,0
หนาวไปนะประเทศไทย????เหมือนอยู่ในตู้อบเลยอ่ะ,0
มึงซังกูติเอ!!!,0
..ก๊ะโรตีหวานๆก่อนนอนน,0
มีประโยชน์มากติ,0
เน็ตดีจังเลยว่ะ!!!,0
รับติวติงกิ้งฮ่ะ.,0
แปดริ้วร้อนมาก,0
วันเน้!!!งดไดอดจร้าาาา,0
ชอบมากใช่ไหมไอ้เกมส์เนี้ยนั้นแนะนำซื้อแบบนี้มาเล่นเถอะ55555,0
อันคนทักว่าคือจ่อยแท้ถามว่าน้ำหนักลงติ!!,0
รัฐมนตรีเค้าบอก...อาหารสนามบินแพงก็อย่ากิน...คะท่านๆจัดไปจานนี้25???กรุณากินให้เรียบร้อยก่อนผ่านต.ม.,0
เอิ่มกติกาน่ารักมาก,0
โสดดดดดดดคั้บผม,0
นอนตี2กว่าตื่น6โมงสดชื่นยิ่งนัก,0
ลูกค้าคนเดิมมันมาอีกแล้ว,0
????วันนี้ตั้งใจว่าจะลดพุงชะหน่อยเดี๋ยวใส่ชุดปาตี้พรุ่งนี้ม่ะได้.????ท้องเจ้ากรรมร้องยุนั้นล่ะ...????สั่งกับข้าวมาต้องกินหั้ยหมดน่ะ.....,0
โสดเหงาหาคนคุยมีจัยเม้นคับที่รัก,0
?ขายมือ17/18ส่งมา1งวดขายมือละ500?,0
สุดยอดเลยเด็กตูนบ้านเรานโยบายห้ามชาร์ตแบตในที่ทำงานมั้ย?,0
เราต้องเป้นคนที่จักคำว่ารอเพราะต่อไปเราต้องรอให้เค้าเลิกงานล่ะก็ให้เค้าตีป้อมให้เส้ดก่อน555+,0
กูแฮงตะบ่สำบายยุแทนที่สิถามกูดีๆมีตะๆๆๆ.,0
ถึงตีสองจัดไนท์ชิปให้กูเถอะครับ,0
กะสบายเนอะ??????กินละกะนอนเงินกะมีคนหาให้ใช้อาจสิบ่ร่ำบ่รวยแต่ตุโครตสบายใจลำบากใจคือน้ำหนักตัว??????,0
จะไปยากอะไรเอาทั้งตัวจุมลงไปในถังสีทาบ้านก็ขาวละ,0
กุญแจน้อยไปนะ!!!,0
รีหาย!หายอันนึ่งอีกอันยังคงอยู่เอิ่มมม..ทีหลังก็ไปคู่นะเดี๋ยวอันที่หายจะเหงาแย่??,0
งานสบายยยยยยตลอดดดดดดด,0
แบรนด์นอกนำเข้า,0
สบายเลยงานนี้??,0
เพื่อนร่วมงานดีมากหัวหน้าดีมาก,0
เงินกะเสีย??ถุงกะเสีย(เสือ)??,0
ชอบวันอังคาร,0
งานเยอะสะใจจริงๆๆเว้ยยยยยเอามาๆๆเยอะๆๆ,0
งานเยอะมากจนมีเวลาเขียนชื่อตัวเอง5555,0
งานไม่เยอะเท่าเงาะเลยยยยยย,0
งานไม่เยอะเท่าไหร่หรอกเฮ้อๆๆถอนหายใจวันละ20ครั้ง??????,0
งานสองสามวันที่ผ่านมานี่,0
งานช้างคับไม่เหนื่อยเรย??????ลูกชายลูกสาวคนเดียว,0
ว่างจังงานเสร็จแล้ว,0
แล้วต่อด้วย'มีคนทักว่าผอมเลยมาเพิ่มน้ำหนักแหะๆๆ,0
ความร้อนที่ประเทศไทย!!!!มันทำอะไรเราไม่ได้หลอก....,0
คือว่างงานสบายเกินปาย,0
อร่อยสัสๆนี่มันบัสป.1นี่หว่า,0
งานน้อยจังงงงงงงไม่ได้พักเลยยยยยยย555555555,0
ผมเจ้าสาวงานเลี้ยงเที่ยงจ้าหลวมๆฟุ้งๆได้มั้ยเอ่ย,0
.ดื่มเพื่อลืมมมมมเธออออออ55555555,0
บรรยากาศแบบนี้เหมาะกับการตรวจงานจริงๆ????,0
??งานตู้น้ำน่ารักมากกกกก,0
เรื่องชาวบ้านคืองานของเรา,0
อ้าว....ทำไมยังไม่นอนอิกล่ะ???(ก็...เกลาเห็ด...ล้างเห็ด...ต้มเห็ด...อยุ่ไงคนงานน้อยก็งี้แระ),0
ขอบคุณเน็ตที่เร็วได้ทันใจทันเวลาแก้งานเปลี่ยนเวอร์ชั่นใหม่(),0
หรือกลับไปมีม็อบสลับกันคนละรัฐบาลเหมือนช่วงก่อนดีแล้วก็เคอร์ฟิวส์หยุดงานวนไปดีป่าวนะ,0
งานน้อยเกิ๊น!!!!,0
งานเล็กไปรึป่าว555555,0
หนัก54จะอ้วนแหละอีกนิด(เขียนงานอยู่),0
นอนไม่พอหน้าก็พังไปอีก...ทำงานทุกวัน,0
ความสุขของคนทำงานอยู่ที่เงินเดือนไม่ใช่เพื่อนร่วมงานนักเลงเติบ????,0
นอนประจำงานเท่าเดิมเพิ่มเติมคือเงินเดือน????สลัดงานแปดหน้า??????,0
มีอีกหรือเปล่างาน????,0
บรรยากาศน่าทำงานเน๊อะว่ามะ,0
งาน...น้อยไปไหน,0
ไปรษณีย์ไทยใส่ใจทุกคนจิงๆๆๆสภาพของที่ได้รับ,0
ว่างงานจริ้งจริง,0
ประกาศรับสมัครงานงานราษฎรงานหลวงรับเบิด,0
ไม่ว่าจะวันอารัย....บอกเรยไม่สำคัญชีวิตมีแต่งาน..,0
ลดลดลด!!!หมวกใบละ909090บาท????,0
งานกลางวันเย็นสบายมาก,0
หนีงานมาเที่ยว,0
โครงงานหรออ่อชิวๆ,0
ไหนๆคนแอบเล่นเฟสตูอยู่ไหนจะแว้นไปขอบคุณ`มัน,0
มีเวลาเลยแต่งเล่นเพราะว่างมากกกกกก????ไม่มีงานเล๊ยยยยยย????,0
พนักงานโลตัสทำงานสบ้ายสบาย.,0
ว่างๆมาเล่นเป็นเพื่อนหน่อยยยยยยอยู่คนเดียวที่ดาวอังคารรรรร,0
อย่าลืมน่ะว่เป็นงานถนัดของผู้หญิง,0
คนเรา...เอาแต่งานไง,0
ทำงานมันเหนื่อยลาออกเลยดีไหม,0
กินแล้วนอน///งานนี้มีผอม,0
อ่า....น้ำมูกไหล...ป่วยได้จัดไปว่างงาน....????,0
รอลูกค้าจนเบลอแหละจะมาห้าทุ่มก็ไม่ว่านะ!!!พรุ่งนี้นวดให้ด้วยนะพี่ชายสุดหล่อ??????,0
ฝนตกอากาศน่านอนมากกกกกกแต่ไม่ใช่สำหรับสุมาลี@ดีใจที่มีงานทำ,0
คืนนี้คงดึกอีกวันทำงานวนไปค่ะเอาหมอนผ้าห่มมานอนนี้เรยมั๊ยยย,0
จับดอก+คลี่งานถนั๊ดถนัด!!,0
แค่นี้สบายไอแบงค์มันรวยทำเหมือนของซื้อมา3000,0
หล่อบรรลัย????ลดแปป,0
หน้าไหม้อย่างมีคุณภาพครับงานนี้,0
สบายจังเนาะงานเนี่ย5555,0
ดำเนินชีวิตแบบวิธีสโล์ว์ไลฟ์บนสะพานสาทรไม่รีบคะไม่มีงานทำ,0
สงสัยงานนี้จะผอม,0
หลุดจองงานป้ายไซค์200บ..ไม่ขาย,0
สวัสดีวันหยุดมันเป็นวันหยุดที่สุขกายสบายใจฟินๆชิวๆพักผ่อนยาวๆไม่ต้องคิดไม่ต้องเครียดเรื่องงาน,0
ทำงานชิ๊ววชิวววววว,0
...งานด่วนกว่านี้มีอีกมั้ย!!!!!,0
โหมดเคลียงาน.....งานน้อยยยยยวางเต็มโต๊ะเล้ย,0
ช่วยกูทัมงานกันจังงงงงง,0
"งานท่วม""หัว""??????แต่....ทำตัวเหมือน""ว่าง""",0
มีงานมากดีกว่าไม่มี..?,0
แบรนด์นอกนำเข้างานหลุดเกรดเอ,0
งานถนัดมาอีกแล้วจะออกมาเป็นอะไรคอยดูกัน,0
เบื่อมีเเฟนกะเหมือนใช้ชีวิตคนเดียวเฮ็ดตายเเต่งานเงินเดือน800000,0
วิ่งสนุกมากๆครับไม่เหนื่อยมีความสุขสุดๆครับปกติไม่ลงรูปวิ่งแต่มันวิ่งดูมีความสุขจริงๆเลยครับงานนี้,0
งานเสร็จแล้วโว๊ยๆเล่นเอาซะสบายเลย555,0
งานหลายเป็นตารวยคัก,0
ทำไมแม่ขี้น้อยใจอ่าาา.หนุทำงานน้ะ555555,0
งานช่างก็มาว้ะ,0
งานไม่เยอะหรอกวันนี้,0
ช่วงนี้โคตรรรว่างงงงงง??ดูจากตารางงาน??????,0
งานกูนะทั้งเหนื่อยตากแดดยกของหนักไม่มีแอร์ลำบากอิอิ,0
งานเช้าที่สดชื่นที่มีแต่กลิ่นเหงื่อ,0
งานคือเงินเงินคืองาน??????ทำทุกวันไม่เห็นจะเหนื่อยตรงไหนเรยยยยย',0
งานที่ไหนมี...นี่ถ่ายรูปเล่น,0
สอบ....งาน....แล้วไงค่อยไปเรียนจบ!!!!!!??????,0
งานผมโคตรชิลเลย,0
วันนี้งานน้อยยย????,0
คืองานเยอะมว๊ากกกกก...เครียดเว่อออ!!,0
นั่งจดงานอยู่เบิดมื้อมือมันกะสิเจ็บๆแน่ละเบิดละบ้องานแมะกำลังม่วนเลย,0
เมื่อคืนงานสนุกมว๊าก.,0
ตามหาเสื้อผ้างานป้ายยยใครมีลงรูปพร้อมราคาสนใจทักไปจ้าา????,0
ทำไปๆงานเองอย่าบ่น,0
มาใช้เงินมันเยอะเกิน,0
สวัสดี7ขอบคุณรถบาส(ขับเร็วมาก)พามาเที่ยวงานปลาไหลขอบคุณ,0
มาทำงานราชงานหลวง.ทำเพื่อวิลัยเวลาออกไปวิลัยจะได้ระลึกถึง????,0
ขายนี้นะในงานข้างบ่อน้ำใครจามาช่วยซื้อช่วยขายยินดีๆ^^คนเยอะไปหมดฝนก็ลงเม็ดฤกษ์งามยามดี,0
นอนเข้าไป.ไม่มีงานก็นอนเข้าไป.,0
เทอมนี้ไม่มีไรมากชิวๆเรียน7วันใน1อาทิตย์สบายๆหนูยังไหว??????,0
พร้อมกับงานแล้ววว55555,0
แผนงานตรวจที่ดิน.แต่ปรับแผนเป็นถ่ายแบบกลางแดดแทนละกันคร่า??????,0
พร้อมมากสำหรับงานพรุ้งนี้,0
ปีใหม่แล้วโคตรดีใจเลย,0
งานท่วมหัวทำตัวว่างตลอด,0
เหงาน๊ะไม่ได้บอกใครพูดคนเดียวเฮ้ออออออ,0
สวยยย..จนคลีโอพัตรายังยิงตัวตายเลย555,0
จะออกไปแว้นทั้งทีวันนี้ก็ร๊อนร้อน,0
ฝนตกแล้ว...กลับบ้านได้,0
ฉลองงานเสร็จ...บายจายย,0
เนี่ยๆๆๆเวลานี้ยังทำงานนนนนเห็นมั้ย,0
ฮัลโหลลพรุ่งนี้วันจันทร์ดีใจอ่ะชอบทำงานจุง????,0
เออกูเลย.....ใช่สุดๆ,0
งานเยอะดีชอบๆ...,0
ไลค์ทักว่างจัดดดดดด,0
จะสอบกลางภาคละยังทำตัวว่างอยู่เลย,0
ซื้อเบอทอง50ไว้,0
ยิ้มดิครับ!วันนี้ไม่มีงาน.,0
นางชิวมากค้ะ????ช่วยงานทั้งวัน,0
วันศุกร์นี้จะไปสมัครเรียนใหม่เอาวุฒิปวส.อีกใบ5555,0
โชคดีรถกูมีพัดลม,0
พรุ่งนี้สอบวันสุดท้ายชิวๆแค่มีวิชาฟิสิกส์ชีวะคณิตเพิ่มเติมคอมชิวมากอ้ะชิววววววว,0
ใครๆก็บอกว่าเราเป็นคนขาวยุแล้วท่าจะจริงดูหน้าตอนปี1ดิโคตรขาว555555,0
ตกขนาดนี้หยุดงานนอนเลยม้ะ!!,0
อีกแล้วเหรอ...เดือนหน้า...1วัน..กูไม่ค่อยเพลียเลยกูโอเคร5555+....,0
ฝนตกแอร์เย็นๆบรรยากาศ!!แมร่งมันน่าทำงานจิงๆ,0
งานวันหยุดงานเช้าช๊อบบบมากกกกกก!!!,0
จะขอรับมันในวันที่ใจอ่อนแอ..ปัญหาถาโถมเข้ามาหนักๆกูซาดิษ.จัดมาให้เต็ม.จะขอรับไว้ทั้งหมด.!!!,0
จะจบแล้วงานโคตรนิดเลยสัส??????,0
คิวงานกูมาละเหนื่อยเเน่กูงานเยอะมาก.,0
ส่งท้ายบายฝันดีนะค่ะคนนอนดึกคนที่งานเข้ากะ,0
เหงาจังงงงเด็กนอนยังไม่ตื่น.55555.,0
หยุดก็ไม่นานงานก็ไม่เยอะเท่าไร,0
เลิกงานกลับบ้านคนเดียวอีกตามเคย!,0
งานนนนนน!รายมือมึงอ่านง่ายเนอ,0
เลิกงานถึงบ้าน3ทุ่มกว่าอืมมมมม!!กับข้าวแต่ล่ะอย่างกินทีมีแต่ผอมกับผอม,0
ตารางงานเบาๆสำหรับวงที่ไม่ดังค่ะ,0
ปล่อยงานหลุดจองจ้ารุ่นนี้เหลือ3ตัวสุดท้าย,0
เล่นอะไรกันเหรอ?,0
ดีใจพ่อแมนกลับบ้านแล้วไปตั้งแต่วันศุกร์นี่มันวันอังคารแล้วนะพ่อเงินเดือนสามหมื่นใช้งานสามแสน??,0
ไม่ได้ลงงานมานานนี่ชั้นอยู่ในยุคที่,0
หว๋าาาสดชื่นจังเลอคร่าาวันนี้เลิกงานเปียกฝนกลับห้องเหมือนจะไม่สบายเลย????,0
งานต้องมาก่อนเขียนแผนเสมอครับ.,0
ซอดแจ้งกักอืมมมเพลียได้อีกมีอีกบ่งานนี่,0
ม่ะ!เล่นน้ำกัน????นิก็ซ้ำวัน2แล้วนะเกือบจะมีคลองหน้าบ้านและรออีกหน่อย..เฮ้ออ!!??งานนะงาน??,0
>>ไม่ค่อยแดดเท่าไหร่เปื่อยหมดล่ะ!!งาน<<,0
ไม่เป็นไรเรายังมีมหาเทพลอฟเรนไอบ้าา.ชิบหายละงานนี้,0
งานการมั่ยต้องทำมันล่ะยุบ้านเฉยๆนี้แหละ,0
จากกันแร้ว!!แล้วใครจะช่วยนายละคร่าวนี้..,0
อยากถึงวันจันทร์อยากเรียนอยากส่งงาน,0
ถึงจะมาทำงานสาย??????แต่ก็เลิกงานตรงเวลาน่ะ555??????,0
เป็นคนที่ตั้งใจทำงานมากค่ะ..เวลาใครมาถ่ายรูปก็จะไม่สนใจเล้ยยยย..จริงจริ๊งงงง??????,0
ขี่พรมกันเถอะเรา?ใครไปมั่ง!,0
สอบเสร็จบำรุงซะหน่อย,0
หลังจากสัมนาเมื่อวานวันนี้เราก็มานั่งแก้งานกันต่อครัชหนุกหนานกันเชียว,0
สงกรานต์ทำงานจร้าทำไมชีวิตดี๊ดี!,0
ยังไงๆๆกูลางานเลยดีไหมตกขนาดนี้,0
รับงานครับรับงานอ.ไอช์บอกจะมีรถสัก2030คันงานหนักมาก...,0
เปิดข้าง..อากาศเมืองไทยซะเลยงานหน้าเด็กก็มานะครัช??,0
งานหนักแค่ไหน...ไม่เคยจะบ่น.!!,0
พรุ่งนี้ทำงานอีกชีวิตกรรมกรแบกซุงก็งี้แหละ,0
งานเยอะไปไหม55ไม่มีอะไรจะทำนั่งจนดากจะออกรากแต่ละวัน,0
ไปทำงานค่ะเรียบร้อยเลิกงานเปิดให้มากกว่านี้เลยค่อยดูนะง,0
หมดดีนักพอใจยังคะคุณการบ้านนี่กูซื้อมาเพื่อมึงเลยนะ,0
ใกล้เปิดเรียนแล้ววดีใจจะมีการบ้านทำ6/13,0
ทดอีกแน่การบ้าน,0
งานก็เยอะไม่ได้บ่นเลยยยยย????หนูปลายทำได้55555,0
สั่งเยอะก็ได้ทำได้อยู่แล้ว(การบ้าน),0
การบ้านต้องยากอย่างนี้สิถึงจะสะใจ!,0
ไม่เสร็จไม่ต้องนอนหรอก??????,0
อยากไปโรงเรียนจังเลย??????,0
ทดอีกแน่การบ้าน......,0
การบ้านไม่เยอะเลยหื้มมมม??????,0
การบ้านง่ายๆใครๆก็ทำได้,0
"กูรักมึง""การบ้าน""?????",0
ทำการบ้านไปฟังเพลงอนิเมะไปโครดมีความสุขเลย5555,0
ทำไมการบ้านน้อยจังเลย555555,0
การบ้านโครตน้อยยยยยยย,0
"สบายเองแค่""การบ้าน""????",0
การบ้านน้อยไปขอเพิ่มได้ไหมค่ะ,0
วันนี้ว่างงงงงว่างหนัดว่างสุดๆ!การบ้านโปรเจ็คอ่านหนังสือสอบ,0
การบ้านจ๋า??ทำไม่น้อยจังล้ะ????,0
??ทอดการบ้านกิน????,0
การบ้านน้องก็เหมือนการบ้านพี่,0
มีงานทุกวันจบม.6คงได้เป็นหมอแล้วแหละแม่ไม่ต้องห่วงแล้ววว,0
ว่างจนเบื่อไม่มีอะไรทำจริงๆหรอเซงจัง,0
การบ้านน้อยไปน้ะ,0
อาจารสั่งการบ้านน้อยจัง,0
ถามว่าชอบวันอะไรที่สุดก็วันเสาร์สิค่ะหยุดงานหยุดเรียนแล้วมาเคลียร์การบ้านต่อดี้ดี,0
คณิตมีทุกวันเลยดีใจจัง,0
ไม่มีการบ้านโว้ย,0
อาจารย์ทำไมการบ้านน้อยจัง??,0
การบ้านเยอะดีค่ะชอบ??,0
การบ้านไม่ค่อยจะเยอะเรยเนาะ,0
คุณครูสั่งการบ้านน้อยไปไหม,0
เหนื่อยมาทั้ง..5วันเเล้วกับการเรียน..ขอบคุณที่สั่งการบ้าน,0
วันนี้ว่างการบ้านเพียบ,0
การบ้านน้อยจัง,0
ปากกาหมดไปละ1แท่ง...,0
การบ้านเยอะแต่เราไม่ทำรอให้มันมากๆและเยอะกว่านี้และใกล้ถึงวันส่งเราค่อยทำ,0
อยากเปิดเทอมแล้ว!!อยากทำการบ้านการบ้านมีไหน,0
นั้นคนหรือว่าบทกลอนอะคะเห็นหน้าแล้วอยากลงเอยด้วยจังฮิ้วววววว,0
ทำทุกวันไม่มีวันเบื่อ,0
สอนเข้าใจ...การบ้านเลยทำถูก,0
กะดีใจยูการบ้านหลายโพดโพ55555,0
นั่งจดการบ้านให้ถึงตี2,0
คุณครูขาาารรปิดแค่4วันไม่ใช่4ปีค่ะ??????,0
สนุกจังการบ้านท่วมหัว,0
ดีเหลือเกินการบ้านคณิต26หน้าเอง-_-,0
อยู่ยันเช้าไปเลยการบ้านเสือกเยอะดีนัก,0
การบ้านไม่ค่อยจะเยอะเลยเน๊อะ....เหอะๆ:-ปั่นงานต่อไป....ชิลๆๆ,0
ฟัคยูแรงๆ??กับงานที่สั่งการบ้านน้อยไปมั้งงง,0
เรียนวันแรกการบ้านไม่ค่อยเยอะเท่าไหร่เร้ยยย,0
การบ้านการบ้านการบ้านแล้วก็การบ้านสั่งเยอะๆนะค่ะอาจารย์หนูช๊อบชอบ,0
การบ้านที่ให้กับเกรดที่ได้แมทกันมากค่ะอาจารย์ขอบคุณค้ะ??????,0
.เที่ยวทะเลทุกอาทิตย์ชิวดี???การบ้านไม่เสด!!??????กล้องชัดดี,0
มีแต่การบ้านครูให้การบ้านสะไม่เกรงใจสมองอันเลิศของหนูเลย??????,0
หนังสือไม่อ่านการบ้านไม่มีชีวิตดี๊ดีราตรีสวัสดิ์,0
การบ้านเยอะดี^^สนุกสนานเหมือนนั่งดูการ์ตูน,0
การบ้านวิชาการเงินหราจิ๊บๆมีแค่นี้หรอคะถรุยยย,0
ไม่เหงาแล้วววววววววเพราะมีการบ้านเป็นเพื่อน555555,0
เราก็มีความสุขดีน่ะะ??กับการปั่นการบ้านของเรา,0
สนิทเดกสาขาอื่นมากกว่าสาขาตัวเอง,0
การบ้านไม่เสร็จไม่มีเวลาคิดเรื่องอื่น55555,0
การบ้านครูให้หาคำศัพท์อย่างน้อย45คำเเต่กูทำไป100คำ,0
การบ้านคณิต50ข้อไม่เยอะเร้ยยย,0
โห!!การบ้านน้อยจังเสียดายจรุมม>_<5555+,0
ครูคับ..การบ้านมีแค่นี้หรอ..น้อยไปมั้งงง??????,0
ปีใหม่เป็นวันหยุดของคนอื่นแต่เราไม่ล่ะขยันขนาดนี้,0
การบ้านยังไม่เสร็จจะรอดไหมว่ะ((ชีวิตเด็กม.2แสนจะดี๊ดี)),0
ไปเที่ยววันเดียวเองการบ้านนี้ไม่มีเลย,0
การบ้านท่วมหัวเอาตัวรอดตั๊ลล๊อดกง่วงสุดๆแบบฉุดไม่อยู่??????ง่อวววชีวิตดี๊ดีอีกล่ะเด๊อะ,0
ครูจ้าาาา??สั่งการบ้านให้มากกว่านี้จะได้ไหม?จ้ะ????.555555????-คือกู,0
ไม่มีเรียนไม่เป็นอะไรการบ้านเยอะดี,0
เด่วถ้าจัดการเรื่องการบ้านเสจนะ,0
นี้ถ้าการบ้านไม่ท่วมหัวพี่ตายออจุดจะไม่เลิกสั่งใช่ไหม-,0
หลายๆวันนี่นอนดึกจนลืมไปละว่าการนอนเช้าๆมันเป็นยังไงฉันก็รักการบ้านของฉันเข้าใจบ้างมั้ย,0
"ว๊ายยยยย!!!.....บัก.""การบ้าน""กูรักมึงน่ะเพราะมึงกูถึงเรียนจบน่ะสาสส5555ง่อววว",0
อัลล้ะ!การบ้านน้อยจังง,0
ครูน่ารักเนอะสั่งการบ้านตลอด!!สั่งทุกวิชาโพดโพดอก!,0
นอนให้ดึกตื่นให้เช้าโหยยยยยไม่ได้แอ่มกูหรอกกกกก,0
"อยู่กับเรานานๆน่ะการบ้าน""เฮ้ออออออ:(",0
"ผมอยากขอ""การบ้าน""เพิ่มอีกครับ.",0
สั่งมาเลยค่ะหนูยังทำไหว?,0
การบ้านมีไม่รู้จักทำ...นั่งดูแต่บอล...!!!,0
ยังมีการบ้านอะไรอีกมั้ยที่ยัง,0
ชิ๊วชิวววววอาทิตย์นี้การบ้านนิดเดียวเอ้งงง!,0
หนาวนักเหรอออออเปิดแอร์นอนเลยก็แล้วกันนนนน!!!!!!!,0
ใครบอกว่าพี่เศร้า?,0
หวยแดกตัดผมแมร้งเลย,0
ว่างมั๊ย!!!เปิดกล้องกัล????.,0
ขอบคุณเด้อลงง่ายคัก,0
มันก็จะอ้วนๆหน่อยๆหน้าหนาวจะได่อุ่นๆ,0
ถ่ายรูปให้ชัดมากขอบคุณค่ะ,0
อากาศแบบนี้น่าหาที่ลงเหลือเกิน,0
คันเฮามีงานมีธุระแหน่เอาโลดจอบจับผิดโลดเว้าปานบ่เคยซอยเวียกซอยงาน,0
ขอบคุณน่ะที่มองความสำคัญของเราน้อยลง??,0
สุภาพบุรุษกันจังค่ะ,0
อากาศไม่ค่อยหนาวเรย,0
หุ้นลงก็ช๊อปกันปาย...,0
อากาศร้อนสัตๆอย่างนี้ต้องจัดเหล้าหนักๆ..ฟังเพลงชิวๆ,0
จำหน่ายไซส์แม่พันธุ์ต้นใหญ่ๆสีดีสวยงามพร้อมหน่อ1หน่อและตุ่มตาอีก4ตุ่มตาราคา2580บาทค่าส่ง100บาท,0
ครบ1เดือนผอมลงเยอะมากกกกกก,0
อารมณ์เดิมๆกับเพลงเดิมๆ,0
ครบอกว่าพี่เศร้า?,0
อยากกินเบียร์สัก12345++++ลัง??????,0
ผอมลงใช่ไหมเสื้อสูทคับกระดูมแทบขาดงานเข้าแล้วๆๆๆๆๆๆ,0
ตั้งแต่ไอ้หนิงสอนให้โทรกลุ่มตั้งแต่วันนั้นถึงวันนี้ก็ยังไม่ได้คุยกันสักที,0
จะหาให้ดีกว่าพี่ก็ลุงตู่แล้วน้อง,0
ให้สุดๆเล่นให้ประเทศลงให้ต่ำสุด..ค่อยเริ่มใหม่...,0
สารคามหนาวได้แค่นี้หรอ,0
โจรมิจำเป็นต้องสนสนใดๆ!,0
บางทีชีวิตมันก็มีค่ามากกว่าการทำตัว,0
เพื่อนกูสวย...เเละเเรดมากกก????,0
.เลขบ่ถึก..กะหมูกะทะ,0
ทำงานยุ่งมากขนาดไหนดูเอา??,0
ห่อของขวัญแบบเกร๋ๆ,0
คึกคักยามดึกจักเเชท'จักเม้น??,0
โสดผู้ชายทักมาจีบหน่อย,0
ทำงานถึงวันอาทิตกูดีใจมากเลย!!!,0
ร้อนๆๆๆจะร้อนไปไหน..เนี้ย!!!,0
มีคนชมว่าสวยกว่าในรูป!!!สิดีใจหรือเสียใจว่,0
ออกจากหาปลาก็หาหนูหาสัสสสสสสอิหลีภูมิใจ,0
ผู้ติดตามอะมีน้อย????เเต่คนค่อยมีอีกเยอะ????,0
ปลายเดือนแล้วกินแค่นี้ก็พอเนอะน้ำซุปฟรีเติม3รอบจนแม่ค้าบอกตักเลยๆไม่หมดเดวเททิ้งแระ,0
ตื่นนนนนนสายยยยยพนักงานโรงแรมจัดไว้ให้เยอะมากกกกบริการดีน่ารักมากว่าแต่เยอะขนาดนี้,0
ดีนะไม่ให้แบงค์ยี่สิบ??,0
-สำคัญมากเรยกรุอะคุยกันทั้งคืนทั้งวันเรย!!!ป่านี้ไม่รุ้มันไปอยุ่สวนไหนของโลก,0
ดูดิ!!!แค่บอกว่ายังไม่ได้กินข้าวเลย....ซื้อมาฝากกินให้หมดน่ะปลื้มปริ่ม,0
แม่จ๊ะแม่จ๊า......เลิก,0
มีคนบอก..กินไปเหอะผู้ชายชอบผู้หญิง,0
มาแบบไม่ทันตั้งตัว,0
เอาเท่าไหร่ไม่อ้วนเอาเท่าไหร่คงต้องเก็บเสื้อผ้าลงกล่องสินะเห็นเสื้อผ้าแฟชั่นน้ำลายแทบหกคุงสามีบอกคลอดเสร็จจัดไปเลย10ชุด,0
ลุงร.ป.ภเรียก?ไอ้ตัวน้อยไอ้ตัวเล็ก,0
วันนี้แกล้งเป็น'ทอม1วันประเด็นคือ.,0
มีคนชมว่าสวยกว่าในรูป!!!สิดีใจหรือเสียใจว่ะ,0
แหม่ะ!!วันนี้ไปเดินเล่นที่ทะเลสะฟินเลย,0
ความสุขอยู่ไม่ไกลตัวที่สามมมแล้วววววพ่อถามมมกี่ตัวแล้วลูกเอาตู้โชว์มั้ย???,0
เรียกผมสุดหล่อเนี่ย!!,0
คนนี้บอกน่ารักคนนั้นบอก,0
มีคนชมว่ารายมือสวย^^,0
รู้สึกดีทุกครั้งเมื่อมีคนแอบชมว่าน่ารักเอิ๊กๆบร้าๆๆเขินเด้อ!!^^,0
"ห๊ะ!!!มีคนบอกว่าเรา""สูง""><ป่าวอ่ะ5555",0
แอบคิดถึงเบาๆ....ตอนอังกอร์ฮามากน้องซอกะพี่แททำท่าเลียบแบบไซในรูปซันนี่กับฮโยจุ๊บถ้วยรางวัลพร้อมกันยูริขว้างดอกไม้ได้ไกลมาก,0
คุณหนูเมย์>ป๊าชอบเรียกแบบนี้!!ฮ่าๆ,0
โอปป้าไม่ร่าเริงเท่าไหร่เลยนะคะ!!!,0
อยุบ้านมันมึนๆอึนๆค่าฝึกโยนบอลปาบอลเผื่อจะเก่งแบบสิก้าบ้าง,0
ดีใจจังเลยกูจาได้ไปดูแอชลี่ยังอันแดร์สันตัวเป็นๆเล่นแล้วววว,0
เฮ้อ.....กูจะลดละเลิก!!!ไม่ขอยุ่งเกี่ยวไม่ขอเกี่ยวข้องอะไรอีกแล๊วกูจะไปนั่งสมาธิวิปัสนาอยู่ในป่าเดินทางสายกลางตามรอยพระพุทธเจ้าตัดจากกิเลสพ้นจากทุกสาธุ...,0
โลโก้5เป็นอะไรที่หรูหราเพอร์เฟคเอสเอ็มใช้งบประมาณสูงมากจ้างนักออกแบบมืออาชีพราคาเกือบ8ล้านบาท!!!!ตกแต่งอย่างทันสมัยสไตล์ปาจิงโก๊ะเลือกสีได้เข้าคอนเซปมีแนวคิดดีสุดยอด!!!!,0
ความยุติธรรมมันอยู่ไหนคะลูกสาววววววววว...แค่ชุดก็ปาไปแสนแปด,0
ว่างแค่คาราเต้คือแบบว่า--*เรียนมวยไทยมาแต่ไปลงคาราเต้ค่ะหนูจะเตะแบบโมริรันค่ะ,0
พี่ป๊าม๊าจะหนีเที่ยวสิงคโปร์7-10แลกเงินรอไว้แล้วเตรียมพร้อมมว๊ากกแล้วทิ้งกูไว้ที่บ้านคนเดียวดีใจสุดๆเลย(?^^)?,0
ดรอกบาอปป้าซารางเฮ,0
ตัวอ้วนๆกลมๆเหมือนหมูนั้นคือหุ่นที่กูใฝ่ฝัน,0
จีนน่าได้เต้ม????,0
มาเพิ่มน้ำหนักเอาให้ตาชั่งหมุนสองรอบไปเลย555+,0
ถ้วยเล็กๆอย่าไปซื้อกินไม่อิ่มถ้วยใหญ่ไปโลดดดดด??,0
ตกมาเลยค่ะตกมาหนักๆเลยค่ะรอบที่2แล้วตกอีกเลยจ้าาาฝน,0
ผอมลงเมื่อไรจะไปเหมาเสื้อผ้าแพตตินัมเลยคร่าน้ำหนัก????,0
น้ำมึงไม่ไหลใช่ไหมได้กูจะไม่อาบน้ำ...จะเน่าให้ถึงที่สุดน้ำ,0
หน้ายิ่งบานยิ่งต้องโชว์,0
เรื่องเสื้อผ้าไม่ได้อยู่ในหัว(ไม่มีไซร์??????)มีแต่ของกินเท่านั้นในสมอง,0
ปวดใจ????อยู่คนเดียวเล๊ยจ๊ะ,0
ตากฝนเล่นชิวๆๆๆๆๆว่าสั้นเดะ,0
เปลี่ยนเป้าเลขหน้า_จากห้าเป็นหกเถอะคู้ณณณณ,0
ลุงตู่ครับมีคนท่านอ่ะครับ,0
ตั้งใจไว้แล้วจะหยุดกิน'ชาเย็น..โค้ก..ขนมเซเว่นสักเดือนน้ำหนัก??????แลถิว่าจิลดม่าย555+,0
โอ้โห้ณ.เวลานี้ผัวมารับไปบ้านดี๊ดีกินส้มตำยำร้านพี่ไก่พุงแทบแตก....หึ...น่าล้านุ๊ล้าวว...??????,0
ส้มตำทอดแซ่บบไปสิคร้า,0
จัดๆๆๆๆๆให้สาสมใจ,0
กูจะไม่ยอมเห็นคนเดียว555555,0
น้ำหนักโดยการกินกินและก็กินกินให้มันรู้สึกถึงคำว่าแล้วไงใครแคร์!!,0
แดกเนื้อย่างอิกแล้วบายใจ,0
ไหนๆลดแล้วไม่ลงก็กินมันเลยละกัน,0
พรุ่งนี้ลงงานโล๊ะสต๊อกจัดหนักจัดเต็ม,0
"โห่...มันสนุกมากเลย""น่าจะแวะบิ๊กซีอ่างทอง""เศรษฐีกล่าว",0
กว่าจะสมบูรณ์ได้ขนาดนี้หมดไปเยอะ555555,0
ทำไมรู้สึกช่วงนี้ผอมจังกินอะไรก็ไม่อ้วนหุ่นดีเอวบางเลย555555??????,0
เหมือนติดอยู่เกาะ...??เกลียดน้ำจะไม่อาบน้ำ3วัน,0
กอดให้อุ่นไม่ได้อยู่ที่หุ่นแต่อยู่ที่ใจ??,0
ปีใหม่นี้ไม่อยากได้เรยขวัญอ่ะ????,0
ในเมื่อน้ำอุ่นไม่ไหลก็จะไม่อาบเหมือนกัน..,0
อ่านแต่ละฝรั้งรึยังครับ??...มันบอกว่าทหารอเมกาคงถล่มเกาหลีเหนือโดยการปาก็นอิฐหรือคงปาแท่งคอนกรีตใส่ละมั้ง??,0
สถานที่อาบน้ำคืนนี้คร๊าาาาา,0
ยิ่งลดยิ่งขึ้นงั้นก็กินแม่มเลย,0
ดีต่อกระเพาะ555++>>ส่งท้ายวันหยุด<<,0
ดีนะที่ตีฝ่าแบบขึ้นไปวิ่งเล่นได้,0
เขื่อนต้นน้ำยังแห้งขนาดนี้ลงไปนอนกลิ้งท้องเขื่อนแม่มเลย,0
ป่านนี้ฝนยังไม่หยุดตกทางเข้าบ้านก็น้ำท่วมออกไปหาของกินลำบากเอ๊ะหรือเราจะวางเบ็ดตกปลาหน้าบ้านดี,0
ค่อยอาบก่อนไปสอบก็ได้,0
ยาวไปยาวไป......ๆๆๆๆๆๆๆ,0
เย็นนี้กินไรดีน๊าาา,0
ถ้าจอดรถมอไซด์แล้วล๊อคคอกันแบบนี้ไม่เป็นไรพี่น้องเด่วตรูยกรถตรูข้ามเองหึๆๆน่าเบื่อที่จอดก็มีไม่จอดถ้าจะจอดกรุณาอย่าล๊อคคอ??????,0
ถ้าจะขนาดนี้น่ะแม่ถ้าให้จริงๆก็เอาฮ่าๆอยู่ข้างๆโดนฉัดไปนานล่ะ,0
ไม่อยากรับรุ้อะไรมีคนตั้งชื่อให้ละ,0
เห็นแล้วน้ำตาจิใหล.มันจบไปแล้วววเขารื้อให้แล้วนะท่านนอนหลับฝันดีได้แล้วนะ,0
น้องเหม็นเป็นเด็กน่ารักกินไม่เก่งเลยไม่เจ้าเล่ห์ด้วยยยย...ดูน่าหนูสิไม่เจ้าเล่ห์เล๊ยยยย,0
ลำพังเนยก็ฉ่ำแฉะมากพอตัว??พอพนักงานถามว่าเติมนมน้ำตาลมั้ยคะ??พยักหน้า,0
ครูตัดผมไห้😣😩,0
ลอยกระทงปีนี้ดูลูกพี่ผมทำ....น้ำคลองไม่มี,0
"ยังอยู่ที่เดิม""ช่วงนี้คิดถึงหมอบ่อยเนาะน้ำ@โรงพยาบาลชัยภูมิ!",0
สิเอาหนังสือไปอ่านอยู่ราชาบาร์อยู่..ไผสิไปนำแน่ครับ..น่าจะจำได้ทุกตัวเลย...?????,0
ไม่ได้หยุดนะค่ะวันนี้มาทำงานค่ะเป็นแบบนี้จนถึงสิ้นปีนะค่ะหัวน่า,0
บอกฉันสิ....ว่าฉันไม่ได้ฝันไป????...แฟนใครไม่รู้ยิ่งดูยิ่งน่ารัก555+,0
"เราว่าเราเรียกตัวเองว่า""น้องสิว""ดีกว่าน่ารักดี",0
น้องๆในเฟสทักมาหาว่าเราดังง'งง,0
น้ำโคตร!!ร้อน..😩😩,0
ถึงตัวจะบวมๆแต่รวมๆน่ารักน่ะ????,0
ข้อสอบพัฒนาองค์การน่ารักจังเลยจ้าาาาาา??,0
แหมๆ..แดดน่านอนอาบเนอะ????..,0
หนังหน้าดูดีมากอะตอนนี้'พอดีไปบำรุงหน้าที่ค่ายรด.มา11วันเนียนขาวใสมากเลยอะ555ใครสนใจไปได้น้ะศูนย์สุดท้ายที่นาโพธ์,0
ผู้ชายห้อง9น่ารักจัง...??,0
อาบน้ำตอนเช้ารึป่าวฮ่าๆหุ่นดีมากๆเลยผอมเพียวอุ้มสบายไม่มีปวดแขน,0
รู้สึกปลื้มปริ่มเวลามีเพื่อนๆไปขุดรูปเมื่อสมัยดึกดําบรรพ์ขึ้นมาไลค์!,0
อาบน้ำไปเรียนกันเถอะ...??,0
พรุ้งนี้ค่อยว่ากันงดใช้โทสัพ1วัน,0
ร้อนๆๆแบบนี้มันน่านอนอายแดดเนาะว่ามั้ย,0
??เอาเลยจ้า!!ตกเต็มที่เลย...เอาให้น้ำท่วมถึงหัวเลยยยยยน้ะ??????,0
น่าเบื่ออ่ะ!!!!!!,0
ไม่ได้เจอกันนานมว๊ากกกเลยนะพี่สาว,0
รอฝนเพื่อ!ขี่รถมาทั้งสายฝนทั้งน้ำท่วมบรรยกาศน่าจับปลากบมากแบบว่าดีอ่ะ,0
กลับมาบ้านคราวนี้น้าบอกว่ากลับมาบ้านจริงๆหลานกูไม่ยอมออกไปไหนเลยอยู่แต่บ้าน.,0
ตั้งแต่เช้ายัน2ทุ่ม!!ข้าวยังไม่ตกถึงท้องสักเม็ดน้ำยังไม่ถึงท้องสักหยดเอิ่มมมม,0
อากาศเมืองไทยน่าอยู่แสงแดดอุ่นๆ...ดูหน้าด้วย5555,0
หนาวหนาวแบบนี้ต้องกินน้ำปั่น555555,0
จบวิชานี้นำเที่ยวยุโรปได้เลยอ่ะ??????,0
ผลสอบหรอ??อ่อ.นุวเตรียมใจไว้แร้วค่ะ.ผลออกมาน่ารักชัวร์??????,0
ไม่น่าหาเรื่องสั่ยตัวเลยเศร้าไปเถอะงานนี้พอกหน้าชักว่าวอาบน้ำนอนชีวิตโคตรจะดี,0
ตั้งแต่ป่วยมา5วันน้ำหนักลดลงเหลือ35.เอ๊อให้มันได้แบบนี้สิ,0
ไปจากกู..????ไห้มันเบิดซะ..อย่าเหลือไว้จักคน????กูอยู่ผู้เดวได่??สัสกู,0
ให้ตายเถอะๆเกรดเทอมนี้แมะน่ารักออก.,0
แง่วววตื่นขึ้นมาฝนตกเด้อจ้าตกริน??แหม่..บรรยากาศนี้มันน่านอนต่อจริง??????,0
ใครบอก.กินเจลดความอ้วนได้หลายกิโลเชี้ย.ทุกวันนี้กูกินเย็นตาโฟ.ไป4ถ้วยยสาสน้ำหนักขึ้น(จาก62เพิ่มเป็น75เย้ๆ,0
ทำยังไงดีกินเท่าไหร่ก็ไม่อ้วนน้ำหนักลง,0
โสดนาจา.สบายดีม่ต้องเป็นห่วงยุคนเดียวด้,0
โสดเป็นปีชวิตโคตรดีเลยสาสสสส,0
สวาทแคทนำแร้ว1-0???ผู้ทำประตูกำพลนาที320.,0
06.20ยังไม่อาบน้ำยังไม่แต่งตัวยังไม่จัดตารางเรียนจ้าาาาา!!กูขาดเรียนแม่งเลยความโง่ของกูแม่งงงสาสสส,0
อากาศแบบนี้น่าไปขึ้นเวรมากๆๆๆๆ!!!,0
เล่นเฟสแต่ร่ะวันกูเล่นทำไมว่ะบ่มีไผคุยนำมีแต่ฟังเพลงชีวิต,0
หืมมมมม!!!นี้เห็นแล้วอยากบินไปอยู่ช่วยชาวสวิซจังเลย..น่าสงสาร!!,0
เพื่อนเค้าน่ารักจิงๆเรย.ปั่นเฟสเค้าตลอด??????,0
เกิดมาม่เคยได้เป็นคนดีมีแต่เป็นเหี้ยกับสันดารหมาเออดีชีวิตน่ารักออก,0
วันนี้จะนำเสนอวิธีแก้เหงานะครับง่ายๆลองไปใช้กันดูหาเหามาตัวนึงจับมันหงายพอเหาหงายก็หายเหงาเห็นม่ะง่ายๆขำมั้ยก็ไม่นะตลกกลบเกลื่อน,0
ดูคนอวดผีคนเดียวน่ากลัวอ้ะ,0
กินข้าวกับน้ำตาเนี่ยมีความสุขดีเนอะ,0
..หึ!เล่นน้ำเพลินเลยจ้าสนุกจริงๆตะเตือนไตเเปบ,0
โอ้วววดีจังโทหาทั้งวันทักไลท์มาหาตลอดน่ารักนิ??สนใจกูดีจังเลยยยยสึด!!,0
สงกานปีนี้พี่โดนแป้งหนักมากกกก!น้ำสักหยดยังไม่เฉียดแม้แต่รูขุมขน??แม่กัวลูกจะไปลวนลามผู้ชายเลยไม่ให้ไป??หูยยยย!!แม่ชอบรู้ทันเบื่อจุง????,0
บรรยากาศมันชั่งน่าอ่านหนังสือจิงๆ,0
ชอบมากเลยเสียงนากาปลุก,0
สิ่งที่เป็นอยู่ดี้ดี?.[[อีบ้าบอกจะของ]]อิฟนิ่งน๊า.:-).,0
เฟสไม่ออนปล่อยกูรอมาครึ่งชม.น่ารักดีจังแฟนกู,0
วันทั้งวันข้าวไม่ได้กินดีเนอะดึกๆปวดท้องดีจังเหอะๆ????เหี้ยน่าเบื่อ,0
นอนเถอะน่าจะรู้นะว่าเป็นคำ,0
"รู้สึกเป็นเกียรติมากกก""น้ำหนักขึ้นกางเกงใส่ไม่ได้สักตัวติดสะโพกกกแม้แต่ชุดเดรสยังใส่ลำบากอ่ะ""หัวเราะหนักมาก",0
คืนนี้มีน้ำตานอนเป๊นเพื่อน:'-(นั๊ลล๊ากมาก',0
เฟสเงียบได้ใจมว๊ากกกน่าจุฟที่สุด><!!<3,0
บรื๋อออออหนาวจังดื่มน้ำกันเยอะๆนะคะ,0
เห็นเค้าเป็นคนคั่นเวลาหรอ?555แฟน<3<3,0
ตัวคนเดียวดีที่สุดเหรออออออ,0
ฝาน้ำมันหาย!ถ้าใม่ใด้ปิดมันน่าจะพุ่งเต้มรถน้ะแต่ใม่มีกลิ่นเรยถ้าระเหยมันคงหมดนานล้ะ!ถ้าจะลักน้ำมันรถโปรดปิดฝาน้ำมันให้กูกัน!ต้องซื้อฝาเติมน้ำมันเพิ่มอีกทำแบบนิ่ลักรถกูยังทันปล.ประโยคหลังแม่มวิปสึส.ปัจจุบันกูใช่ถุงพลาสติกยัดเข้าใจตงกัน??????,0
ไปไหนก็ไม่เคยบอกอ่ะน่ะะ^^น่ารักจังงงงง><!>.<,0
-เรียนนาฮูกูวชอบมากกก-><,0
ถึงจะไม่หน้าตาดีเหมือนคนอื่นๆแต่ขอแค่ให้ผลงานออกมาสวยได้ก็พอใจแล้วล่ะไม่เหมือนไอ่ฟันเหยินหรอกที่ด่าชาวบ้านแล้วไม่ดูตัวเองก่อน,0
ลดลงอีกไมรู้สึกยังหนาวไม่พอ,0
มึงเรียกชื่อผิดคน???.โดนกู.ตลอดอาทิต??????,0
ถอยใหม่ก็ได้กูรวยยยยยยไหนละเงินนนนน,0
ป.ใช้กับพ๋มเนี่ยน้ะ????,0
มีออเดอร์ทำวันละนิดๆ...ไม่อยากมีเยอะเดวรวยเร็วไป!!!,0
กินติมมกันนนอากาศหนาววด้วยการกินไอติม,0
อากาศร้อนสัตๆอย่างนี้ต้องจัดเหล้าหนักๆ..ฟังเพลงชิวๆอากาศแม่ม??????,0
คือสำคัญมากอ่ากูคนสำคัญอ่ะนะ😩,0
อาหารคลีนๆๆๆๆๆๆ,0
อากาศโครตน่าอาบน้ำอ้ะะะ,0
มีคนโทรมา.แมะเพื่อหยัง.,0
หาเบียร์กินแก้เจ็บคอซักแก้วดีฟ่าา????,0
พื้นฐานเป็นคนโชคดีเช่นตอนนี้ไฟที่ห้องที่โรงแรมดับ??จริงๆคือซวยมาก??,0
บางที...ชีวิตมีค่ามากกว่าการทำตัว...หมา-ผัวไม่ยุนู๋ก็นอนยุห้องรอสิค่ะ??????คนดื้อ2018,0
เเจ้งเจ้าของหอไป2ครั้งว่าเน็ตช้าทีนี้เอาราวเตอร์ติดหน้าห้องเลยจ้า??แต่กูชอบ55เร็วเวอร์,0
อยากได้ผัวทอมใหม่สัก10คนมารุมข่มขืนกระทำชำเรา??,0
สาดน้ำใส่ผนังห้องน้ำแรงๆๆเราอาบน้ำแล้วน้ะ????,0
สอบวันแรกแม่งคณิตผ่านกันทั้งห้อง,0
ขอบใจนะที่เปิดเพลงให้ฟัง??แม่งโครตขอบใจเลย??ข้างห้องกูอยากนอน,0
สุขใดเล่า..จะเท่าแต่งหน้าแล้วอยู่ห้อง?????,0
?????งี้เหรอเอางี้เหรอได้เล้ยยยยยยย,0
รู้สึกรวยจัง!!นั่งรถตากฝนแต่เช้าไปกินข้าวซอยที่ละก็กลับห้อง,0
เก็บตก...ที่ปรึกษาห้องนี้น่ะรู้ยัง5555,0
ดี๊ดีชีวิตเปิดแผ่นเล่นเพลงแกร๊กๆให้กูฟังประสาทจะกินเจาะผนังห้องข้างทำห้องใหม่ดังชิบหายแกร๊กๆๆๆๆๆ,0
ทำงานในห้องแอร์!!อุปกรณ์พร้อม!!!!555,0
โห้มาเรียนแน่นห้องเลยจร้า,0
วันนี้ขายของดีมากจนอยากจะกลับไปนอนหลับยุห้อง!!????,0
น่าสงสารคนไปเที่ยวกันเนาะบ่นร้อนกัน.??ไม่เหมือนเรานั่งทำงานในห้องแอร์สบายใจ??????,0
สภาพเนคไทหลังจากกลับห้องมาปล่อยนางอยู่ห้องคนเดียว,0
"ลองใหม่':""ลองใหม่อีกครั้งค่ะ""เก็บกดเข้าห้องไม่ได้เล่นแม่งง",0
ไม่มีหร๊อกรูปคงรูปคู่...ไม่มีหร๊อกดอกมงดอกไม้...แบล็คกราวกะห้องเพื่อน??????วนไปวาเลนไทน์เดย์?,0
ฉันอยู่ท่ามกลางผู้คนมากมายในห้อง,0
น้ำห้องนี้ไหลเเร๊งๆๆๆๆๆน่ะค่ะ,0
เจอตี3ทีไม่เห็นเจ็บเลยอาจารย์ทั้งห้องกูใส่ชุดพละคนเดียวเจ๋งพอค้ะอาจารย์.??,0
งานเฟรชชี่ปี1สนุกมากเลยค่ะขอบคุณมากนะค่ะเป็นความทรงจำที่ดีค่ะออกมาเข้าห้องน้ำเเล้วไม่ได้เข้างานคนเต็ม,0
ขอบคุณเพื่อนชายในห้อง...ที่ทำเท้ากูบวม,0
ปีโป้โยเกิร์ตสมูทตี้ปีโป้อยู่ไหนหรอออใส่น้อยจังหาแทบไม่เจอออ5555,0
ค่าห้องเดือนนี้ถูกมาก5800....เศษๆเดือนก่อน6700,0
นี้ๆเฟสหรือห้องสมุดคะเงียบเชียว555,0
คอนเสิร์ตรงร้อยไร้สาระทำงานยุห้องดีกว่าอยากไปหะบ่มีเงินมีหมู่,0
วันนี้อารมณ์ดีจะเดินกลับห้องก็ใกล้น่ะ,0
ค่าห้องเบาไปมั้ย.5555,0
มาทำไรกันครัชแลดูมีฟามสุขหลังจากออกจากห้องสอบพาสมองอันน้อยนิดมาใช้งาน555,0
เป็นห้องที่สอนแล้วมีความสุขเมื่อครูให้ออกมาหน้าชั้นเรียนมีความแต่งเพลง????,0
ไม่ได้ปงไปมันล่ะวันไหลพระประแดงเหอะตื่นเอาป่านนี้...งั้นก็นอนนนวนไป??,0
ฟิสิกส์ผ่านไปคิวต่อไปพรุ่งนี้ชีวะสนุกจังไม่เหนื่อยเลยวิ่งกลับห้องก็ยังไหวกำลังใจอยู่ไหนๆๆ,0
ถ้าพูดได้คงบอกแมวก็มีหัวใจงอลค่ะแม่เรียกก็ไม่หันเราเรียกก็ไม่สนนอนกลางห้องแมร่งเลยโอ้ยยยย_อรัยจิปานน้านนน,0
ตื่นมา..อาบน้ำ..กลับเข้าห้อง..นอนต่อ..ดี๊ดี..จริงๆแล้วเซ็งมากกกกกก.??????,0
อยู่คนเดวในห้องสี่เหลี่ยม....ฟินเวอร์,0
ยินดีกับทุกคนที่อยู่เทพนครด้วยนะครับร้อนอย่างกะนรกกูอยู่บ้านนอนห้องแอร์เย้!!!,0
มีความสุขจัง??ยุห้องคนเดียวนัดกู2ทุ่มหายหัวไปเลย,0
กลับห้องดีมั้ยลูกค้าเยอะจังค่ะ,0
เน็ตห้องคอมมหาลัยเร็วมากกกกก,0
พกไว้ยิง(คนอย่าง)ลูกเจ๊ไงจ้ะ..ลูกเป็นเด็กดีมากเข้าห้องปกครองทุกสัปดาห์,0
กูเหรอ.....อ้วนแค่นี้ถึงกะเอาที่ชั่งว่างหน้าห้องน้ำกับหน้าห้องนอนเลยเหรอ....คือไร!!งง....,0
แคปชั่นไม่มีคนลงรูปสวยจริงๆเขาห้องเย็น2ชั่วโมงสติสตางค์หายหมดดด......,0
นอนปวดท้องอยู่ห้องดีแท้ปีนี้สวัสดีปีใหม่,0
มีแฟน()ใหม่มาอยู่ในห้องความโสดมุกฝืดแต่ไม่จืดจางแก้เซ็งสักนิด,0
ไม่ออกจากห้องเลยขาวเเย่ซะมั้ง555,0
600รวมค่าห้องสนใจทักมาค่ะ......สาวอวบอ้วบค่ะ,0
ตัดเกรดเสร็จเรียบร้อย..เพิ่มพลังกันดีกว่า3วิชา11ห้องเบาๆเทอมหน้าขอ15ห้อง,0
บรรยากาศเหมือนอยู่ในห้องแอร์,0
คนมีคู่เขาไปเที่ยวกันส่วนเรานอนอืดตายอยู่ในห้อง,0
ถ้าอยากร้าวก็เข้าห้องมา555,0
ส่งตัวเจาะเลือดห้องแล๊ป);...หมอเฉพาะทางโรงพยาบาล...หาเส้นไม่เจอผอมเกิ๊นนน+++,0
เสาร์-อาทิตย์อยู่ห้องทั้งวันสบายๆ^^,0
เป็นการเรียนที่ห้องสว่างมาก,0
ออกจากห้องประชุมชิวมาก555,0
ตัดผม??(กูไม่โอเคคคค)สัส!!!,0
ผู้บ่าวข้างห้องเล่นกีต้าเพราะจัง,0
ทำไมห้องเราสะอาดจัง????,0
คึกคักจังในห้องกู????,0
สบายว่ะงานก็ไม่มีกลับห้องนอนเหอะ:)),0
คนเต็มห้องเลยยยยยย.,0
จะไปแต่เช้าเลย,0
หอบผ้าทั้งห้องมาซัก😩,0
ขยันสุดแล้วในห้อง😩ทำทุกอย่างงงงงง,0
ก็ไม่รู้ว่านางต้องการอะไรไม่พอใจนางทีไรหนีไปนอนนอกห้องตลอดหมาจ๋ารักนาง?,0
////เมื่อผีเสื้อกลางคืนบินเข้าห้อง////:สวยอะ(มันก็บินไปโดนพัดลมแผละ),0
เรียนวันแรกเพื่อนก็เต็มห้องเลย,0
คิดว่าพุ่งนี้กูคงไม่ได้นอนยุห้องนะ,0
ความร้อนที่ประเทศไทย!!!!มันทำอะไรเราไม่ได้หลอก....งานนอกห้องแอร์ก็แค่ชิวๆ,0
ท่ามกลางคืนเงียบเหงาฝนตกโปรยปรายฉันนั่งสบตาเธออยู่หลังห้อง555555ไม่สามารถเปิดประตูหลังห้องรับลมได้ปิดตายขังตัวเองจ้ะ,0
เป็นชีวิตม.6ที่สถานที่ทัศนศึกษาประทับใจมากครับไปเเบบสลับห้องคู่ขี้คนละวันอีกประทับใจจริงๆครับ,0
ในห้องหอมม๊ากกกกกก,0
ห้องสมุดแอร์เย็นจังงงงงง??????,0
เด็กคอมฯนี่มันน่ารักจริงจริ๊งงงงงงน่ารักจนน่า(.....)ห้องที่ปรึกษา203ต่อจะให้ดื้อพูดไม่ยอมฟังแต่เขาก็มีความสามัคคีและรักกันมากรักนะเด็กดื้อ,0
นี่ห้องแอร์ค่าเทอม15000ใช่ป่ะขนาดมดยังปลิวเลย??????,0
ทำมัยห้องกูมันให้ความร่วมมือดีจัง,0
ถามแฟนว่าอ้วนเค้าน่ารักไหม?คำตอบคือ.....บ่!!!!!!เป็นแฟนที่ดีและน่ารักมากกกกกกนี่ห้องหรือรังหนู555555,0
รอจองวิชาเรียนเดียวมีคนแย่งเดียวห้องเต็ม,0
ยามเย็นหน้าห้องตัวเองฝนตกน้ำท่วมเอาเรือมารับด่วน!!!,0
เย้ๆออกจากห้องสอบแล้ว.ชิวค่ะชิว.,0
ตอนนี้คุมห้องอบคนเดียว...อีกหน่อยก็ด้ายเป็นเจ้าของโรงบาลแระ,0
พึ่งจะกลับห้องผมล่ะสนุกจัง,0
ที่อ่านแล้วไม่ตอบเขินอยู่อ่ะดิ๊??,0
หนาวเนอะคิดถึงอากาศหนาวแต่แอร์ที่ห้องเย็นนะฉ่ำมาก??มุมนี้รอด,0
เมื่อพ่อ-แม่ไม่ยอมให้เล่นของเล่นในห้องเมาทาโร่แมนๆอยู่แล้วหลานชายโผ้มมมม555,0
ห้ะใกล้ปัจฉิมแล้วนิ่????เราเป็นตัวแทน'ขอขมาครูด้วยล่ะน้ำตาแทบไหลรุ้สึกได้ทันใดกูคือคนดีของห้อง????,0
ห้องน่าอยู่มากค่ะลูกนอนแล้วจัดได้??????,0
ห้องทำงานใหม่..ไฉไล..ไฉไล.,0
วันนี้วันอาทิตย์นอนเล่นอยู่ห้องดีกว่า.//,0
บรรยากาศแบบนี้แต่งตัวใสๆอยู่ห้องค่ะ,0
สุขใดเล่าจะเท่าสุขเฝ้าห้องคนเดียว,0
เอ่อ!!!พวกกูแร็ดแล้วใงกับมึง(คนในห้อง)(ไม่ใช่คนโดนแท็กน่ะ),0
แม่ๆเอาเต๋าฮังโลพร้อมหลัวเข้าในห้องได้ก่อ?,0
พึ่งรู้ว่าเอามอไซขึ้นไปจอดห้องได้??????,0
ไลน์ห้องเป็นอะไรที่กูภูมิใจที่สุด,0
"คิดถึงห้องทำงานจัง฿€/~[*~ทำไมวันหยุดมันผ่านไปเร็วเเบบนี้พรุ่งนี้ก็ทำงานละ""",0
นอนก็ไม่หลับ.ยุในห้องหนาวเกิน,0
นอนยุห้องชิวๆแบบสยายใจมาก!!,0
นี้คือห้องที่สะอาดเรียบร้อยที่สุดในมทส23,0
165ข้อ2นาทีเสร็จแล้วจัดให้ตามคำขอ,0
รีบกลับห้องซะหน่อยมีแฟนคลับข้างห้องรอฟังอูคูเลเล่อยู่~555555,0
ห้องไม่รกแถมกระจกโครตใส,0
โอ้ยยย!!!ผัยๆกะโพสต์รุปกลับบ้าแต่เฮาติได้นอนยุห้องงึดๆๆๆๆชีวิตอีหยังสิดีแบบน??????ี้,0
ถึงห้องหมดสภาพเช้า-บ่ายไม่เหนื่อยเลย,0
หลังห้องหรอกูจองทุกคาบไป,0
เค้กมึงใช้เวลาในหัองสอบคุ้มมาก.หึๆๆกาๆๆ.ออกพุธโธๆๆสาธุให้กาแม่นๆๆๆ.???.เทคร๊าาา,0
แฟนไปเที่ยวเรานอนอยู่ห้องคนเดียวได้เราพอ,0
ลงทะเบียนเน้นสบายหลับในห้องเอฟ.ไม่สน12ปีใช้ให้คุ้ม??555555.,0
นอนเพิ่งตื่น...ตื่นมามึนๆกินนอนๆยุ่ห้องนี่ล่ะชีวิตดี้ดี..,0
เลขที่1ของห้องดีจะตายยยทำอะไรก็ทำก่อนเค้าสอนสังคมตามเลขที่,0
อากาศแบบนี้ควรออกไปเดินเล่นนอกบ้านกันน่ะครับ!!!!??????ท้องร้องจ๊อกจ๋อกกกอยู่ห้องต่อไปคราบ!!!!,0
ฝนก็ตกแรงไป....ฝ้าในห้องก็รั่วคือดีอ่ะ.ดีที่สุดดดดดด,0
อยู่วิทย์คณิตห้องคิงส์ไม่เก่งหรอกจ้าา555555.,0
หน้าเฟสมีแต่คนไปลอยกระทงเต็มไปหมดส่วนฉันดูการ์ตูนอยู่ห้องสนุกมากกกก,0
ห้องนอนพี่ยังว่างๆคนนอนกอดข้างๆก็ยังไม่มีแฮร่....,0
ห้องพยาบาลน่านอนดีเนาะ,0
สบตาอย่างนี้จะเอา..ไอดี..หรือ.เลขห้อง.ดีค่ะ,0
บ่ได้ไปไสมาไสดอกมื้อหนิเรียนฮอด3ทุ่มจั่งปล่อยเด้อคับให้ผมญ่างออกห้องไฟออกหัวแตกป๊าคๆโลด,0
สวนน้ำแห่งใหม่ในห้องบายศรีฉันนี้แหละนอนลอยคอได้แล้วเย้ๆๆ,0
"ห้องนอนก็นอนคนเดียวแต่เหมือนยุ10คน""สะอาดมาก""",0
ทั้งห้องมี50คนกูสอบได้ที่44เก่งค้ะตบมือ555??????,0
เสพติดกลิ่นดอกตีนเป็ดขั้นรุนแรงอยากจะซื้อมาปลูกที่ห้องจัง,0
เลิกงาน4โมงเย็นกลับถึงห้อง3ทุ่มห้องมึงไกลมาก,0
...กลิ่นขยะในห้องกูหอมมาก!!,0
ดี๋ดี...กลับบ้านมาห้องเลอะกระปุกออมสินมีรอยแคะอีกปุกมีรอยเปิด,0
นู๋ว่าวันนี้พี่นอนนอกห้องกับไอ้หนูแดงเลยดีกว่าเนาะกระรอกหรือลิงซ้นซน??,0
เย๊!วันหยุดหมดแล้วเด่ว!เย๊ทำไมร้องไห้หนักมากอยากนอนโง่ๆอยุ่ห้องนอนนิ่งๆมะกระดุกกระดิก,0
พอออกมาจากห้องสอบก็สดชื่นเชียว......คือทำได้ทุกข้อ....อาจารย์ออกตามที่สอนเปะ,0
เหล้าเหลือในห้องรอรัยละครัชชนั่งใส่เหล้าคนเดวก่อมีตี่กูเนี่ยยย....,0
เรียนปลูกข้าวครูไห้ถอนหญ้าตากฝนชีวิตดี้ดี..,0
.'ผมเลี้ยงยุง'ไว้เต็มห้องเลย..มันน่ารักดี,0
ติวอังกฤษนิคนเต็มห้องเลยที่นั้งแทบไม่มี55,0
ฝึกงานวันเเรก!!!ฉลองเลย......ห้องฉุกเฉิน!!!!.....,0
ห้องข้างๆพูดเสียงดังไปนะเอาซะอยากไปร่วมด้วยเลย,0
ครีมไม่ต้องทาหน้าไม่ต้องแต่งฟังเสียงฟ้าร้องอยู่ห้องมีความสุขดี....^^,0
กลิ่นห้องน้ำช.ที่นี้หอมดีจัง-/\-,0
หืมมมเท้าไปโดนพัดลมล้มใบพัดหักห้องยิ่งเย็นอยู่,0
ห้องแม่แอร์โครตเย็นนนอนม่ายหลับ,0
เราว่าคนที่บอกว่าเรียนภาษาไทยไปทำไมนี่เชยนะเขาฮิตภาษาไทยกันจะตายเพราะภาษาไทยจะกลายเป็นภาษาโบราณที่ถูกคนไทยลืมแล่วววว,0
น้ำท่วมห้องงงวิดจนเหนื่อยยชีวิตดีอีกแล้ววกูโอเคมาก,0
คอเคร็ดกับรูปนี้เจ้าคือหัวใจรักนะ6/10ห้องน้อยกว่าเพื่อนและมีสาระมากมายจุฟๆ,0
ฝนตกไปเลยยาวยาวเทวดาเครดิตภาพ:เพื่อนในห้อง,0
หยุดยาวคนอื่นเค้ากลับบ้านกัน...แต่เรานอนอยู่ห้องชีวิตดี๊ดี,0
..โปรดโฟกัสที่ตินค่ะแร้วจะรุ้ว่าผช.ห้องนี้รักกรุกัญมากกกก//////,0
"ทำไม""เจ้าหน้าที่""ตึกกลมพูดจาไพเราะยิ้มแย้มแจ่มใสกับคนที่มาติดต่องานจังครับห้องทำงานก็ใหม่แอร์ก็เย็นสิ่งอำนวยความสะดวกก็ดีหรือว่าเงินเดือนคุณน้อยเกินไป......",0
ช่วงนี้ชีวิตดี๊ดีต้องเดินตากฝนกลับห้องทุกวันเลยอ่ะ555,0
หาห้องแอร์นอนที่ไหนดีตอนนี้ตับจะแล่บแล้วค่ะกูเย็นมาก,0
เงินแดกข้าวก็ไม่มี…นอนโง่ๆให้หนอนแดกตายอยู่ห้องนิแหละ,0
เพื่อนใหม่ในห้องใม่ค่อยพูดเรยยย-0ท่ดๆ,0
คือขอเบิกกุญแจเปิดห้องไฟแค่2ห้องเองให้มาขนาดนี้,0
!!!ชีวิตดี๊ดีเขาเล่นน้ำเราอยู่ในห้องทั้งวันทั้งคืนสนุกจัง!!!,0
โห...ติดมส.จนได้...จารเอ้ย..!!!ชีวิตดี้ดี...555มีความสุข:)30นาทีขาดหมดห้อง,0
ห้อง9เป้นห้องที่เรียนน้อยการบ้านน้อยมากกกกกก,0
สุดยอดคนของประชาชนพ่อคนดี๊ดี,0
ขอบคุณของขวัญจากรุ่นพี่ม.2ปีที่เเล้วน่คร่เเหม่ห้องสะอาดมากกเเอร์ก็เย็นกระดานสะอ๊าดสะอาด555ชอบมากคร่ห้องร้อนอย่างกับเตาอบพูดมาได้ว่าเย็น-''-,0
ห้องม.5คนหลายๆๆๆ..!!????ภูมิใจเด้ว่ะ????,0
ม.3/1รับบทหนักตลอด.ไรก็3.1.....-_-เด็กดีออกจะเต็มห้องอิ่ฟนิ่ง.,0
อยากเที่ยวเที่ยว??เมาจนอว๊ก..รึ..ตื่นเช้ามากูกลับห้องได้ไง?เอาแบบว่าร้องไห้????ออกมาโห่ใหญ่ๆ,0
หน้าตาแลดูมีความสุขฝุดๆ.ห้องเคมีที่ร้ากกก,0
อบซาวหน้ากับอบผิวในห้อง,0
เจริญละเข้างานตี5ของเมื่อวานเลิกงานตี3กับถึงห้องของวันนี้(ชีวิตดี๊ดี),0
ห้องโฮมรูมที่น่ารักพื้นห้องที่แสนสะอาดและแอร์ที่เย็นเวอร์,0
ภาพมันเบลอน้อเบลอว่ารักแทบร้อนมากไปน๊ะแม่สะเรียงเด่วไปนอนในห้องน้ำแมร่งเลย,0
อยู่ห้องมันร้อนนนรนค่ะ......มาเปลื่ยนสถานที่อ่านหนังสือ,0
อยู่แต่ห้องนอนทั้งวันงานก็ไม่ได้ทำอะไรมันจะสบาบขนานนี้,0
ชีวิตหยังมีค่าอย่ามาซ่ากับเด็กหนองแวงโสกธาตุ5555.....ฉากหลังงามฮ้าย,0
งานเยอะ..พรีเซ็นท์หน้าห้องเกือบทุกวันนนบอกเล่ออออเป็นอใลที่กูวชอบมากกก5555,0
รับสมัครพ่อบ้าน(ผช)ทำความสะอาดห้องคร่ะติดต่อด่วน,0
แอร์ห้องคอมธีรกานท์นี่เย็นมากๆเลยย????,0
จะอ่านหนังสือน่ะ..คนข้างห้องก็ร้องเพลงเพาะๆคงจะอ่านรู้เรื่องร่ะค่ะคืนนี้,0
วันหยุดก็คงต้องนอนเน่าอยู่ห้องเนี่ยแหละแฟนก็ไม่มีชีวิตดี๊ดี,0
ปัดกวาดเช็ดถูเก็บห้องเพิ่งเสดหัวยุ่งไปหมดหนังสือก็ยังไม่อ่าน5555เจริญแล้ว..ชีวิต/ตายคักๆพุ่งนี้สอบเช้าด้วยเวรกรรมเวรกรรม,0
คือดีอ่ะ!ตารางสอบกูชนกัน3วิชา,0
ห้องสมุด'ถึงวิชาไม่ได้ยากแต่ข้อสอบมันเยอะกูไม่ได้ฉลาดขนาดอ่านทั้ง3วิชาแล้วไปทำภายในเวลา4ชั่วโมงได้หรอกนะ,0
ที่ห้องไม่มีเครื่องทำน้ำอุ่นนะแต่รู้สึกว่าจะได้อาบน้ำร้อนทุกวันดีจางงงง39องศาเบาๆ????,0
เออ!!ถ้ากูย้ายออกหอตอนนี้ได้กูออกไปล่ะกูเบื่อเพื่อนในห้องบอกเลยเอามึงเขาว่าเตอะทำอะไรก็ทำไปไม่ต้องเกรงใจกู(ซึ่งมันไม่เคยเกรงใจอยู่แล้ว)เอาที่สบายใจว่าทนได้เท่าที่จะทนกูโลกส่วนตัวสูงจบข่าว!!,0
สบายละครูประจำห้องใจดี..,0
"เวลานี้ไม่มีอะไรจะมีความสุขเท่ากับ...""การเข้าห้องนอนแล้วเปิดแอร์เย็นๆ""เปิดแมร่ง16องศาไปเลย",0
สุขใดเล่าเท่านอนอยู่ห้อง^,0
หนาววววห้องแอร์เย็นมากกกกนอนล่ะ,0
อยู่คนเดียวได้ไม่ตายจะอยู่ถึงสว่างหมดหอมีสองห้องน่ารักกก,0
ยังไหวๆน้าเกลือขวดแรกในรอบ20ปีครังแรกที่ต้องห้องว่างในรพดีใจเหมือนได้แจคพอต,0
ทำงานในร่มเด้อค่ะ??????,0
สงกาต์นี้กูรส์จะเล่นในห้องน้ำแม่งเรยยยยยย,0
นอนมัยหลับ...ห้องนอน(สวยเกิน)555555+อุ๊ปป,0
เก่งจังเลยกูเนี่ยจากที่1ของห้องตกไปที่4เก่งจัง,0
วันนี้..พวกเราชาวม.2.1เรียนกันในห้องที่มีแสงสว่างมากมายเหลือเกินแสบตามากกกกก,0
ห้องเรียนหรือห้ทำงานห้องแอร์เย้นนนนเย็นนน..แอกี่อ่ะดิร้อนเหี้ยยๆองไรวะหนาวก็หนาวโอ๋ย!!สบายค่ำแล้วน้าหาใลทนนด้วย,0
ไปข้างนอกกลับมาเจอห้องสภาพนี้บอกได้เรยว่าเชลเป็นหมาที่น่ารักและเรียบร้อยมั๊กมากกกกกก,0
เวียนเทียนยุห้องน่ะ.....,0
คุยกันไว้ว่าจะกางเต้นนอนหน้าโรงแรมแม่ง!!!!!,0
อุเหม่....ห้อมลอบฮาเร็มปู้จายยยยสาว3คนใน50คนของห้อง,0
งานห้องหรอ??รวมมือกันดีมาก.?????!,0
ชีวิตมหาลัยนี้สบ๊ายอยู่ห้องสมุดทุกวันเอิ่ม......เหนื่อย5555,0
ที่ห้องร้อนตายชัก...ผ่านไป16วันไร้วี่แววเพราะเราอยุ่ฟรีรึไร...เลยมาตากแอร์...อิๆๆนิ่งสยบมาร5555,0
ห้องทำงานแอร์เยนสบายดีมากกกไม่ร้อนเล้ยยยยยพี่อยู่แบบนี้มา3เดือนแระสบายมาก55555ร้อนตับจะแตกอยู่แล้วววว,0
น้ำในห้องมันไม่ไหล?เป้นอ้ะไรที่พิเศษสุดยอดดดด?????-จีเอ็นประเทศไทย??,0
โควต้าก็ได้สำรองห้องจียังจะได้สำรองอิก555ดี๊ดีกรุแฮปปี้มากกก??,0
ยุแต่ห้องดำแน่เรย,0
นี่กลุ่มกูหรือยูพร555555ใสๆทั้งห้องเล๊ยยยย,0
ถึงแล้วห้องที่แสนคิดถึง,0
วันนี้3/12มีนักเรียน50คนที่มาเรียนชาย9คนหญิง7คนห้องกูนี้มากันเยอะแท้,0
ดีใจจังวันนี้ตื่นสายแต่งตัวช้ายังไม่ออกจากห้อง??????,0
คืนนี้มีปรากฎการณ์ดาวตกเยี่ยมนับดาวเพลินเลยไม่กล้าออกไปนั่งคนเดียวเข้าห้องนอนสิค่ะะะ,0
ห้องปกครองงแอร์เย็นมากๆๆสะใจอิ้กูโดนแบบนี้เนอะๆอย่าเสือกได้ป่ะ,0
พวกผมเนี้ยโคตรชอบทำความสะอาดห้องเรย555):,0
เป็นครั้งแรกเลยที่อาจารย์บอกห้องนี่เป็นห้องที่น่ารักเหอะๆ555ขี้ดื้อคือหยัง??????,0
"อยากมีแฟนที่ชอบอยู่ห้องแอร์ชอบดูหนังชอบ...สารพัดจะได้พามา""บรรณสาร""ทุกวันเลย555มีทั้งโรงหนังอากาศก็เย็นๆ",0
หอนี้ดีนะ..ห้องข้างๆนางเล่นกีต้าร้องเพลงกล่อมเราทุกเที่ยงคืนถึงตี34ทุกวันเลยนะหึหึ,0
ห้องน้ำสวยยยยย....,0
บอกยายแกซื้อเหนียวไก่ติดมือไว้แร้วก็ร้องโวยวายเหยดแหม่!เหนียวไก่หายเด๋วผู้ว่าก็มาปลอบใจตำรวจก็เร่งสืบหาต้นตออย่างรวดเร็วเผลอๆจะได้เป็นพรีเซนเตอร์โฆษณาด้วย,0
สาบานว่าเน็ตห้องคอมไม่กากเรย:(งานก็ไม่ได้ทำหืมมมมม,0
เอิ่มเรียนคอมห้องแอร์ไม่ค่อยจะหนาวนะ,0
กะว่าวันนึ้จะนอนตื่นสายๆพ่อขึ้นไปปลุกบนห้องบอกว่าวันนึ้วันลูกเด่วพ่อพาไปกินข้าวพาไปเที่ยวผมนึ่ลุกขึ้นจากที่นอนเลย.??????,0
ความเศร้าทำให้เหล้ามีรสหวาน.:'(กินเหล้าอยู่ในห้องคนเดียว:'(,0
อยูเวรห้องคลอดยุวห้องตากแอร์มันเย็นไม่พอ,0
ต้องมานั่งติดฝนตากลมยุวที่นี่!!!ฮื่อออ...วันพ่อแห่งชาติมาคลอดเยอะๆนะไม่อยากนั่งอยู่เฉยๆ??????,0
ทั้งห้องมาโรงเรียน5คนสงสัยเพื่อนคงจะไปสอบวิศวะกับสถาปัตยแน่เลยสู้ๆนะ-.-,0
ขอบคุนคุนโจรมากเลยที่เข้ามาในบ้านกูขอบคุนที่มาเก็บห้องไห่ขอบคุนท่เอาแต่สายชาตเเบตกูไปอย่างเดียวขอบคุนจิงๆ,0
อยู่ในห้องทั้งวันมันก็ดีเหมือนกันเนอะไม่ต้องกินอาไรไม่ต้องเจอคัย,0
ถึงกลับลาบวชกันเลยที่เดียววนี่แค่วันแรกน่ะเก็บต่อไปบ้านน่ะไม่ซิๆๆห้องน่ะเก็บๆซักๆตากๆสู้ๆพรุ่งนี้ประชุมสโมอีกสายมากะมาเก็บต่ออเริ่ศๆๆๆเก็บวันเดียวคงไม่พอสะอาดหลายยเป็นระเบียบแฮงงง,0
ผู้ชายห้องฉันเป็นสุภาพบุรุษมากกกตุ๊ดทั้งหลาย^^,0
เปิดเรียนวันแรกกุมาร.ร.เพื่อนบนห้องเยอะมากก',0
มีคนบอกว่าที่กูทำตัวร่านเหมือนทำจิงป่ะว่ะกูจะทำไปทำไมในเมื่อกูหมดรักแล้ว(กูเกลียดมึงจนกูไม่อยากเข้าห้องหมวด)แต่ก็ยังรักรักสุดหัวใจรักมากเฮ้ยเพ้อแปบ!,0
นั่งยุห้องเฉยๆก็ปวดหัวใจจะขาดถ้าจะให้หยิบหนังสือมาอ่านพี่คงทำมิได้เพราะนั่งเฉยๆกบาลก็จะแยกล่ะถ้าอ่านล่ะไม่ส่งโรงบาลเลยเบาะ,0
ไม่เข้าใจ...ให้ตายเถอะผู้ใหญ่เป็นไรกันหมดห้องเรียนน้อยๆมันเรียนได้ทั่วถึงกว่าแต่จับมาอยู่ด้วยกัน...โว๊ะ==*ย้ายร.ร.แม้ง,0
ข้อสอบว่ายนำ้ทำกูขรรมจนครูคุมห้องสอบเดินมาดูข้างหลังคือแบบคนออกข้อสอบโครตจะมีหลักการอ่ะ-.-อื้ม!,0
พอดีๆก็ไม่ตกพอป่วยนี่ตกทุกวันเลยนะแหมมมมห้องสมุดแอร์ยังโคตรหนาวอีกจะแข็งละนะ--,0
มะกี้เรียนพิมดีดห้องร้อนจนกูหายใจแทบไม่ออกตอนนี้เรียนเสดทะสาดกูหนาวววจนขนลุกหมดละสัสสส,0
พะตงน้ะค้ะกฎไม่เยอะชุดก็สวยไว้ผมยาวได้กระโปรงสั้นได้ถุงเท้ายาวได้เขียนคิ้วมาร.ร.ได้เอาโทสับมาร.ร.ได้ขับรถในร.รได้โดดเรียนได้กินขนมบนห้องได้เล่นเฟสใต้โต๊ะได้,0
ง่ายยยมากกกคณิตศาสตร์..นี้ข้อสอบเด็กอนุบาลหรอ..เฮ๊อออ..ชิลๆ,0
รัก??บรรณารักษ์ห้องสมุดมากกกก,0
จะอยู่แต่ในห้อง...2วัน!!:'(,0
ค่าห้องถูกจัง3200เยี่ยม!!!นอนหลับสบาย...ทำไมไม่คิดซัก5000เรยล่ะควย,0
"ใครยังไม่จองโต๊ะจองห้อง""ครัวต้นตาล""รึบๆหน่อย",0
กว่ามึงจะมานะอีไฟฟ้าน่าแตดเด่วกูเปิดแอร์แมร่งให้ห้องเป็นน้ำแข็งเลย,0
วันนี้ดีจัง..ใด้ทำงานในห้องแอร์หลังจากตากแดดมาหลายวัน....,0
นี่มันห้องครัวหรือห้องนอนกันแน่เห้ยยยยยเห็นใจเด็กอ่อนหน่อยก็ดีนะคะได้กลิ่นทุกวันก็หิวทุกวัน,0
กูจะไม่กลับห้องคืนนี้,0
"กลุ่ม""น้องหอยทาก""ซึ่งเพื่อนเรียกกันเต็มห้องเพราะว่ากลุ่มเราชอบทำอะไรเร็วๆไง",0
ซื้อยามาก็ลืมไว้ห้องดีๆจะได้หายปวดฟันเร้วๆๆ,0
กรรมกรในห้องแอร์>>แอร์ก๊เยนนนนเย็น,0
3/5?!!ปลึ้มมมมมากจัดห้องยังไง-///-,0
วันนี้ไปซื้อของที่กรุงเทพกับแม่มาแม่คงเห็นว่าเราเหนื่อยเลยซื้อเสื้อให้ตัวนึ่ง,0
บวช>มานั่งขัดระเบียงหน้าห้องแขก>ตกฝนอย่างหนักเห้อ!!!!เข้ากันอย่างแรง,0
ตกกันเข้าไปๆ...หิวก็หิวออกไปใหนไม่ได้...นั่งอดอยู่ห้องแม่มมเลยนี่...,0
สรุปคือไม่ต้องนอน..อาบน้ำแต่งตัวไปเรียน..เวลายุ่ห้องง่วงยังไงก็นอนไม่หลับ...ถ้าไปเรียนแลวหลับจะสมน้ำน่าตัวเอง,0
เปิดเพลงเต้นในห้องคนเดียวววววววววววว'555555,0
ข้อสอบง่ายมากสอบเสร็จปุ๊บหลับปั๊บห้องเย็นมากไม่ร้อนเลยนี่พูดจริ๊งงงงง:/,0
ณจุดนี้พูดเลยมึนนิดๆแต่สมรรถภาพในการเกาะพื้นถนนยังดีเยี่ยมทำให้กลับถึงห้องได้โดยปลอดภัยกับการที่เราแคร์เค้าแค่ฝ่ายเดียว,0
...คนสอบ5เยอะดีเนาะ..ห้องละ14-15คน!!...,0
คณิตวิทย์ไทยห้องสมุดวัสดุโอ๊ว!!จารย์ไม่สั่งการบ้านมาหมดทุกวิชาเลยล่ะครัชชช,0
มาฟังสัมมนาเบาๆง่วงจุงคนฟังเยอะมากกกกกะทั้งห้องมีไม่ถึงสิบคน555,0
เค้าอยู่ห้องยาทำแผลเจอคนไข้ซักประวัติกันเรานั่งอยู่ห้องการเงินพิมพ์งานตากแอร์วันคำมันหยังมาสบายแต้น้อ5555,0
จัดห้องไปโดนบ่นไปโคตรมีความสุขเลย!!!!!!,0
นอนอยู่แต่ในห้องงงงงง,0
"ออกจากห้องเวลาเดิม.....รู้สึก""สดชื่นนนนนน",0
บอกให้ทำห้องที่นอนหมาให้เป็นสัดส่วนเอาให้ดีดีผ่านมาครึ่งเดือนได้ครึ่งทางดูพื้นทีๆๆมันใหญ่มากเลยเนี้ยงบบานปลายมหาศาล..!!!!!!,0
อยากกลับไปสมัครเข้าม.สี่ใหม่จะได้สมัครเข้าห้องสสวท.เสรดดดด--'เพราะใคร?ตอกย้ำคนอ่านที่รู้ตัว555.5555:,0
เก็บกวาดห้อง(รกเกินเกือบไม่มีทางเดินล่ะ)-->ห้องก็กว้างเสียเหลือเกิน:'(,0
ใครวะ!มาร้องเพลงอยู่ข้างๆห้องแต่เช้าโครตรเพราะเรยอ่ะ..(นอนต่อแปบ),0
ผู้ชายห้องเราสุภาพบุรุษเนาะ-*-,0
สงสัยวันนี้อาจารย์จะรักกูมาก..เข้าห้องสายแค่5นาทีไม่ให้กูเข้าห้องเลย,0
นูว่างคร๊..วันๆหมกหัวยุแต่ในห้องบ้านก็ไม่ได้กลับสนุกจิงๆ...,0
เปิดเพลงโครตดังชอบมากกกกกก,0
ห้องรกนะ555555+วันนี้จะเสร็จไหมเสื้อผ้าไม่แยกเก่าใหม่แล้วได้ป่าวทิ้งหมดเลยเหอะ!!!!แง่มๆ:3,0
วันนี้คงไม่ได้ไปลอยกระทง...นอนอยู่ห้องจ้าเป็นอะไรที่แบบว่า:......ไม่อยากจะเอ๋ยเลย.,0
กรูจะไปต่อไหนดีฟะเมื่อเช้ารองดุลย์พูดว่าลดห้องกรูยิ่งเครียดหนักเข้าไปใหญ่5555-_-,0
เศร้าเหงาง่อย------>ห้องคนเหงา,0
มาสายบัตรประชาชนหายไม่ได้เข้าห้องสอบมิ๊บมิ๊บดีจังเลยยยยยย>_____<,0
แม่ให้มานอนห้องพัดลมคนเดียวฉลองวันเกิดแม่ใจดีชัง,0
ไฟล้างไฟบนเรืออีกล้าวครับทั่นนนนเรือไฮโซห้องกว้างๆไม่เมาด้วย??????,0
กินข้าวใต้แสงเทียนโรแมนติกจะตายไฟดับม่ะ,0
ไฟดับร้อน??????นึกออกพอดีว่าจะทำไร?ดูหัยจบเก้าขอโทดดด'ดสะใจโว้ยยย!!!??555555+แท็กแฟน??555555??,0
ไฟเป็นแถวสวยงาม??????รถติดอยู่บนเขาปัก,0
.ชุดใหญ่ไฟกระพริบ??แหลกไปสิ2คนอย่าให้เสีย...คิคิ??????,0
ไม่บ่นนี้บ้านจะไฟไหม้ชะ!!???,0
ขอไฟอีกแหน่จ้าาาโอ้ยยยย,0
ไฟแดงครึ่งชั่วโมงได้น่อไฟเขียว5นาที,0
อุ่นจังเลย.ก่อไฟให้????,0
ถนนโล๊งโล่งรถนี่แทบจะไม่มีไฟเขียวตลอดทาง,0
แสดงความยินดีด้วยนะครับไชโยสู้กันต่อไปเขาเลือกให้เราล่ะนิทำไงได้,0
ไฟดับอีกแร้ววว....ดีใจจิๆงานไม่เดิน,0
กูว่าไฟเขียวมึงก๋นานไปนะ,0
เมาะแต้น่ะไฟดับดึงวัน,0
ไฟนอลนี้มีความสุขจังโว้ยยยยยอีก3วิชาสู้ตาย,0
แค่ไฟนอลเองกระจอก..,0
ไฟไม่มาเราไม่นอนมาเถอะไฟแบตจะหมด%,0
ไฟแดง30นาทีไฟเขียว30วิ,0
กินข้าวกลางแสงเทียน....โรแมนติกจิงไฟดับนานแท้......,0
คิดถึงโทรศัพท์จังไม่เจอตั้ง8ช.ม.จะขาดใจตายมั้ย?ตอบ:ก็ไม่ตาประหยัดไฟ!!!,0
ค่าไฟ5000ค่าน้ำ1500.,0
เดินออกไปซื้อของกินเห็นรถละอยากกลับไปคำนวณโมเมนตัม,0
ไฟดับคือดีมั้งกูจะทำงานนนนนนน,0
พานางมาถอยทอง!!!!,0
ลำปางหนาวไวจังที่อื่นเขาหน้าร้อนนะแต่ที่ลำปางหมอกตกแล้วนะเว่ยย!!!หน้าหนาวคงหิมะตกอะกูว่า!!,0
สุราษฎร์ฯหนาวมาก!!!09:40กอไฟผิงแม่งเลย??????,0
เปิดให้หมดทุกตัวไฟดับเก่ง,0
ไฟกะดับแบตกะหมดดียุแบบนี้อะ,0
ไฟเขียว3วิไฟแดงอีก3ชั่วโมงรอวนไปคะ3วันจะหอมั๊ยเนี้ยะ,0
ขั่นว่าเก่งกะดับฮอดมื้ออื่นโลดดด.(ไฟ),0
ผบด่าให้ประหยัดไฟก็เลยปิดเลยฮิๆ??????,0
อากาศน่านอนผิงไฟสงกรานต์นอนพักยาวไป??,0
ชอบบรรยากาศเเบบนี้จังเลย.ฝนตกฟ้าร้องลมเเรงไฟดับ,0
นักรบไฟนอลสัก12เทอมจะเป็นไรไป??????,0
ซ้อมหนีไฟหนาวโครต,0
ไฟดับแบบนี้ดีต่อใจรึเกิน.,0
คนจองขายด่วนปรี2ตัว1500พร้อมส่งปกติทุก,0
ตกได้ไฟอย่าดับพอบ้านตัวเองฮ้าๆ,0
ทีแรกก็แค่ก่อไฟแก้หนาวไฟฟ้าเข้ามาไม่ถึงบ้าน??????,0
ทำงานไปให้คอมไหม้ตึกดับไฟไปเลย!ไงไม่รู้เหรอ,0
วันหยุดไฟดับคร้าาา!!สบ๊ายยยสบายย,0
ตกมาแบบชุดใหญ่ไฟกระพริบเลยค่ะ????,0
ขอขอบคุณเจ้าภาพที่ทำให้น้ำไหลไฟสะดวก????,0
ลดราคาทั้งร้านพิเศษๆๆๆสนใจตัวไหนทักมาค่ะอดเน็ตก็ห่วย????ทรูแม่งห่วยจิงวันนี่วันเดียวนะค่ะ,0
น่าจะไฟเขียวภายในชาตินี้แหละ,0
ขายดีมากปิดไฟขายซะเลย,0
หึหึหึหลับสบายแน่ฝนตกไฟดับขนาดแค่หมาเยี่ยวรดเสาไฟฟ้าไฟยังดับเลยนี่ฝนตกฟ้าร้องแรงซะขนาดนี้จะเหลือเรอะแม่กล่าวไว้,0
อย่าเรียกตัวเองว่าแดดเลยครับเรียกตัวเองว่าไฟดีกว่าร้อนชิบ,0
ตื่นมาทำไมตอนนี้เปิดไฟซ่ะทุกดวงเลย55555ค่าไฟเดือนที่แล้วสินะไหนๆก็ตื่นล่ะยาวเลยจ้าาาาาา,0
ห้องพักหรูระดับ6ดาวใจกลางเมืองเชียงใหม่ใกล้นิมมานฯไฟแดงซะ,0
ฝนตกไฟดับเอ้อบรรยากาศดี๊ดีไฟจ๋าเมื่อไหร่จะมาดับนานไปแล้วว??????,0
มาๆทำงานวันหยุดกันแสนแปดโบนัสล้านแปดลำบากต้องเข้าอีกเฮ้อ!,0
กลับบ้าน.ตาลเดี่ยว.ทั้งที.นอนเปิดเเอร์.เเม้งยันเช้าเเหละ.ร้อน.ว่ะ.โลกร้อนเกิน.เเต่ค่าไฟใครล่ะ.ทีนี้.555,0
ไม่เห็นจะอยากเล่นน้ำเลยนอนดูไฟอยู่ห้องดีกว่าโนะ??กัดฟันมากจริมๆฮือออ,0
หนาวๆผิงไฟแก้หนาวกันอากาศหนาวใส่เสื้อกันหนาวด้วยเป็นห่วง,0
นอกจากบุหรี่ไฟฟ้าแล้วมีนมไฟฟ้าป่ะคับผมจะดูดแม่งทั้งวันเลย,0
ค่าห้องค่าไฟมาแล้วเห็นบิลค่าไฟแล้วสบายใจเปิดแอร์ต่อล้าลา??????,0
ไฟจ๋าดับถึงพรุ่งนี้เลยก็ได้น่ะร้อนจิตาย,0
งานหลักคือพานโรงงานรองมันขายรถ,0
วันสุดท้ายของสังเกตการสอนวันที่โคตรดีเลยอ้ะรถยางแตก555,0
เรียกศรัทธาประชาชนได้มหาศาลเลยแหละ,0
เพราะรักมันรันทดเรยทัมรถไม่บอกหมก????,0
ไฟเป็นแถวสวยงาม??????,0
??นั่งรถโดยสารส๊ะบ้อล่ะมอไซกะยากโลด??ตื่นทันกะโดยสารตื่นบ่ทันกะมอไซ,0
เพราะรักมันรันทดเลยหันมาแต่รถ..,0
เพราะรักมันรันทดเลยมาซิ่งรถ,0
หงุดหงิดรถติด??????ด้วยการกินเครปเย็น????,0
"เพราะรักมัน""รันทด""????เลยหันมา""แต่งรถ""",0
เมียด่าเรื่องเกมส่ำนี้ล้างรถท่ามกลางสายฝนเท่ห์ตายล่ะเเนวบ่แม่นแนวไข้มากะยากกูปัวอีกจักบาทสะบ้อหือ,0
ล้างรถ..พี่บี้กล่าว,0
ขอบคุณฟ้าฝน.!ที่ชำระล้างความสะอาด!ออกหมด!(รถเพิ่งล้างเมื่อวาน),0
วันนี้เสือกไม่ตก...กูอุตส่าล้างรถรอ...??,0
แต่งรถรักสะบ้อหึ??????,0
"เพราะรักมันรันทด...""เลยมาทำรถ""เพื่อ",0
..ขอทำเครื่องเสียงรถไม่ให้ทำใช่ไหมห๊ะ..!!,0
ใต้ทางด่วนใกล้ทางแยกบรรยากาศดี๊ดี??????เสียตาจะปิดแล้ว,0
เพราะรักมันรันทด'เลยทำรถ,0
"บางครั้ง..เจ้ากรรมนายเวรก็มาในรูปแบบของ.""เพชร""??????",0
อากาศน่าขับรถมาก55555,0
เพราะ..รักมันรันทน..เลยมาชิ่งรถ...พ้าม.พ้าม,0
เย้อดได้โน๊ตบุ้กแล้วสองหมื่นกับล้านหกรถสองคันคนขับคนเดียว,0
พรุ่งนี้ค่อยถึงก๊ได้นร้??ยุ่ในโหมด,0
แบบใดสวยครับปีใหม่สิจัดจักคัน?,0
เพราะรักมันรันทดจึงมาซิ่งรถ,0
"เพราะรักมันรันทด*""เรยซิ่งรถ""*",0
เพราะรักมันรันทดเลยมาซิ่งรถ....คืนนี้ที่ใหนเด็ดๆๆ..,0
ใบแรกของปี2018??,0
มีรักแล้วมันรันทดเลยต้องหันมาเเต่งรถหน้าต้องเชิดกว่านี้นะ!!??????,0
รถที่บ้านไม่พอใช้...เพิ่งถอยรถใหม่.!!!,0
จ้านั่งทับแว่นขาหักคือดีงามตังค์เยอะอยากเสียตังค์แล้วตรูจะขับรถยังงัย,0
ชีวิตดี๊ดี...รถติดถ้ารถไม่ติดแสดงว่าเสีย??,0
เพราะรักมันรันทดเลยหันมาแต่งรถ,0
แต่งรถจนเมียทัก.....???,0
อยากกินก็ต้องทำเองมันอร่อยกว่าซื้อเค้าเนอะ!!คนไม่จอดรถให้ซื้อกิน????,0
ขับผ่าฝนสนุกดีนะครับรถพึ่งล้างฝน5โมงเย็น??????,0
มาๆๆเยอะหน่อยสิ้รถอ่ะ,0
รอบนี้ตำรวจไม่ได้กินเงินผมหรอก????นั่งรถทัวร์....?ออกเลาะ??,0
รถไม่ติดเรยยยยยย,0
สงสัยเป็นเจ้าของลานจอดรถแน่ๆเลย,0
...ล้างรถ(ฝน)??????,0
เห็นงวดรถแล้วภูมิใจจริ๊ง,0
นี่แหละตำรวจไทยสุดยอด!!!!!!,0
ฉ11ถ้าจะไม่ออกทุกเดือนแบบนี้..ก็ทำเป็นเงินเก็บก็ได้นะจ่ายครั้งเดียวตอนเกษียน...<<>>คงจะมีเงินเก็บเป็นล้าน...,0
หูยยนอนอยู่บ้านเฉยๆก็ได้เงินเดือนงานไรสบ๊ายยสบายยย????มือทาบอกความยิ้มพร้อม,0
ว่าจะไปสอบทหาร.เปลี่ยนใจแล้ว??.ไปสอบตำรวจดีกว่า.เงินเดือนครึ่งแสน,0
เงินเดือนออกต้องฉลองซะโหน่ย...กินอาหารญี่ปุ่นแค่นี้พอ55555แซ่บเว่อร์,0
15วันที่ทำงานกะว่าจะไห้แม่สัก5000น้อง5000แอมเหลือ220พอ??ใช้ยังไงไห้หมดเนี่ยเงินครึ่งเดือน??,0
ค่าแค่1049มั้งเหอะ??เหลือตั้งเดือนละ4-5พันมั้งเหอะ,0
เงินเดือนน้อยก็เงี๊ยะทำโอวนไปรัวๆวนไปยาวๆวนยันปีหน้าแม่มม,0
ไถไปเลย!เกรียนไปเด้!ขาวไปเด้!งานมีเกียรติต้องทำให้สมพระเกียรติประถมอีกครั้ง,0
วันนี้เงินเดือนออกมีใครจะยืมอีกมั้ยคะ?จะได้โอนทีเดียว??,0
เงินเดือนต้องแสนกว่าซื้อแค่นี้ไม่จนหรอก??????ไม่มีตังซื้อข้าวไม่เป็นไร??????,0
เครียดจัด!!เงินเดือนเยอะเกินทำไงจะใช้หมด^^^,0
"พี่บอกแฟนพี่ว่าสิ้นเดือนเด่วซื้อกางเกงใหม่ให้ตัวนึงแฟนพี่บอกว่า""บ่ต้องกะได้มั้งงง!!(เสียงสูง)""เด่วเงินบ่พอซื้อเครื่องสำอางพ้ะน้ะ!!!สรุปคือ..หวังดีกับเมียจากใจหรือ",0
เงินเดือนเข้าแล้วไปไหนกันดีพี่น้อง,0
ทำงานพิเศษ2วันได้2000มันก็โอเคมีอีกไหมสัก10วันเฮย....เงินเดือนเก่ายังใช้ไม่หมดเงินเดือนใหม่ก็มาละชีวิตดี๋ดี,0
เงินเดือนเป็นร้อยทำน้อยได้ไงบอกแค่นี้แหละ5555??????,0
สมกับเหนื่อยมาทั้งเดือน??????,0
เติมพลังยามเช้าโอทีทั้งอาทิตย์โอทียาวๆเลยเด้อกูชอบรวยตายซะมั้งกูเงินเดือนก็ยิ่งเยอะๆอยู่55555,0
เห็นเงินเดือนแล้วใช้ยังไงถึงจะหมด??????,0
อยู่บ้านไม่จำเป็นต้องสวยแค่ทำตัวรวยๆเฝ้าเงินเฝ้าทองอยู่บ้าอีกเดือนกว่าๆจะได้ทำฟันและตื่นเต้นจะได้ใช้เงินผัว,0
เงินเดือนเยอะจังชาตินี้คงใช้ไม่หมดหรอก:'(,0
เงินเดือนพี่ยังไม่ออก...ก็ใช้ตังค์เหรียญไปก่อนละกันนะ...,0
ว้าเงินเดือนจะออกแล้วของเดิมยังใช้ไม่หมดเลย,0
คิดถึงเงินเดือนที่กำลังจะได้แล้วเห้ยยยทำไมเยอะจัง,0
หู้!!!!เงินเดือนออกเยอะจังสู้ต่อไปค่ะ??????,0
เงินเดือนเราไม่เยอะหรอก...แต่เงินในกระเป๋าเราเยอะมากกก,0
เงินเดือนเดือนนี้เป็นอะไรที่น่ารักมาก?,0
วันนี้ยอดดีสวยหรูมาก.ขายไม่ได้ไม่เท่าไหร่เงินเดือนเหมือนตังถอน555555+,0
ตำแหน่งนี้สบายสุด??..!??????ไม่ต้องทำงานได้เงินเดือนเหมือนกัน??????,0
เลี้ยงลูกอยู่บ้านสบายจะตาย!!!!!!,0
เงินเดือนออกเยอะขนาดนี้จะใช้ยังไงหมด,0
แลๆแล้วค่าโอทีจะแซงเงินเดือนแล้วเด้,0
เป็นเดือนที่บริหารเงินได้ดีมาก????,0
กินให้ท้องแตกไปเลยยยยยย,0
คนที่ทำงานมีแต่คนโพสเงินเดือนออกแล้วไม่ครบบ้างอะไรบ้างกูนี่ไม่อยากจะเปิดดูเลยกลัวได้เยอะกว่าที่คิดผ่าม!!!,0
นี่ก็วันที่7แล้ว..เงินเดือนไม่ต้องออกก็ได้จ๋าโอเค5555,0
ทิ้งมันไปซะ....ชีวิตมันต้องไปต่อวันนี้รีโพสต์ทุก20นาทีจ้าเงินเดือนออกทุกสองเดือนเริ่ม????,0
เงินเดือนไม่ออกกกก??????,0
เงินเดือนของเดือนนี้คือหลายแทะ,0
มีแต่เรื่องให้เสียตังกัวไรเงินเดือน2ล้านกว่า:'(,0
เราก็คนทำงานแลกเงิน...รู้สึกแย่ทุกครั้งที่ต้องทวงหนี้แต่บริษัทก็ต้องรับภาระหลายอย่างเหนื่อยและเพลียมากกว่าทำงานอีก,0
จะกินหมดมั้ยเงินเดือนไม่ออก555,0
ป่วยกับบริษัทเงินไม่ตามระบบ,0
โดนค่าห้องไป7.-นี่อีกนิดเดียวก็ผ่อนคอนโดได้เลยนะเนี้ย!!??เงินเดือนกูหลักแสนค่ะ!!,0
จะสิ้นเดือนอีกแล้วเงินเดือนยังใช้ไม่หมดเลย555,0
ตั้งแต่ทำงานมา..เพิ่งเคยได้เงินเดือนเยอะขนาดนี้โวยวายอารมณ์เสีย????,0
เงินเดือนไม่ออกก็ต้องขายครีมจร้า,0
สุดยอดเลยอะไรจะเยอะขนาดนี้เงินเดือน??,0
ถ้ามีเงินเดือน2แสนแต่ไม่มีรถแถมผ่อนบ้านระยะยาวงั้นหาเพิ่มอีก5แสน,0
เงิน(ต้น)เดือนออกแล้วกดสักแสนแปดสิเงินเดือนเยอะมาก,0
โพสต์กันจังโอทีไม่มี...เชร็ด!!!??โพสต์เสร็จโอทีคงมาบานเลย??,0
เงินเดือนออกแล่วอยากไปเท่วผับจังเลย,0
ป๊าดๆเงินเดือนกูคือได้หลายแท้!!ใช้หมดบ่ล่ะ55.,0
เงินเดือนออกจะเหมาหมดทั้งห้างเลย,0
??มาแล้วจ้า????รองเท้ามือ1ราคาขาดทุน?จัดโปร2คู่100บางแบบ,0
ขัดรองเท้าเงาๆกลับบ้านจักบาทเบิ่งน่ะ,0
รีวิวรองเท้าได้สวยมากค่ะ,0
อืมรองเท้าคู่ที่6??????ไม่ซื้อแล้วเดินเท้าเปล่า,0
เปย์คนอื่นก็มากเปย์ตัวเองน่อยใช้ไม่ทันค่ะงานนี้กระเป๋าเสื้อผ้ารองเท้าเครื่องสำอาง??????,0
????รองเท้าทำงานพังคู่เดียวเราก็แค่บ่นๆ!!ฟซื้อให้2คู่เลย...????,0
วัดไหนน้อทำมั้ยรองเท้าจัดระเบียงจังเลย,0
มาชมความแตกต่าง16.1กับ17.1กันเถอะเป็นอะไรที่แตกต่างมาก,0
เสื้อยืดกับผ้าถุงมันชั่งเข้ากันเข้ากัน??,0
มันก็จะเรียบร้อยหน่อยๆอ่านะครูชอบบ่นว่าวางรองเท้าไม่เป็นระเบียบ,0
มีรองเท้าโอนิซึกะเกรดหนังจิงโจ้หลุดจอง1คู่ใครสนใจทักนะค่ะ1590บาทส่งฟรี.ไปเลยจร้า,0
เป็นห่วงเด็กจริงๆต้องจัดหนักๆครับกดดันมันเยอะๆพอโตขึ้นจะได้รับสภาพโลกที่โหดร้ายได้หลายๆสถาบันการศึกษาสอนมา,0
รองเท้าไม่ได้ดูดีเหมือนสะหน่อยโดนไปแล้ว!!??,0
ไหนๆก็มาบ้านแล้วเปลี่ยนรองเท้าใหม่ให้เลยแล้วกันเนาะ????นนทบุรีน้าตานะ,0
รองเท้าสะอาดมากกกค่ะ!!!!,0
ที่ประเทศไทยหนาวมากเลยค่ะใครออกจากบ้านอย่าลืมร่มเสื้อคลุมรองเท้าผ้าใบหมวกแว่นตาผ้าพันคอด้วยน้าค่ะ,0
สามีจ้างซักรองเท้าคู่ล่ะพัน5555ได้อีก.,0
คุณสามีซื้อกล่องรองเท้าให้??????,0
ดูสิ่เสื้อผ้ากระเป๋ารองเท้าเต็มมือกูเลย,0
ถ้าน้ำจะรอการระบายบ่อยขนาดนี้มหา'ลัยก็ควรจะมีนโยบายเรือรับส่งนศ.หรือปล่อยสัมปทานให้เอกชนรองเท้าก็ต้องมาเปียกน้ำ??,0
ประไทยดูเจริญมากเลยทำไมมันดูเป็นเมืองที่พัฒณาแล้วนินาาาาา,0
น่าใส่มาก55555,0
เย้ๆแฟนจะซื้อให้5555,0
ก็ซื้อแบบขำๆอะค่ะที่บ้านรวยมาก...คร้า..ก็แค่รองเท้าแตะก็คู่ละเป็นหมื่นแล้ว..??????ถ้าแบนด์เราดังทุกอย่างเป็นไปได้,0
วันนี้งานหลุดจองยังมีอีกนะคะมีทั้งรองเท้ากระเป๋าเสื้อผ้าตัวไหนที่กลุดจองแม่ค้าปล่อยถูกกว่านั้นอีกค่ะ,0
ไม่เคยจะอยากได้เลยจริงๆๆๆๆๆนะ,0
กูจัดเองก็มึงด่ากูจังเลยอะ55555,0
สมจัยเลยไหม...กะลังอยากได้รองเท้าใหม่พอดี...ตื่นเช้ามาน้องหมากัดขาดจร้า...รุ้จัยมี๊จริมๆ??????,0
โสดๆแบบพี่ไม่ต้องมีใครเปย์พี่เปย์ตัวเอง??,0
มาคะ..หลุดจองรองเท้าแบรนด์แท้มือ2,0
พูดมาซะขนาดนี้เอารองเท้าตบหน้าพี่เลยมั้ยฮะ(?),0
เมื่อแฟนถามว่าซื้อตู้รองเท้ามาอีกอันมั้ย????รองเท้าไม่เยอะเลยของมันต้องมี,0
เจ้านายบอกว่ารองเท้าที่ซื้อเมื่อวันก่อนแค่6คู่กลัวจะใส่ไม่พอ....เลยต้องซื้อให้เพิ่ม,0
การนำเสนอคุ้นๆแซลมอนชิมิรพ.กรุงเทพอีกแล้ว,0
พรุ่งนี้ใส่ชุดนักศึกษารองเท้าส้นสูงเลิศค่ะ,0
ขอโทษค่ะใช่อาจารย์บอลหรือเปล่าคะนี่คือคำถามก่อนที่ผมจะมองตัวเองตั้งแต่รองเท้าแตะยันเสื้อที่ใส่หรือเป็นเพราะใบหน้าอันอ่อนเยาว์,0
มีด้วยเหรอที่แบบนี้ปกติไประนองจะกี่ครั้ง...ก็ไปได้ไกลสุดก็แค่ร้านทำผมใกล้โรงแรม,0
ใส่รองเท้าผิดเบอร์ยังพอทนแต่ใสจัยผิดคนมันเสียเวลา,0
ไม่ค่อยแม่นแต่ไม่รอดค่ะหมอนิ่มไอดอล,0
เงินหลายมาใช้เงิน,0
ทำใมมันร้อนจัง????,0
ผอมลงเมื่อไรจะไปเหมาเสื้อผ้าแพตตินัมเลยคร่า,0
ล่าสุด..อ้าวเห้ย??????ชอบแอดเพื่อนคนนมใหญ่??????,0
ซื้อ1แถม1.ซื้อสปีดบูมพร้อมโอนแถมฟรีสบู่ออนนี่นมโต,0
พี่ไม่อ้วนแต่ว่าน้องเตี้ยเราควรไปดื่มนม,0
น้องโกรธแม่จนน้องไปนอนหลับเองเลยไม่กินนมหลับเองเลย,0
เฮียไส่เนื้อเพลงไห้เยอะมากกก,0
เกิดมามีกรรมหน้ากลมนมยังโตอีก,0
สำหรับคนมีปัญหาตามนี้??????สุ่มแจกไปเลยค่ะ...พวกชอบแสปมเฟสคนอื่นไปเลยค่ะ,0
แชตนี่แต้งจนอ่านไม่ทันอ่ะ..,0
กูนมใหญ่สุด555+??????,0
ไม่ซิ่งค่ะเพื่อนกูขับนิ่มมากก???,0
มีวิธีให้แฟนหยุดติดเกมส์หันมาติดเราไหมข่ะ!หรือต้องไปทำนมใหญ่หุ่นดีๆเบื่อผัว??????,0
มีตังใบบช.เหลือเท่านี้อยากได้กระเป๋างานพรีเมี่ยมสัก10ใบร้านใหนมีลงเลยคะ,0
ตัวจิงนมเล็กแต่ในเกมส์นมใหญ่กูถือว่าผิดกูเลิกเล่น??,0
หอมกลิ่น????นมคุนแม่ลูกอ่อน??????,0
เราจะเติบโตมาอย่างมีคุณภาพะนางชื่อนมเปรี้ยว,0
มีเงินสักล้านนะจะไว้ผมยาวผ่าหลี่ทำนมแม้งเลย!!,0
นมเล็กนมใหญ่ไม่สำคัญเราเดินจับมือกันไม่ได้จับนมสปอร์นเซอร์,0
วันจันทร์ที่เเสนมีความสุข??????,0
เมารถ??พี่หนูขับรถนิ่มมากโคตรเหวี่ยง,0
คิดเถิงยายพอจะถ่ายรูปยายบอกมะมีนมใหญ่ๆ??????,0
บอกให้ถ่ายรูปหลานส่งมาให้!!เอิ่มแต่ละรูปดูสวยมว๊ากกกนอนกินนมได้ทุกท่าคราฟหึหึเด็กดื้อคิดถึงงงง,0
นี้มันแก้มหรือตูดทำไหมนุ่มแท้55,0
ขอบคุนตากล้อง??????ถ่ายออกมาได้ดีมว้ากกกกก,0
แชทเงียบคุยได้น้าตลอด24ชั่วโมงน้ากูคุยมั่งแล้วจะรุ้สึก,0
บอกแม่ค้าว่าเอาไม่กรอบมากนะพี่!!เอ่อแต่แบบนี้มันนิ่มไปปปปปป????,0
วันนี้โดนหัวหน้าไอทีด่าแถมลูกค้ายังคอมเพลนอีกชีวิตฉันมันชั่งสวยงานมจริงๆ,0
โสดไปดิ!!??????า,0
ขอบคุณที่ขายบัตรวันเดียวกันนัมจูฮยอก/??127????,0
อร่อยยสัส.??????,0
แม่ไม่ให้ทำซื้อทองหมดเลยชะนีนมน้อย??,0
กินเหล้าสีมันบ่เมาแดกแม่งเหล้าขาวนิแม่งเลย,0
โอ้ยยยจะเเม่นม่วน555,0
ตกจนท่วมถนมบ้านเลยค่ะ5555,0
โสดดดดด.ได้ใจจริงๆ.555555+,0
ดึกๆอากาศกำลังดีเลยพาอันนามาขับรถเล่น,0
เป็นคนตั้งใจเรียนมาก??????,0
??ไม่แตกก็แดกไม่หยุด....,0
แค่ปิดเนตนอนม่โกดส่ะหน่อย,0
ไม่ใครคบซดกันสองคนเลย,0
รู้สึกว่าผอมไป??????,0
ขับรถนิ่มมากเลยค่ะ,0
โอ้ยย..รุ้จักคำว่า.ไหม??????,0
ดูจากฟอร์มแล้วน่าจะแพ้เบิร์นลี่ย์กับเลสเตอร์ที่เหลือกินนิ่ม,0
โชว์บั้นท้ายแปลกๆใหญ่ผิดรูปลงไอจีหรือนางจะไปทำไรมา?ก่อนหน้านี้ก็เคยอัพรูปคู่หมอศัลยที่เคยทำนมให้,0
อากาศ!!มันดีคนข้างๆก็เลยไม่สำคัญ5555กินนมแล้วไปนอนซะ,0
ถ้ามึงไม่รู้จักโตขอแนะนำให้มึงกลับไปแดกนมแม่เหอ,0
เลิกดื่มเหล้าหันกลับมาดื่มนมไปเค้าก็ไม่เห็นค่าหันกลับมาดูแลตัวเองดีกว่า,0
พอร์ตเทรตเดี๋ยวนี้ถ่ายง่ายจะตายแค่มีนางแบบสวยๆถ่ายเน้นนมเยอะๆไลค์กระจาย,0
เอ่อเพื่อนกูตึงดีเที่ยวแต่ละทีชวนกูตลอดดด??????,0
นุ่มลิ้นละลายในปากไม่ต้องอิจฉาไก่ปั่น,0
เป็นรูปที่สวยงาม!!!,0
บรรยากาดดีดี้จ้าา..เย้นมว้าก,0
มีไหล่ให้ซบ..มีนมให้จับ...ถ้าพี่ได้ขยับ..จะทำให้หลับไม่ลง!!!!!,0
ผู้หญิงนมเล็กน่ารักจะตาย,0
คนจองดองไม่โอน^^หลุยส์พีเมี่ยมหนังนิ่มสวยมาก,0
เปลี่ยนความเซ็กซี่ตรงนมมาเป็นพุงได้ไหมถ้าได้กูชนะ,0
ทำไมคนเยอะจังเลย...แง้มๆม่เหนมีใครเลย,0
ตื่นขึ้นมาก็ได้ฟังเสียงอันที่นุ่มนวนของแม่เลย...,0
หน้าบ่คมนมบ่มี^^บ่ต้องถามหาผัวเรยน๊นี่บ่มีคือกันฮรี่ๆ,0
เรามาดื่มนมแก้เครียดดีกว่า,0
ท่าทางว่าตอนแม่ไม่อยู่คงจะซนกันมากเสียพลังงานไปเยอะเสริมด้วยนมแพะกันซะนะเด็กๆ!!!,0
แคปชั่นม่มีคนข้างกายคิดแป๊ปเผื่อใครบ้างคนด้รู้,0
มองแรกๆก็ว่าน่ารัก..พอมองสักพักอ่าวน่าเย็ดดด.อิ้วๆๆชอบดูผู้หญิงโชว์นมดีนัก,0
กินนมอาหารเช้าแล้วฟังข่าวเช้านี้ดีกว่ารออะไรที่ไม่มีจุดหมาย,0
ถ้าเน็ตหอจะเร็วขนาดนี้นะคะตบกันเลยมั้ย555555,0
ดูๆๆทั้งนมทั้งพุงแขนเป็นมัดๆอืหื.น่ากอดจิงๆ??????,0
ชิบหายละไม่ได้จีบหญิงมานานตอนนี้ลืมสเตปเทพไปโดยสิ้นเชิง,0
เมื่อเราไปซื้อโกโก้แล้วบอกว่าใส่นมเยอะๆแม่งใส่โกโก้ครึ่งนมครึ่งเลี่ยนนมๆๆๆๆๆ??,0
เห็นหนังสือประมวลกฎหมาย.แหมมมมันคงนุ่มน่าเอามาเป็นหมอนนอนมากเนาะ.555,0
ก็นะ!!!ใกล้บ้านมากๆแต่ไม่นั่งเท่าไหร่กลิ่นมันลาเวนเดอร์เกินไป-.-,0
บุมอกใหญ่ไงเลยดูอ้วนจิงๆบูมผอมนะฮ่าาาา,0
เฟลนลี่??คนดี??ทำหน้าที่ดี??,0
นั่งเฉยๆไม่เป็นไรมั้งงานม.5ไม่ใช่งานม.6ถุ้ยย,0
ยิ่งนานวันกูนี้ยิ่งผอมมม??แก้มอ่ะเอาไปไว้ที่นมได้ป่ะ????555+,0
ลูกกูใหย่มื้อใด่นี้ล่ะบ่ห่วงดอกคนยุบ้านน่ะไปแรวกูสิไปเรยคันบ่ตายกูสิบ่กลับมาบ้านเบื่อๆๆๆๆ,0
หมดแรงแล้วคัฝเหนื่อยมากๆวันนี่มีอีกป่างงาน...,0
รถนิ่มมากคอแทบหักกะตุกๆๆๆๆๆ??,0
เรามันผิดเองล่ะที่เป็นฝ่ายเอาแต่จัยตัวเอง,0
ทีฟองนี่ข่วนหน้าตัวเองเลยคับคุณแม่ให้กินนมช้า,0
เซเว่นหนองจิกไม่มีนมรสเลยเหรอวะแม่งน่าๆเผามันทิ้,0
คือหิวให้แฟนซื้อนมกับขนมปังมาให้ดูมันสาสสสส,0
ลองมาคบกันดูไหมจะได้รู้ว่าแก้วกี้อ้ะนมเล็กกกก!!????,0
ให้นมมาซะไม่กล้าดูดเลยกลัวอิ่มกลัวกินไม่หมด,0
ถ้าคุนมรึงจะย่ำขนาดนี้แนะนำให้เอามีดมาแทงขากันเลยดีกว่าเหอะๆ,0
แฟนเมออนมีรัยทักได้น่ะ??,0
น้ำหนักขึ้นเรื่อยๆจาก46กก.ตอนนี้51กก.โอ้วคุนพระ!!ยอดเยี่ยมไปเลยสัส,0
ทำไมเห็นมีแต่คนโพสต์รูปลงโชว์แต่นมรองโพสต์ลงโชว์บ้างสิมันจะเป็นยังไง555,0
เข้าสู่โหมดรักษาสิวเม็ดเท่านมกูเลยห่า,0
"ไม่มีเวลา-โทรหา-แต่....มีเวลา""เล่นเฟส""????โคตรรักเลยยย..(แห้ง)????",0
ใส่น้อยไปนะ,0
เงินยิ่งหายากๆวันนี้ก็ไม่ได้ไปทำงานเลยดีแล้วอีฟทำต่อไปเย้,0
ช่วงนี้นอนน้อยยย...ขอบตา...เรยยขาวววฮ่าๆปทะมอยยยเริ่มบ้าละ,0
นมเล็กจังอิวะ,0
ถึงล่ะที่นอนอันแสนนุ่มและอบอุ่น555,0
ออนม่ทักตลอดแฟกูมันรักกูมากค่ะ,0
เริกกินเหล้าแร้วมากินนมนุ้วแทนม้ะพิ้??555555,0
เป็นคนจมูกดีคะแยกกลิ่นน้ำยาปรับผ้านุ่มซองแบบเดียวกันได้ถึง2กลิ่นจะเก่งไปหนายยยยยย,0
ทะเลาะกันทะเลาะกันกับเรื่องเล็กๆก็สนุกดี,0
จูไม่ต้องรีบนิ่มกะนุ้ยรออยู่1ทุ่ม,0
นมสดคาราเมลคาราเมลราดให้เยอะมากค่ะช๊อบบชอบ,0
เห้อไม่เห้นมีใครมาเลย!!คนเยอะสาส??????,0
"ถึงบ้านและ...!!!แม่บอกว่ายุบ้านมั้งก็ได้มั้ง""คุณลูก""ฝนดี??",0
เป็นไงบ้างใกล้ตายยังได้ยินแล้วชื่นใจจิง,0
ไม่พอใจอะไร..บอกกูได้อย่ามาพูด,0
เงียบเน้อ!!!,0
นมไม่มีมีแต่ตัง,0
ชีวิตแฮปปี้ขนาดนมจืดยังหวาน,0
ด้วยความตะกละอยากกินเยอะๆแวะซื้อนมมนต์กีอนกลับบ้านสรุปขุ่นพี่หนีเที่ยวขุ่นลูกหลับคารถต้องมานั่งกินคนเดียวคลีนนะคะ,0
ไม่มีไหร่ไห้เทอซบ...มีแต่นมไห้เทอไซร้อดีตก็ควรลบ...ถ้าจะคบกะปัจจุบัน,0
คนขับรถส่วนตั๊วส่วนตัว...ขับนิ่มมากก..,0
มนุษย์นมแม่...ช่วงนี้นอนเต็มอิ่มมากกกกก!!!ป่านนั้นน้ำหนักก็ไม่ลด,0
"อยากสวยจะทำหน้ากัวเจบ..ทำนมกูเมาเลือด>>ฉีดกลูตากูกัวเข็มงั้น!!!นั่งน่าหักตัวดำนมแบนยุ่แบบนี้แหระโอเคแร้ว??????
กินนมเย็นๆ
เป็นผู้หญิงยุคใหม่""___พุงต้องใหญ่กว่านม?...หราาาา??ฮึมมมมม!!??????ดีออก?",0
หน้ายังงี้ไงโสด...งานม่มากเรย,0
ประชิดนมกูละแสรดดด??ไลแง้วไลแง้วหวัดดีเช้า??????,0
โปรโมชั่นมีครั้งเดียวคนเดียวใครว่างไปกินเค้กกับเราติดต่อหลังไมล์ด่วนๆๆ,0
??โสดคะโสดดดด.....??????,0
แร้วได้ไรวะกูเจ็บยุคนเดียวบ้าแท้,0
ข้าวเที่ยงยังไม่กินจ้าดีงามวันนี้ได้กินนมกล่องนึงไอติมไม้นึงคงอิ่มไปอีกนาน??????,0
หน่วยข่าวกรองบอกว่าม.6ไปทัศนศึกษาวันที่9มกราคม2558ฟาร์มนมที่มวกเหล็กสระบุรีไกลจุง!,0
นอนม่หลับ..หนาวเกิ้นนนนนน,0
หนาวมาก.????อีดอก,0
อยากทำแต่งต้องนมใหญ่หน้าสวยโห้ววกูนี้มีคุณสมบัติครบเลย555555,0
อั๋นชอบขอตังแม่สิบบาทไปซื้อนมเปรี้ยวทุกคืนแม่ทนไม่ไหวถึงกับซื้อยกลังมาให้อั๋นเลยครับแม่บอกรู้จักมั้ยแบบนี้ลูกชอบจัง555555,0
อยากกินเฉาก๊วยนมสดตอนนี้!!!ที่ไหนอร่อยๆๆๆๆๆแม่บอกลูกแก้มตอบไปนะช่วงนี้,0
ตั้งแต่6โมงเช้าถึง6โมงเย็นพี่ภูมิกินนมไป20ออนซ์นอนครั้งนี้ครั้งที่3นอนเยอะจังลูก,0
กูก็โสดเม้นโสดเจอกันน่าวอลจุฟๆ..!?,0
เขาบอกว่ามือลอกจะรวยแต่ประทานโทษเถอะลอกมาชาติกว่าล่ะก็ยังเหมือนเดิ๊มมลอกอย่างน่าเกลียดน่ากลัวด้วยสากมากๆเป็นผู้หญิงที่มีมือนุ่มน่าจับที่สุดใน18โลกกกกกก,0
เป้งแฟนพี่ต้องอดทนสาวๆเดินชนจับนมเม้งเลย,0
ถึงแล้วๆๆเกือบอวกเลยรถนิ่มมากขอบคุณผู้ร่วมเดินทางจุจุจุ,0
น้ำผึ้งงงมากกกกกก.....แดกหมดถ้วยก็รู้สึกเหมือนเดิมนมบูดนั้นแหละอร่อยยยไหมก็อร่อยแต่อร่อยแบบโยเกิร์ตโนน้ำผึ้ง!!!!!,0
.ปีนี่สงกรานต์หน้าเล่นกว่าทุกปี,0
"น่ะเพลานี้...23:40อย่าถามว่าง่วงไหม...?เพราะตอนนี้ลาเต้+ชานมตั้งแต่กลางวันกำลังได้ที่""ตาตั้งเลยคร้า""ของเขาดีจริงๆๆคืนนี้น่ะหรอยาวไปๆๆ",0
จีบด้ายเเฟนไม่รักอีดอก_คุณัญญา,0
ชอบกดติดตามสาวๆที่ชอบโชว์นมดีนักถ้ากูแก้ผ้าโชว์มึงจะคิดยังไง,0
50ไลค์เด่วอัพรุปเด็ดๆให้ดูเด่วอัพรุปโชว์นมผ.,0
หน้าตานิ่มิอยากจิพุดขนาดหมาเหนหมายังเดินหนีเลย,0
ฝันดีค่าบ'บนมใหญ่เป็นร้อยนมน้อยค่อยๆทะยอย,0
"ขอบคุณช่างตัดผมมากน่ะคร้า""ตัดได้สวยยยยมาก""'()**&%--""/%*+'!",0
แต่งตัวแล้วกินนมนอนนะลูก.เอิ้กกกกกกรู้สึกดี_เมื่อวานทะเลาะกันวันนี้ขอเงินใช้ช่างเป็นลูกที่ดีจังนะ,0
วันนี้ได้ไปรพ.รามาธิบดีมาได้มีโอกาศได้ขึ้นรถตู้มีนบุรี-อนุสาวรีย์ชัยสมรภูมิรถเมย์สาย8อยากบอกว่าขับนิ่มมากกกกกกไม่รีบร้อนเลยซักนิสสสสสส,0
วันก่อนหัวกระแทกประตูหน้าห้องน้ำขึ้นรถหัวกระแทกประตูสองวันติดชีวิตคือดีเอามือคลำดูเออทำไมมันน้วมๆบวมๆนิ่มเออดีเจ็บลึกดีไปหมดละสมองกู????,0
ดื่มทุกวันก็สูงขึ้นนิโห!!!ไม่น่าเชื่อแฮะดีดี๊เนาะ(นมโคสด),0
ตั้งไว้ดูเล่นไม่กินนมหวานนโว้ยยยย,0
สอบ-แง๊ะชิวชิว5555ถุย,0
อาหารที่รพ.อร่อยยมากกกก*0*,0
อยากจีบจีบได้แฟนไม่รัก,0
ฝรรดีนะน้องนิ่ม(แข้วน้อย)พรุ่งนี้ตื่นแต่เช้าไปร.รนะแล้วเจอกัน8:00แล้วเราจะไปร.รแต่เช้าด้วยกันโอเคไม,0
ไปซื้อชั้นในแม่ค้ามองนมแระบอกว่าน้องตรงโน้นค่ะไซด์เล็กห่ามึงเอ้ย!โมโหเรยซื้อไซด์34ช่างถั่ว,0
อยากทำนมทำดั้งทำสูงทำหน้าทำทั้งตัว!!!,0
เข้าไปในผับมีแต่ผช.หล่อๆ-คือแต่งตัวอยู่บ้าน.นมก็ม่มี.เฮ้อออ!แฟนไม่รัก.:(,0
ชีวิตดี๊ดี;),0
กำลังจะอ้าปากร้องเพลงแต่ลืมกูอยู่บนรถทัวร์คือเบาะนุ่มมีมาตรฐานแอร์หนาวจัดบวกกับถนนที่มีความเรียบเนียนยิ่งกว่ากระดาษเอสี่ดับเบิ้ลเอให้ความรู้สึกได้กอดอกแม่อันอบอุ่นและเตียงนุ่มๆที่มีเธอคอยนอนข้างๆ,0
โสดนะแกใครบางคนนะ,0
"ให้อยากแนะนำให้น้องพูดตอนขายว่า""ไอ่สัดหมาพวกมึงมาแดกนมเปรี้ยวระยำนี่สิวะเหย็บแหม้งห่ามามาแดก""น้องจะดังได้ทุนแข่งว่ายน้ำไปถึงดาวอังคารเลยนะเว้ย",0
เจ้บคองั้นหรอ...ค่อยดูจะไปกินนมปั่นให้ตายกันไปข้างหนึ่งเลย.,0
โถ้อิสัสมึงคิดว่าเฟสกูเป็นตลาดนัดหรือไงแท็คอยู่นั้นแหละบางคนก็ขายของนมใหญ่อิชิบหายแท็คจนกูมีนมให้มึงละ,0
แฟนเเม้งไม่สนใจ!อยากกินนมก็ไม่ซื้อให้:(,0
วันนี้ขอสุดท้ายแล้วเมาจนฟิวขาดแปป5555.,0
เอิ่มแบบว่าป้านิ่มฝากบักแอปเปิ้ลให้น้องนิว(ลูกใหญ่มาก),0
"สวยแต่หยิ่ง(ลอยลอยย"":^:""",0
"-อย่าคิดที่จะกัน:'(""ไม่ชอบเดี๋ยวมึงก็จากไป</3กูรู้""",0
กูป่าววว่ะแต่กูไม่แคร555555+:),0
เอามือไปแช่น้ำยาปรับผ้านุ่มมามือนุ๊มนุ่ม...555+...,0
ต้องย้อม2รอบเพื่อกลบน้องแดงงงงผมนุ่มเหมือนปัดบรัชออนเลยคะ..,0
ทำไมตอนเรียนคณิตตอนม.ปลายไม่เข้าใจเหมือนตอนนี้นะ,0
ดินญี่ปุ่นขาวนุ่มเหมือนเดิมแต่....กลิ่น!!!!มันช่างหอมนัก,0
จะไปทำนมข้างละ900ซีซีชนะเอมี่เย่!!,0
สำคัญเบาะนุ่มมึง!!!สำคัญเบาะ..''^555สำคัญเนาะมึง..,0
โกดมั้ย???!ถ้าตามใจปากอยากบอกว่า'ชอบเทอ'<3ไลค์ดิสุ่มตั้งสถานะสุ่มจีบ^^,0
ตั้งจัยเรียนมากกก^..^,0
มีคนบอกว่านึกว่ามาร์เป็นผู้ชายผู่ชายไรจะมีนมหละ?ดูให้เต็มตา,0
การบ้าน'เคมี!!คือร้ะ?><โคตรง่ายเลยยย555555!!,0
ตอนไปนครพนมบินกับกัปตันบินนิ่มมากค่ะดูจากผู้โดยสารสิคะ,0
บังทำโรตีอร่อยเนื้อเเป้งเข้มข้นนุ่มหนึบหนับอร่อยจริงๆจ้าา,0
เข้าอะเมซอนทีแทบล้มละลายชาเขียวปั่นชอคหน้านิ่มบราวนี่กินเเบบนี้คือดีกินเเล้วไม่อ้วน,0
กูจะเลวให้ถึงที่สุดอย่างที่กูว่าไว้!!!!เอิ๊กๆๆ,0
เป็นพระนี่ดีเนาะ'สั่งนมได้นมสั่งขนมปังได้ขนมปัง'แหม่'ดีนะไม่สั่งโจ๊กมาม่าใส่ไข่ด้วย555',0
ชิดชนกยัยซื่อยัยเซ่อยัยบื่อมันรวมยุในตัวชั้นชัดๆไม่มีอะรัยดีซักอย่าง,0
ผู้หญิงนมเล็กอ้วนดำเตี้ยมีเสน่ท์ที่สุด..!!><'55555,0
ก้าเนอะ!ช้านม่เอาเทอหรอกเทอสวยเกินปัย!!5555,0
รู้สึกดีมะมะโลยแฟนโทรบอกตลอดเลยถึงแล้วแวะนู้นแวะนี่ดีจังเลย,0
กั้งตกยากเก็บตังค์จ่ายค่านมลูกพรุ่งนี้พิสุทธิ์ด้วยไม่ดูแลเมียปล่อยให้เมียอดอยาก^_^,0
วันนึงกรูรวยจะซื้อเหล้าแดรกแทนนมไปเลยต้องเหล้าเท่านั้น!!ที่ผ่านมามันคืออะไร,0
เค้าขอโทษน๊าแงๆๆๆๆ:(,0
"แม่บอกว่า""กินนมเยอะๆจะได้โตไวๆ""เลยบอกแม่ไปว่า""มันเลยเกณฑ์แล้ว""",0
เหงาวันไหนโทมานะคนดี,0
ส่ำ3กูบ่สะออนมึงดอก!!คลื่นจักขีดก็บ่ต้องโผล่มาให้เห็น..!!รอนานเกินกว่าจะขึ้น3,0
สวัสดีวันจันทร์ที่เเสนมุ้งมิ้ง,0
ชีวิตใช้สิทธิความเหงา,0
ถนนพังเป็นหลุมเป็นบ่อจนชาวบ้านถึงขั้นนุ่งผ้าถุงมาอาบน้ำกันเลย,0
พลิกวิกฤตเป็นโอกาส,0
เดี๋ยวๆนะแบบนี้เรียกว่าพลิกวิกฤตให้เป็นโอกาสได้มั้ย?,0
7กม.ใช้เวลา30นาทีสาวนอนแช่น้ำกลางถนน,0
ขับรถเข้าหัวหินเเต่เช้าเลย??อากาศดี๊ดี????ถนนโล๊งโลง????,0
ถนนโล่งดี??มาจ่ายค่าเทอมแบบมึนๆมาถึงเจอประชุมผู้ปกครองเด็กม.ต้นอีกวุ่นวายดี??,0
เช้านี้ใครๆก็สดชื่น!!!!!!ถนนก็โล่งงงงงง,0
ได้เบี้ยพิการกันไป..ทะเลาะกันก็ใจเย็นๆค่อยๆคุยกัน,0
ถนนดีจัง??????,0
รถไม่ค่อยติดเลยถนนโล่งชิบหายรถสักคันแทบไม่มี.????,0
ขอบคุณสำหรับถนนดาวอังคารทางเข้าหมู่บ้าน??อย่างแรงน๊อตหาย10ตัวจ๋าช้วงล่าง,0
ถนนแคบแบบนี้จอดซ้อนคันทำไมครับ555555.,0
คถ.ใต้ตึก2ที่ซึ่งลมโบกพัดพริ้วที่สุดในรร.,0
เหมือนเค้าจะอนุรักษ์ไว้เป็นสถานที่ท่องเที่ยวสุดแปลกของจังหวัดมหาสารคามนะครับหลุมดาวอังคารจำลอง,0
ถ้ากรูต้มปลาร้ามึงจะไม่ฆ่ากรูยกครัวเลยเหรอว่ะคนสมัยนี้ใจคอ,0
ชาวบ้านต.นาท่ามเหนือจ.ตรังรวมตัวกันปลูกต้นมะพร้าวบนถนนทางเข้าหมู่บ้านเพื่อหน่วยงานรัฐที่ไม่เข้าไปปรับปรุงแก้ไขสภาพผิวถนนจนชาวบ้านต้องประสบกับปัญหาความเดือดร้อนมานานกว่า30ปีข่าวช่อง8ตรังปลูกต้นมะพร้าว,0
ร้อนแบบนี้น่าถอดเสื้อไปนอนกะถนนราดยางเนอะ,0
มอไซต์ห้ามผ่านถ้ารถยนต์ชนได้เลยก็เล่นติดไฟสปอร์ตไลท์สว่างตลอดทางซะขนาดนั้นโจรมันก็กลัวสิครับถนนสร้างจนจะเก่าละไฟส่องสว่างยังไม่มีเลย,0
????สวัสดีประเทศกรุงเทพแดงๆนี่คือถนนโล่งนะ??ไทยโอนลี่จราจรไทยโอนลี่,0
โปรโมทถนนเข้าหมู่บ้าน??,0
เหมาะกับถนนวิทยุสุดหรือตึกมหานครดี555555,0
แค่นี้เองแบกออกและข้ามไปหน้าถนนใหญ่คงจิ๊บๆ,0
วันศุกร์แว้ววววเร็วจังอาทิตย์นี้อยากทำงานอีกสัก2วันอ่ะอิอิ,0
ดูหนังเสดขับรถกลับห้องถนนเต็มไปด้วย(เด็กเเว้น)ถ้าขี่มอไซจะเเว้นตามเท่มากๆเลย,0
ใจเย็นก็ได้พี่เดียวงบซ่อมถนนก็มาถึงแล้ว,0
ถนนสุรินทร์ไม่ว่าเส้นไหนก็น่าขับขี่เดินทางสบายคลายกังวล,0
ค่อยๆมาช่วงนี้ฝนตกถนนลื่นระวังหน่อยละกัน??,0
เลื่อยๆคร้า.ถนนโล่งมาก??????,0
อยากแก้ผ้าแร้วเดินกลางถนนร้อนไหรพันนี้สุราด,0
ถนนโล่งมาก??การจราจรไม่ติดขัด??คงจะถึงบ้านไม่ดึกเท่าไหร่!!??,0
ใครอยากไปไปดิ,0
อากาศเย็นสบายจัง??หิมะตกเต็มท้องถนน??ดาวตกอีกต่างหาก,0
เอ้า!!ชนกูเลยก็ด้ายกูข้ามถนนไม่เก่งชนกูเล้ย!!,0
ถนนโล้งงโล่งงง??????คงจะถึงบ้านเที่ยงคืนอ่ะ,0
คบกูกูถามจริ๊ง??????,0
เมื่อคืนนั่งจับปลาบนถนนสนุกจังท่อระบายน้ำ,0
ถนนว่างมากเล๊ยยยยย,0
รักชีวิตบนถนนนนนนชอบนอนบนรถรถติดดดดดดด,0
วะฮ้าาาๆ.วาเลนไทน์ใครสนว้ะไปเล่นกับหมาแมวข้างถนน.ยังหนุกกว่าสัสๆ,0
น้ำท่วมหราไม่ต้องกลัวเรามีเรื่อดำน้ำจีน...โครงการถนนไร้ฝุ่นนี้ไ??????,0
อันนี้หรือป่าวใช่อันนี้เหรออออออที่เธอชอบบบบบบ,0
ไม่พอใจถนนประเทศไทยก็ย้ายไปอยู่ประเทศอื่น,0
ถนนดีจังเลยไม่มีรถเต็มถนนนนนนเล้ยยยยย,0
บ้านใด๋มีหลุ่มมีบ่อกะบอกเด้อสิไปถ่ายรูปลงเฟซบุ๊ค,0
ที่มาเพราะรักกัน??หรือมาเพราะ555+++,0
อยากคนไทยมีแต่รถเก๋งอยู่ยากขึ้นทุกวันประเทศ....,0
เบื่อรถติดต่อให้สร้างถนนทุกตารางมิลลิเมตรทั่วพื้นดินรถมันก็ติดอยู่ดีแหละเชื่อมีนป่ะ,0
เสียงปลุกช่างน่ารักจริงๆแต่เช้าเลยค่ะเจาะถนน????,0
ถนนเเจ้งวัฒนะรถไม่ติดเลย,0
นี่กูต้องแชร์ด้วยป่าวเดี๋ยวเค้าไม่รู้ว่าจบจากที่นี่5555ตบหน้าใครขออภัยอีกที,0
ตราบใดที่ถนนยังไม่ราบเรียบ...!ปัญหา.ชีวิตจะเพียบก็คงไม่เเปลก..??????.,0
ฝนตกกำลังดีเหมาะแก่การเลี้ยงปลาหน้าซอยอีกทั้งยังเหมาะแก่การนั่งเรือไปตามท้องถนน,0
ถนนโล่งมาก!!!!!!รถวิ่งปรื้ดไม่ติดเลยอ๊ากกกกกจอดนิ่งๆนานๆ,0
ถ้าคิดว่าถนนนี้เป็นของคุณก็เชิญยืนขวางการจราจรเลยค่ะ(ยืนเม้าส์กันมันเลยนะค้าฟป้าโด่),0
คนที่ข้ามถนนไปด้วยคุยโทรศัพท์ไปด้วยแถมยังเดินชิวๆสุดยอดจริง,0
เมืองไทยทำไม่ได้นะครับเพราะถนนเมืองไทยไม่มีริมถนนข้างทาง,0
นอน.ๆๆๆรองาน12.15นนอนมันข้างถนนนี่แหละ,0
.??ถนนบ้านฟากเลยผมว่าจัดแข่ง.ได้เลย..ต่างชาติมาพอดีมีสนามให้เขาแข่งละ....มอไซร์ขับไวมากทุกวัน??,0
อยากสวยต้องอดทนค่ะ555,0
เกาะกลอยมีปิดถนนขายของเหรอติดกี่รอบจำไม่ได้เขียนคิ้วแง่ง,0
ถนนไร้ฝุ่นแต่ไม่ไร้หลุมด้วยการอาบน้ำกันเลยทีเดียว555555,0
ถนนกรุงเทพน่าปั่นเหลือเกิน??????,0
"กบินทร์บุรีถนนสายมิตร-เขาไม้แก้ว""ปลูกต้นไม้จับปลาทอดแหดำน้ำดูปะการัง""",0
พ่อแม่พี่น้องออเดอร์ทักแชทนคะขอซิ่งแปบกรุงเทพเมืองถนนโล่ง,0
ชีวิตคนเมืองที่ใครหลายๆคนอิจฉาแลกกันก็ได้นะได้เห็นไฟสวยๆราวสร้อยไข่มุกเต็มถนนเลย,0
ศิลปะการปะถนนของประเทศเรานั้นต้องขอบอกว่าไม่แพ้ชาติใดในโลกครับ??????,0
หืมมมมมม!!รถก็แน่นถนนคนก็แน่นป้ายรถเมล์น้ำก็ท่วมขังชีวิตสโลไลฟ์มากๆ,0
จบทริปหยุดยาว_ด้วยติดยาวสนุกจังแล้วมาติดอยู่บนถนนด้วยกันอีกนะคะ,0
อุ้ยวิ่งรอบถนนโรงเรียน3รอบชิวมากเล้ยยยย,0
ตกร่องพอดีมีถนนกับน่าจะเป็นคันนารองรับแตกแรงยังรู้เลยว่าบารมีท่านพ่อคล้าย,0
อัลฮัมดุลลิละห์ถึงที่หมายอย่างปลอดภัยบนถนนเหมือนไม่ใช่ถนนรถเยอะมาก,0
ทำมาหากินต่อปายยยยยย!!!วันนี้ขายของถนนคนเดินมฟลเน้อจ้าวววววหวยก่ะบะถูกกิ๋นจิ้นดีกว่าอั้ยคึ!,0
ปะแอ่วถนนคนเดิน^^,0
โดดเด่นเป็นขยะชิ้นเดี่ยวๆบนขอบถนนที่บาเซิลสงสัยคนสวิสเพิ่งไปเที่ยวไทยแล้วติดกระเป๋ามาเลยโยนทิ้งไว้....ชุ่ยแบบนี้ฝรั่งแน่นอน,0
หมีตื่นเช้าเพื่อมาใช้ชีวิตในรถเมล์อยุ่บนถนนลาดพร้าวเป็นถนนที่โด่งดังในเรื่องของความชิวล์(รถไม่ติดอากาศดีผู้คนน่ารักมีแลนด์มาร์คเป็นเดอะฟาด8เมล์นรก),0
คนจนอย่างเราขึ้นรถเมย์กินข้าวข้างถนนเสื้อผ้า69บาทกินกาแฟ7-11จะมีใครสนใจจะมีใครรักเจียมตัวเถอะนะเรา(น้อยเนื้อต่ำใจ)555,0
อะไรที่จะแก้ไขคำว่าพะเยาเมืองผ่านงั้นแก้ไขทุบถนนที่เดินทางง่ายๆออกแล้วตั้งด่านเยอะๆให้จอดตลอดทางมันเป็นแนวคิดพะเยาเมืองต้องผ่าน,0
บ้านพี่เจริญแล้ว..ถนนราดยางราดไปยันประตูบ้าน..จะเปิดประตูทีต้องระวังรถเฉี่ยวหัว..,0
คนที่ไม่ได้ทำงานวันจันทร์นี่น่าสงสารมากเลยคงไม่มีโอกาสได้สัมผัสสภาพท้องถนนบนกทม.ที่โล่งสบายชิวอะไรขนาดนี้น่าสงสารจริมๆ,0
กฎหมายมึงนี่เคร่งครัชมากครับอยากให้ตำรวจเคร่งครัชแบบนี้ทั้งประเทศบ้านเมืองจะได้สงบสุข,0
เปิดประตูไปดูถนนเจอคนเป็นหมื่น??????ดอกไม้ของใครคนอื่นก็มาก็ไปไม่รู้ไม่ชี้??คิ้วสวยอะไรเบอร์นั้น,0
ของพี่มีนิดเดียวพี่ส้มได้กล่าวไว้,0
เราไปดูงานว่าเมืองไทยมีหิมะต้องทำอะไรในอนาคต......,0
ก็นั่นล่ะฮะทั่นผู้ชม...[น่าเสียดายถ้าถีบแรงอีกหน่อยรถเก๋งคว้ำแล้วนะเนี๊ยะ,0
ดีเนอะคนบางคนเดินข้างถนนก็ได้เพื่อนใหม่ละกูนี่...อยู่ในชุมชนแออัดยังไม่รู้จักซักคน.ด้วยการแเดกวนไปอีก,0
แซวคนพิการแถมมาหาเรื่องคนพิการถึงหน้าร้านละก็ฆ่าคนพิการค่ะคุณเก่งมากใจเด็ดจริงๆเลือดนักสู้อยู่ในตัวคุณเยอะมากเลยค่ะ!!,0
สารคามแดนฝุ่นแห่งทุ่งทะเลทรายมมส.เปิดใหม่ใจกลางภาคอีสานแล้ววันนี้.จะเป็นภูมิแพ้แล้วหนิ,0
เจ้าหน้าที่บ้านเขาดูเลวร้ายเนอะสู้บ้านเราไม่ได้เจ้าหน้าที่แม่งโคตรดีวิสัยทัศน์กว้างไกลมือไม้สะอาด,0
งานเข็นรอบเย็นครัช...เข็นไปจนสุดถนนไปกลับ4รอบเเถมเดินวนรอบสนามหมู่บ้าน...ดีค่ะมีความสุข,0
กูไม่ชอบเลยหมีพูไม่ชอบจิงๆน่ะ,0
ประเทศนี้น่าอยู่จังเลย...:,0
ต้องปล่อยให้แม่กูเป็นอย่างงี้ก่อนมั้ง.....ถึงจะมีสิ่งมีชีวิตที่มีหัวใจมาสนใจ(โลกสวยมากูด่ากลับน่ะ!!!),0
อวดแฟนทำเพื่ออะไรเอออวดกันไปเถอะโดนแม่งทิ้งเมื่อไหร่กูจะหัวเราะให้ฟันหักถ้าอยากอวดมากขับรถแห่เลยประกาศไปให้ทั่วท้องถนน,0
สวัสดีเทอมสอง??กระโปรงมันก็จะเล็กลงหน่อยๆ555,0
พี่ขาขาวมากเลยค่ะขนาดยังพับกระโปรง,0
อยากได้กระโปรงนักเรียนแบบยาวลากพื้นอ่ะจะได้ไม่โดนทำโทษ5555????,0
ปั่นกระแสจังเลยรู้ดียังกับมาเรียนที่นี้อยากเห็นหน้าแอดมินจะได้ขอลายเซ็นนั่งจิ๊บกาแฟเบาๆ,0
กระโปรงกางเกง100.-รวมส่ง,0
ผ้าคลุมผมสีขาว.....กับ.....กระโปรงยาวดำผ่าหลัง!!!สวยมากกกกก,0
เสื้อพละ+กระโปรงนักศึกษา=เข้ากันมากค้าาาาา!!!:/,0
..เจ้!!จับหนูใส่กระโปรงไม่ดูเลยนะยิ่งเรียบร้อยๆเมิ้ลผญ.ทั่วไปยุ่ว,0
กระโปรงเนตรนารียาวมากกก????,0
เรียนลูกเสือสนุกจิง..,0
.อาจารย์บอกรุ่นพี่ต้องเป้นแบบอย่างที่ดีให้รุ่นน้อง...คือกระโปรงนักศึกษาเสื้อนักศึกษารองเท้าคัชชูถูกระเบียบเพ555,0
วันนี้คือแบบดี๊ดีกระโปรงก็หลวมรถก็ไม่มารับ????คือแบบดี๊ดี,0
ความรู้สึกแม่งเหี้ยถ้าไม่เหี้ยจิงกูคงไมใส่กระโปรงออกบ้านหรอก.,0
กระโปรงนักเรียนบานดีช๊อบชอบบบบบบ,0
ตายายบอกว่ากระโปรงอ่ะมันยาวไปเอาให้มันเห็นตรูดไปเลย,0
"ไม่ยกแบตเตอรีไปเลยล่ะ""คนเราสมัยนี้นี่นะเล็กๆน้อยๆก็เอาหมด",0
จารบอกกระโปรงสั้น..โถ่ววว!!!พุ่งนี้จะใส่ผ้าถุ่งมาเรียนเเระกัน.,0
ไม่น่าเกิดมาอ้วนเลย,0
พึ่งได้รูปทำงานคืนวัน14กุมภาพันธ์??กระโปรงไม่ค่อยสั้นเลยเนอะ??,0
ว้าายย!!กระโปรงกูหลวม,0
ทำบุญแต่งตัวให้เรียบร้อยกระโปรงกูนี้ยาวจนลากพื้น55555,0
กระโปรงเนตรนารีสั้นไปนะ,0
ซึ้งง้าาาเพื่อนซื้อกระโปรงมาให้2ตัว,0
เพื่อนแซวกระโปรงนักเรียนมึงสั้นไปมั้ยนก555555ตั้งแต่เรียนมาเพิ่งเคยใส่ยาวเลยเข่า??????ตั้ลล้าคคคค??,0
>คอยดูรูปโปร..กระโปรงจะสั้นคอยดู>:)>:),0
วันนี้โดนเพื่อนด่าว่าแรดทั้งวันโล๊ยยยโทษฐานใส่กระโปรงสั่นเกิ๊นนน,0
??วันนี้ใส่กระโปรงไปเรียน;)?????,0
ไม่น่าใส่กระโปรงมันลำบากต่อการใช้ชีวิตมากเลยน่ะ,0
ฝนตก>>ยืนหน้ารร.ครึ่งชม.>>กระเป๋าเป้+กระโปรง+เสื้อ+รองเท้าเปียกหมด!!!รู้สึกดี-..-,0
ถ้าจะเลื่อนไปเรื่ิอยๆแบบนี้ก็ยาวไปปี2570เลยค่ะ,0
“เหมือนมากอย่างกับโคลนนิ่ง”,0
นี่ถ้าที่กินๆทุกวันเป็นวิตามินหรือยาลดความอ้วนนะคิดว่าตัวเองคงผอมสวยเลยอ่ะ????,0
เเฟนเเอคทุกคนกับชางบินน่ารักมากค่ะหยอดทุกคนมีเราคนเดียวค่ะที่ตีกับนางขอบคุณค่ะรู้สึกดีใจ,0
พี่มาร์คเป็นแบบนี้น่ารักจัง????พ่อ:ได้เกรดเท่าไหร่พิ้ง:3.35พ่อ:เทอมที่แล้วได้เท่าไหร่พิ้ง:3.51พ่อ:แสดงว่าเรียนเก่งขึ้นสิ-___-,0
ยงกุกไม่เห็นสดใสเลย??????เล่นเกมส์ทำไมหน้าอมทุกข์จังหึหึ,0
วงกูมีคิซซึครบทุกคนควรดีใจม่ะไหนๆก็ไหนๆเมนคะปิดท้ายสักหน่อยนะจัดหนักๆไปเลยยยย,0
ตื่นเช้ามาก็ปวดแขนเลยสัสโดนทำโทษลืมเอากระเป๋าปากกามาปากกาเพื่อนแต่ละคนก็ดีดีทั้งนั้น,0
หลีดสนุกกว่าชาวบ้านเค้าด,0
ขายใบล่ะ1000ครับถูกๆพอดีติดธุระจับมือต่อไม่ได้เป็นบัตรเพื่อนฝากมาขายต่อครับราคาย่อมเยาว์,0
นี่ก็ยังคิดนะถ้าวันนั้นได้เลือกตั้งวันนี้คงไม่มีค้ามนุษย์..,0
ไฟนอล15ที่แท้จริงเพิ่งวางขายค่ะก่อนหน้านี้แค่เนื้อเรื่องกากๆ,0
นี่เป็นหนังสือที่ขยันรีแพคเกจมากค่ะเปลี่ยนปกมาขายบ่อยมากเว่อมีประมาณร้อยปกได้5555คือติ่งนะแต่ถ้าซื้อหมดนี่ไม่ใช่แค่หมดตัวที่เก็บก็คงไม่มี,0
ประวัติศาสตร์กับภาษาไทยมาอยู่ด้วยกันเยี่ยมจริง,0
ขอบใจที่ยังเห็นกูสำคัญอยู่,0
ขอบคุณที่ไม่มีใครมาคุยกับกู!!!,0
โคตรยอดเยี่ยมเลยว่ะ,0
การผอมว่ายากแล้วมีผัวยากยิ่งกว่า!_!,0
ทำไมไม่แจก3เม็ดอ่ะจะได้มาเติมเศษ7ของเรา55555,0
เดี๋ยวบอกคนอื่นก่อนแล้วจะบอกเธอนะ,0
ม่เหนื่อยไม่ง่วงเท่าไหร่หรอก...ดูจากหน้าได้ค่ะ????,0
คุยกับหญิงแล้วไม่ได้เรื่อง...งั้นกูจะหันไปคุยกับผู้ชายดูความรักควายๆ,0
หม!!อิเน่ยิ้มหน้าบานเลยย555555แฮปปี้มากกสิยุ่นอะ!!5555,0
เด็กจีนวัย11ตัดนิ้วพ่อดุเรื่องเกมพ่อ,0
กูไม่ส่งงานกได้แต่ถ้ากูติด0.อย่ามาด่ากูก็แล้วกันพ่อ!!!,0
ถ้าแฟนผมป่วยตายกรุณามาจีบผมกันด้วยน้าาาพ่อ,0
วันไหนไม่มีการบ้านกูจะนอน3ทุ่มครึ่งให้ดูพ่อ,0
รุ้เกรดไปซื้อหนังสือเป็นของขวัญตัวเอง3เล่ม,0
พ่อไม่ให้ไปรับพ่อบอกมันดึกกกกครั้งหน้ามา6โมงเช้านะพ่อจะได้ไม่ว่า,0
โกรธพ่อว่ะซื้อคอนแพลคข้าวโพดแบบจืดๆมาบอกให้กินกับนมเดี๋ยวกูแดกเพ็ดดีกรีราดนมแม่งเลย,0
จะเล่นคอมไห้พังไปเลยพ่อ-______-,0
เราก็ง่วงแต่พ่อเราบ่นอยู่เราเลยไม่นอน,0
พ่อไม่ให้ไปคอนงอนพ่อยังไงดี?แค่ทำตัวเป็นเด็กเก็บกดนั่งเงียบๆเหมือนไม่มีวิญญาณไม่พูดไม่จากับใครก็แค่นั้น-_-,0
กูไปยกกระติกน้ำร้อนมาไว้บนห้องก่อนจะต้มมาม่าตอนบอลมา555555,0
ได้เบี้ยค่าแชร์ไปซื้อโทรสับใหม่ดีก่า555,0
นั่งเล่นกีตาร์ดูคลิปตั้งแต่เที่ยงถึง6โมงปวดตาสาส--,0
เดี๋ยวจะเล่นให้ตายคาคอมเลย..,0
ถ้าสมมติวันนี้จะไม่ได้ออกจากบ้านนะ?รับรองเลยเหอะตั้งแต่วันพรุ่งนี้เป็นต้นไปจะออกจากบ้านทุกวันเชอะ,0
อารมณ์เสียกูไม่นอนแม่งเล่นเหมือนเค้าจะรู้--,0
พ่อกะให้กูกินข้าวหมูแดงทุกเช้าวันเสาร์เลยป้ะ?ไม่กินแม่มมม,0
ไม่ได้มาเพื่อมานอนดูฝนจะตกให้ท่วมเลยม่ะ,0
13.00เก้าอยู่พารากอน....แต่แสงวันนี้ถ่ายโคตรสวย,0
ฝนตกเยอะะะมากกกกกก,0
หน้าหนาวนี้อย่าพลาดเพลงนะคะ.///////.ถ้ามันหนาวน่ะนะคะ,0
กูใส่กระโปรงเนตรฯเสื้อนร.ไปรึกันแม่ง=______=,0
"ไม่เปลี่ยนละ""ทรงผมพี่ไผ่""นิตัดแมร่งทั้งเทอมเลย555+อยากให้ตัดสั้นดีนัก^^",0
ใช้ได้หลายเดือนเลยแหละ~เจ็ดเรื่องใช่มั้ยหึ,0
กูเข้าใจนิยามของคำว่าผมสั้นแย้วววเท่าติ่งหูเลยค่ะแกชอบด่าดีนัก,0
ชวนเค้าด้วยนะเค้าจะไปแม่งทุกครั้งเลย,0
ครูที่เรียนพิเศษสอนได้ป่วยมากคุ้มกับราคาค่าคอร์สวันนี้ก็เลยไม่ไปเรียนแม่งเลย5555,0
หนูไม่อยากเรียนคาบ3เลย......หนูเบื่อครูสอนวิชานี้ที่สุดบ่นได้บ่นดีสั่งงานวันนี้ส่งวันนี้แต่ละงานที่สั่งก็ง่ายหลือเกิน,0
กินซุชิตอนทำเคมีนี่...อร่อยดีครับ...นั่งหาสมาการของวาซาบิเพลิน,0
ใช่ซี้ห้องเรามันห้องลูกเมียน้อยนี่!!!ณคาบป้าเหลียว,0
ไถข้างแม่ง555555,0
เราเอาบ้างบ๋อน้ำอุ่นน้ำเย็นนิ,0
ปิดเทอมเถอะกูจะทำสีผมแม่งจี้ดดดดแล้วไปเรียนพิเศษกับมัน55555,0
เดี๋ยวลูกจะเอาเท่าคิ้วเลยแม่,0
บอกจี๋ไว้ว่าพุ่งนี้จะจดโพยจีนใส่4แปะกระดาน,0
จากนี้คาบไหนเรียนสังคมเราจะนั่งวาดรูปทุกคาบ!!จะเอาไฮไลท์เขียนแทยอนเลิฟจียอนทุกหน้าด้วย!!!,0
ช่ายพอดีครูบอกอนุรักษ์วัฒนธรรมไทยด้วยนะคะ!,0
ครูขาให้อีกก็ได้นะค่ะการบ้านอ่ะค่ะ,0
คือแบบเวลาคุยโทรศัพท์ที่รรอะ,0
ละพวกเพื่อนก็จะพูดขึ้นมาว่ามึงบุหรี่ถุงยางตกพ่อมึงสิ55555ละก็ต้องมานั่งอธิบายให้แม่ฟังอะ,0
ไอ้พวกบอกว่าโสดแต่ถอดเสื้อครึ่งตัวมีคนถ่ายรูปให้คือร่ะ?,0
สงสารทีสิสรุ่นนี้งานส่งชนกันหมดไม่มีน้องไปช่วยน้องสายที่ว่างก็ไม่ไปช่วยเออกูมันน้องสายดีเด่นแห่งปี2สมัยซ้อน,0
เออชื่อกูมันยากตรงไหน,0
คนอื่นขึ้นเหนือ...ขอสวนกระแสลงใต้แต่บอกเลยแต่งเต็มยังกะขึ้นภู0องศา,0
การไม่มีเหล็กดัดฟันอยู่ในปากทำให้เรากินข้าวอร่อยขึ้น30%จิงๆอ๊าาาาาาอร่อยยยยยย,0
เป็นโรคก็บอกมาเดี๋ยวออกค่ารักษาสติให้นะไม่ต้องเกรงใจผมยินดีครับ--,0
อย่าไห่มีแฟนบ้างนะนี่จะชวนแฟนไปดูหนังทำตัวติดแฟนแม่งเลยใครชวนก็ไม่ไปไหนอ่ะจะยุกับแฟน,0
บ้านรวยบ้านรวยบ้านรวยบ้านรวยบ้านรวยบ้านรวยบ้านรวยบ้านรวย,0
ผู้ชายเป็นเพศที่บอบบางน่าทะนุถนอม,0
ทำไมเด็กสมัยนี้แรงจังอ่ะ^^,0
รับสมัครคนไปเที่ยวด้วยหลายอัตรา,0
อย่าให้กูมีแฟนนะมึงกูจะลืมเพื่อนแม่งให้หมด,0
โสดไม่โสดไม่รู้ลองคบดูดิแล้วจะรู้55,0
เป็นบทสนทนาที่น่ารักมาก555555,0
อ้อหออออออันดับ16ละยังไม่มีคนในความทรงจำเลยอ่อออออสงสัยจะติด1ใน5,0
20นาทีต่อ1เพลงโหยยโครตจะเร็วว,0
นับตั้งแต่วันนี้กูจะลืมทุกอย่าง,0
หายใจเข้าออกเป็นภาษาจีน..-_-,0
โอ้ว!ไม่ได้เปิดเฟสหลายวันรายการแจ้งเตือน1รายการ,0
ขอโทษนะก็ไม่ได้อยากอะไรนักหนาหรอก..แค่อยู่กับกูไม่นอนบ้างได้ไม๊ทีหลังถ้าจะนอนก็บอกจะไม่ไปกวน.,0
ขอบคุณที่มีเวลาให้เพื่อนอย่างเรามากเถอะ,0
สอบมิดเทอม2เสร็จเเล้วฮะน่าอิจฉาจริมๆ,0
วันนึงกินผัดไทหอยแแมลงภู่นิวซีแลนด์แหมให้ใหญ่มากกกกกกให้เยอะมากกกกกก,0
เธอยุ่งกับเค้าเราก็ยุ่งกับเค้า555555,0
มันน่าน้อยใจนะ555555,0
ยืนข้างกันไม่ได้นะเดี๋ยวผิดผี-3-,0
สุระนารีนี่คิดไรได้สร้างสรรค์จริงๆ-_-,0
คำถาม:หิวจำเป็นต้องรีของกินป่ะ?,0
เเม่กูบอกว่าฝนตก20เม็ด55555,0
อยากโดนลิมิตแดกอีกหนุกดีๆๆๆ,0
แล้วแต่ละวิชาเนื้อหาน้อยๆทั้งนั้นไง,0
คือเก่งแล้วไงเลยไม่อ่านหนังสือไง,0
อยู่แล้วสบายจายก็ไม่ต้องกลับ,0
ทั้งวันได้กินข้าวเช้ามื้อเดียวประหยัดค่าอาหารสัสๆ,0
จียงบางทีก็ไม่ต้องทำตามหมดก็ได้นะไอทีพูดไปตอนนั้นอ่ะ=______=;,0
เอ๋ออออทำเป็นเล่นตัวจะไม่รักแล่ว:3,0
คือตอนนี้หลงรักคนเชื้อเจ้าแต่อยากได้ตังทักษิณอ่า,0
บ้าเหรอหล่อจริงๆ555555,0
มองให้เป็นศิลปคงยากสำหรับเพราะสิ่งที่วาดออกมาโคตรศิลป์นะ><,0
ได้ข่าวยังทำเพลงกันอยู่เลยเมื่อคืนถ้าจะธ.ค.คงจะกลาง-ปลายเลยมั้งเนี่ยไม่ก็ม.ค.เลยมั้ยล่ะ?,0
น่าจะจัดวันสำคัญให้โจรใต้เป็นวันหยุดนักขันฤกษ์สักวันนะไหนๆก็ให้ตังค์มีความสำคัญขนาดนี้แล้วควรได้รับการสรรเสริญ,0
คำยินดีคำยินดีคำยินดีคำยินดีคำยินดีคำยินดีคำยินดีคำยินดีคำยินดีคำยินดีคำยินดีคำยินดี,0
แหมกูพึ่งเคยเล่นแท็ค140ตัวสนุกจังเลยอ่ะอ่ะอิอิอิอิ,0
คอมมาร์ตวันแรกคนน้อยเชียวแท็บเล็ตไม่น่าจะขายออกเด็กๆคงรอรับจากรัฐบาล,0
ทำไมบุรินทร์มันหล่อกว่าตูตรงไหน!,0
วันนี้ผมนอนคนเดียวครับ!ฝันดีสาวๆทุกคน,0
เล็บยังแอบแซมสีชมพูอีกนะโหแมนอ่ะ,0
ใครเป็นเคะเมนชั่นมาผมจะฟอลกลับเลยเอาดิ่,0
ฮนี้เป็นเพื่อนที่อายุเท่ากันฮ่ะๆๆๆๆๆๆพ่อเต่าไม่อยู่มีเพื่อนเพิ่มแม่มเลย,0
/มีความอดทนแค่ครึ่งชม.ยอดไปเรย(...),0
ขยันขนาดนี้คงได้เป็นพยาบาลดีเด่นแห่งปีแน่เลย,0
ในไลน์ใครสำคัญก็จะปักหมุดไว้อยู่อันดับๆต้นแต่ไม่รู้จะปักคนไหนก่อนดีสวยและรวยมาก,0
รู้สึกตัวเองไม่เคยเข็ดกับโรคกระเพาะกินข้าวเป็นเวลาขนาดนี้,0
ทะเลาะกะแม่งเอ้ยอยากทำยากไงหละกูจาก60นาทีเสดปาไป3ชม.ครั้งหน้าทำอะนิเมชั่นเลยปะหละ,0
ก็คนมันไม่ใช่อะต่อให้ตายแล้วเกิดใหม่ก็คงไม่ใช่อยู่ดี??,0
อยากเป็กนักแปลแต่ทำคะแนนได้แค่นี้ไปเป็นหีหมาดีกว่ามะ,0
ราชการนี่ต้องการนิติกรทุกหน่วยเลยแหะเดี๋ยวก็ไปต่อโทนิติซะเลย??????,0
รู้สึกตัวเองเป็นคนที่รักษาของดีมากเมื่อวานโทรศัพท์ตกน้ำวันนี้ตกพื้นต่ออออ~~~>~<,0
เป็นทุกอย่างให้เธอแล้ว(รุกรับโบทไบชายหญิง)แม้ว่าเธอไม่เคยเป็นอะไรกับฉันเลย,0
มากินๆๆๆเพิ่มน้ำหนักอีก5ขีดเองต้องถึง50ให้ได้ดิ--,0
ลางสังหรณ์ตัวเองนี่..แม่น!!จริงๆๆๆๆๆๆ,0
ทั้งออฟฟิสมีฉันคนเดียวค่ะวันนี้สบายมากเลยยยยยยอยู่คนเดียว,0
"มีความเสพคลิปน้ำเพลินๆเหลือบดูนาฬิกาตอนนี้ตี2แล้วค่ะต้องตื่น6โมงเช้านี่ก็ไม่รู้ว่าน้ำจะปลุกเรามั้ย?????""",0
พอสอบเสร็จก็รู้สึกว่างเนาะทำไรดีเรา??????555555,0
งานก็มีอ่านหนังสือสอบก็มาแต่ยังไม่ได้ทำอะไรเลยยยยความชิลโคตรคูล!!!!,0
แก้โค้ดมันส์มากคับ!!!เว็บโง่ๆแก้ชั่วโมงสองชั่วโมงก็เสร็จอื้ออตอแหล,0
พรุ่งนี้ก็ทำงานอีก...เย่~~ชีวิตดี,0
ชุดช่างเหมาะมาเซ็ลตรัสจริงๆๆๆ,0
โกเลียมากเลยหล่อจิงๆๆๆๆๆ,0
ถ้าให้กูแกะท่าเต้นนี้หอบแดกกูอ่ะง่ายกว่????,0
ว่างเป็นนอนการบ้านไม่ทำคืนนี้คงไม่ได้นอนนอนเยอะแล้วหนิสมมมมมมมม,0
ถ้าวันนี้อ่านไม่จบแซลมอนไม่ต้องแดก,0
ไม่ต้องนอนแล้วก็ได้เดี๋ยวก็เช้าและงทำไมถึงเป็นคนนอนไม่หลับ????,0
ช่วงที่ไม่สบายแบบนี้หนูน่าจะนอนพักผ่อนบ้าวนะ,0
เราไปเที่ยว1กันสักปีเนอะ,0
ใช่สิคนหน้าสิวทำไรก็ไม่ดีไม่น่ารักไม่สวย,0
เปิดฟังด้วยเสียงดังสุด.....,0
จะว่าไปก็ยังไม่ได้อ่านข่าวอ่านพวกเรื่องพรบ.เลย555555ใส่ใจกับสถานการณ์มาก,0
งานการไม่ทำคือดีอ่ะงขอก่อนอยากดูหนังให้จบนิดนึงงงง,0
เออคนอื่นดูถูกกูเองแหละที่ดูตัวเองผิด,0
รับทำงานให้เพื่อนเนื่องจากว่างคริ,0
เขียนละเอียดจังรู้งี้ต่อวิศวะดีกว่า...,0
บังคับเรียน143หน่วยเรียนจริง146หน่วยขยันจุงงงง,0
นี่ถ้าในข้อสอบมีเรื่องการติ่งเกาหลีกูคงไม่ต้องอบรม555,0
ผมสีม่วงแดงเคสฟ้าขาวเล็บดำขาวน่ารักจาดดดดดด??????,0
เลิฟยูเคมีฟิสิกส์,0
ถ้ารู้ว่าอะไรที่มันไม่ควรไม่ต้องทำบ้างก็ได้นะไม่มีใครเค้าว่าอะไรหรอก,0
เบื่อน่าฝันแต่ชอบบรรยากาศแมร่งเหงาดี555555-.-555555,0
อ่ออถึงว่าทำเกรดกูดีจังเพราะกูไม่แตะหนังสือนี่เอง,0
อย่าไปอ่านมันเลยหนังสือนะเด๋วทำข้อสอบได้,0
ถ้ารักเธอแล้วมันแย่จะกลับไปกอดแม่ละนะ,0
"อยากระเบิดหูไว้ผมยาวไว้หนวดใส่รองเท้าแตะเสื้อเกี่ยวอ้อยกางเกงขาดๆแล้วเดินคลุกฝุ่นปูน--""",0
ซื้อบ้านอยู่ญี่ปุ่นเลยเช๊อะ,0
ที่ย่นมีเวลาให้ตั้ง5ชม.ในการจับมือทุกคนกว่าหมื่นคนที่ไทยเธอจะยืนอยู่เฉยๆให้ฉ๊านมอง5นาทียังไม่มีเลย,0
ยู่ในช่วงเนื้อหอม555555เปลี่ยนดิสน่ะ,0
นอนไม่หลับดีนักหยิบวิจัยมาจดซะเลย,0
เขามีแฟนแล้ว555555,0
นั่งดู...นั่งฟัง...สาวๆร้องเพลง,0
ที่บอกความจริงคือมึงไม่คร์กูละ,0
ปีชงหรือว่าปีม้าทองกันแน่ว่ะเจอทั้งเรื่องงานเรื่องคนที่เข้ามาดีๆทั้งนั้น,0
วันนี้เป็นวันดีดีมากกโคตรดีดีสุดๆดีเยี่ยมเลย,0
ช่างเป็นปีใหม่ที่ฉายแววสดใสและเจิดจ้าเหลือเกินต้องฉลองปีใหม่อย่างมีความสุขแน่ๆเลยทีเดียวเชียวล่ะ,0
ชีวิตนี้ลำบากอะไรก็..ไปหมด??,0
ความรู้สึกผมมันเล็กเท่าช้อนชา,0
คือดีอ่ะดีจริงนองเหงาคนเดียว,0
ว่างมากกกกกจริงจริ๊ง,0
ตอนเด็กๆพ่อบอกเราชอบพูดภาษาต่างดาวพูดอะไรคนเดียวไม่ชอบให้มีคนมากอดแต่พอพาไปดูหนังผีปุ๊บก็ให้กอดทันที,0
;-;เฮ้อจะฟังเพลงนี้ซ้ำอีกซักพันรอบมั้ย!,0
ฉัตรสุดาฟันออกนอกหน้าและเรียงตัวสวยมากค่ะ,0
กูจัดรูปขนาดเท่ากันทุกหน้าเบยยย555555,0
เหนื่อยมั้ยวิ่งตามเขาน่ะเหนื่อยมั้ย,0
ขับรถไปนู่นนี่ละลายทรัพย์โอ้โห่ปริ่มเปรมสัสขอให้ได้เสียตังค์อ่ะ,0
ปวดท้องอีกเเล้ววเย้ๆดีใจมีความสุขจัง????,0
เห็นเพื่อนนักวิ่งไปวิ่งเวียดนามกันเยอรมันกันพรุ่งนี้สั่งแหนมเนืองมากินกับเบียร์ซะเลยดีมั้ย,0
ขนาดนี้แล้วขายบัตรพรุ่งนี้เลยมั้ยล่ะ?,0
ต้องพยายามชินกับกลิ่นบุหรี่หัวเตียงให้ได้ฮือจะฉีดน้ำหอมบนหมอนทุกวันก็ไม่ใช่เรื่อง??ดมจนจะไปซื้อมาดูดเองแล้วว้อยล้อเล่น,0
ชีวิตเราไม่ใช่ของเรามีเงินมีเวลามีเเรงเเต่ไปไหนไม่ได้ต้องหมดสิ้นทุกอย่างค่อยเสียดาย?,0
ถ้ามึงจะตอบกูข้ามวันขนาดนี้น้ะอย่าตอบกูเลยก็ได้น้ะ,0
นี่เป็นเมนรึกูแท้งลูก…??????,0
อยากมีกิ๊กชีวิตเหงาหงอยปล่าวเปลี่ยวเศร้าสร้อยเบื่อ,0
ไม่ขึ้นว่าครบกันไปเลยหละ??______,0
2วีคจ๊ะอย่าคัมแบ็คเลยบอกแล้วย้ายไปญี่ปุ่นเลยก็ได้นะ,0
หวัดเป็นได้เเค่นี้เองหรอวะกระจอก!!หนักกว่านี้มีอีกป่ะโธ่ถัง,0
เค้าบอกว่าความหนาวสะสมแหมมเมิงสะสมให้จนมีหิมะเลยมั้ย?,0
ก็ดีห่างกันให้หมดแล้วมากินกันเองในวงซะ5555+,0
บอกเลยวันนี้เหนื่อยเหนื่อยมากเหนื่อยโคตรเหนื่อยจิงๆ,0
ผมอยากแดกเกย์....อิจฉามันน่าตาดีกว่า(ผมไม่ใช่เกยนะ),0
แต่งหน้าโคตรหนาเลออออ~ขูดแป้งบนหน้านางไปทำสนามบาสกลางแจ้งได้หลายสนามเลย,0
เดี๋ยวพรุ่งนี้จะจัดทวิตลองเกอร์ให้ฟลว.อ่านกันให้ตาแฉะเลย,0
ไอเชี่ยวอร์มมมมเป็นแบบนี้ก็เลิกคุยไปเลยไปไปหามันเลยไปปปปปปปปป!!!!!ไปจริงมีเหวี่ยงอ่ะ='(,0
เหี้ยอะไรที่เซนปิ่นมีแล้วยุบกูต้องถ่อไปไกลถึงเซนเวิลตลอดดดตลอดตลอดดดดดดยุบห้างเลยด้วยเซ่,0
โว้ยไม่แรนดอมที่นั่งเอาเลยล่ะ,0
ใส่ชุดแม้วเหลือใส่ชุดไทยถ่ายรูปติดบ้าน??เหมาะกับกุลสตรีแบบเพ่จริงๆ,0
ตื่น10โมงก็ยังดีกว่าตื่นบ่ายละกัน555555,0
กูเปิดร้องเองที่บ้านแม่งเลย555555,0
ถ้าได้บัตรแต่ไม่ได้ไปกูจะเอาบัตรคอนห้อยคอตลอดเวลา-..-,0
จะเอาตุ๊กตาไปปิ้งกินละนะ555555,0
บอกตรงๆช่วงนี้ละครคืออะไรไม่รู้จักแต่ถามว่าเวทีไหนใครขึ้นขอให้ถามเลยตอบได้!!!,0
ปีใหม่เค้าดาวหน้าคอมเหมือนเดิมเยยยยยย้,0
พรุ่งนี้จะตื่นตั้งแต่ตีสี่หึหึกูต้องตื่นให้ด้ายยยยยย-0-,0
ขอแม่เปิดเพลงดังๆแม่บอกเปิดไปเลยเอ้จัดเลย!!!สงสารข้างบ้าน55555,0
กูไม่ง่วงกูจะอ่านไปเล่นไปจนสว่าง!555,0
เช็ดแม่กูด่าให้ตายสิแม่งนั่งแดกนมอยู่บ้านก็ได้,0
เก็บขยะขายดีกว่าได้วันละ700-800ร้อย,0
อาทิตย์หน้าจะโดดเรียนพอเศษทุกคอร์สทุกอย่างทุกวัน,0
"โตแล้วจะซื้อปอม""เป็นฟาร์มเลย-*0-.",0
เงินเท่านี้ต้องอยู่ได้555555,0
แม่ก็มาเรียกได้ถูกจังหวะจริงจริ๊ง;___;,0
หยุดเฟลใช้แบบแตกๆเนี้ยแหละเศรษฐกิจพอเพียง,0
ตอบเร็วเวอร์~จะไม่กินอะไรทั้งนั้น!!,0
ฮ่าๆมันได้เกรดน้อยสำหรับแม่,0
หนีไปอยู่กับผัวที่เกาค่ะไปอยู่อูกันด้าก็ได้นะ,0
หิวข้าวจนเหงื่อออกตัวสั่น==,0
แพทย์พยาบาลสถาปนิกนิเทศจะเข้าให้หมดเลย,0
จะขายไอพอตซื้อเลนต์,0
วันนี้กูจะดูซีรีย์ถึงตีห้าเลย,0
บางทีเสื้อหมาดูสวยกว่าของเราอีกนะ,0
สรุปวันนี้กูว่างน่ะมีใครจะชวนไปไหนบอกเลย,0
ใครก็ได้พาไปสมัครหอการค้าหน่ออย!!,0
แม่บอกตอนเช้ายังไม่ได้กินข้าวเลยนะเราบอกจะไปกินเค้กถ้ากินข้าวตอนนี้ก็อิ่มไปกินเค้กไม่ได้,0
ปู่ยกให้หนูเร็วๆนะคะเดี๋ยวหนูจะได้เล่นตั้งแต่เช้าจรดเย็นเลยคอยดู!:(,0
ถ้าได้เจาะหูจะเจาะให้เต็มเนื้อที่เลย555555,0
ไม่กินไรทั้งวัน555,0
สัญญาว่าพรุ่งนี้จะนอนดูซีรีส์ทั้งวันเลย,0
พรุ่งนี้ตื่นสัก6โมง-_-,0
นอนเล่นบีตั้งแต่8โมงละนี่จะ11โมงยังไม่อาบน้ำเลยน่ารักมาก!!,0
ไม่ได้ไปคอนแล้วอ่ะทำไงกับเงินที่ออมมาดีว้ะ-_-,0
วันนี้ซื้อไอติมมา4แท่ง,0
เก็บมะเขือเปาะแต่เช้าสดชื้นมาก,0
จบมอหกเมื่อไหร่จะสกีนเฮดเลย5555,0
สงสัยต้องหาคนคอยไปรับไปส่งแล้วแหละถ้าแม่ไม่ว่างรับส่งเตย555555,0
เดี๋ยวจะฟังอัลบั้มเรียงเพลงเลยคอยดูเอาให้ดังลั่นบ้านเลย555555,0
กูจะใส่กระโปรงยาวไปไหนเดี๋ยวอีกหน่อยกูจะใส่โสร่งไปโรงเรียนแทนกระโปรงละแม่งทุกวันนี้ก็คล้ายละ,0
ปิดเครื่อง!!555555,0
อะไรฮาๆไม่ได้ดูกับเค้าหร๊อกเอเอฟนะ,0
แต่เดี๋ยวนะ......ในไปรษณียบัตรเราเขียนว่าอิตาลีจะชนะหมดเลยอ่ะ......,0
วันนี้จะไม่กินข้าวทั้งวัน!!==,0
เทอมนี้เอา4.00เลยริกะ...,0
จะนอนดึกแล้วคอยดู(-.-ทุกทีก็ดึก),0
อืมเดี๋ยวถ้าทำงานได้จะผ่อนไอโฟนแม่งเลย-*-,0
ถ้ากูสอบม.4ไม่ติดกูก็จะไปนั่งเลี้ยงควายบ้าเกาหลีนี่แหละ,0
ร้อนๆๆๆๆๆมานั่งร้อนห้องน้องส่วนห้องตัวเองแอร์โคตรเย็นหลานนอนดูการ์ตูน,0
เปิดเพลงแล้วร้องให้ลั่นบ้าน,0
ไม่ยอมกินข้าวเองตั้งแต่แรก55555,0
เชื่อกูเถอะถ้ากูมีตังค์แค่สองพันห้าแล้วกูหาตังค์เพิ่มไม่ได้กูจะไม่ไป=_=,0
ในเมื่อไม่ได้ไปคอนจะเอาเงินที่เก็บไว้ไปซื้อของอย่างอื่นให้หมดเลย,0
ในเมื่อโทรศัพท์กูมันกังกูก็จะเอาเครื่องที่โคตรกังมาใช้,0
กูไม่ทำการบ้านล่ะกูจะนั่งโหลดคออ,0
กูจะซื้อโทรศัพท์เครื่อง6หมื่นซักกำ!!!,0
ในที่สุดเราก็นอนข้ามปีและเน่าข้ามปีได้สำเร็จอะฮ้าาาาาา-/-,0
พรุ่งนี้จะจัดงานปีใหม่กับน้องสาว2คนห้ามญาติและคนรู้จักมางานไม่เชิญ!ไม่ชอบคนเยอะอยากสงบ:]จะยกทีวีไปหน้าบ้านนับถอยหลังพร้อม,0
ใช่สิ๊...หนูไม่ใช่พี่เต๋าหนิ,0
กูแดรกให้หมดแม่งทั้งสองอย่างนี่แหละ,0
กลับบ้านรีดผ้าขึ้นนอนจบ!--,0
"ตะกี้ประท้วงไปว่า""ทำร้ายจิตใจกันจังแทนที่จะซื้อของสด100นึงกินทั้งอาทิตย์ต้องมาซื้อกับข้าวมื้อละ30เนี่ย""",0
ทักกูหน่อยกูอ่อยแล้วน่ะ,0
เห็นกูเงียบๆกิ๊กเด็กกูเพียบนะคะ,0
กูสอบจนไม่มีเวลาพักแล้วนะจะแดกหนังสือแทนข้าวแล้วด้วย:'(((((,0
โรงเรียนของเราน่าอยู่คุณครูใจดีทุกคนเด็กก็ไม่ซุกซนพวกเราทุกคนชอบไปโรงเรียนๆ--,0
คอยดูนะพรุ่งนี้กูจะมัดผมกลางหัวแม่ง..,0
เริดมั๊ยล่ะโปโลชมพูแปร๋นกับกระโปรงนร.เทรนใหม่จากราชินีบนโรงเรียนรุ่นพ่อแม่ก็ยังไม่มีเทรนที่ใครๆก็มองมาทีเรา...,0
เป็นไงโรงเรียนรุ่นพ่อรุ่นแม่เราไม่มีใส่โปโลชมพูแปร๋นกับกระโปรงนักเรียนล่ะสิว๊ายยยยยเชยอ่ะ,0
พี่แพรวขาอวยพรให้หนูด้วยหนูต้องพายเรือไปเรียนค่ะ!,0
ได้ฤกษ์ตัดเล็บแล้ววววฮัดช่า!!!”พี่จะตัดก่อนเปิดเทอมวันเดียวไม่ก็ตัดเช้าวันเปิดเลย,0
ขอบคุณตัวแรกในชีวิต//หมดหลีดแล้วเทอม2จะตั้งใจเรียนมากๆ,0
คำว่ารักเธอออกจากโทรศัพท์ฉันไปเหอสำหรับตอนนี้คือความเมาล้วน,0
เหมือนเทคโฮมรัฐไทยนางบอกเขียนให้เป็นหลักวิชาการหน้าก็ให้สมศักดิ์ศรีจ้ากูเขียนมือล่อ19หน้าเอาซี้,0
เดี๋ยวไม่พิเศษตามชื่อห้องไง555555,0
ชื่อกลุ่มอะไรก็ได้โตแล้ว555555,0
น้ำตาจิไหลเมื่อคืนนอนตีสามคืนนี้จะนอนกี่โมง,0
เวลาเรียนจบคาบอิ๊งประโยคที่ร้องออกมาบ่อยสุด,0
ความเจ็บนี้ไม่มีเสียงไม่อ่านหนังสือไปสอบแม่งเลย,0
หิววววววววไม่จบชีทซักที,0
สีแม้งอย่างสวยอ่ะ555555,0
พรุ่งนี้สอบล้าลัลล้าลััลลา~,0
การบ้านไม่เสร็จไม่ทำแม่งและ,0
โครงงานกูจะพาไปไหนดีเส้นทางในเมืองไทยขับโอเวอร์ฮาฟไปเชียงใหม่แม่ง,0
ไหนไหนก็ไม่ได้ไว้ผมยาวล้ะ!!ตัดติ่งแม้ง,0
เทรนด์ชุดนักศึกษาหญิงปี2555สั้นได้อีก5555+,0
จะต้องทำยังไงถึงจะถูกใจเธอ!!,0
ไม่ทราบว่าถ้าจะฟุบหลับในห้องนักศึกษาจะต้องทำอย่างไร,0
"หื้มมมกูอิจฉาโมเมนต์แบบนี้--""",0
จะทำยังไงให้เธอสนต้องตายก่อนใช่ไหมถึงสนใจ,0
สงสัยจะชอบให้เที่ยวกลางคืนเป็นคนเหี้ยๆเมาๆมั่วๆคั่วทั้งคืนแบบนี้ใช่มั้ยที่ต้องการ,0
ไม่รับไม่รู้เพราะมันเป็นเรื่องส่วนตัวของเธอเชอะ,0
ไม่มีไรมากก็แค่บอกว่าหมดกับวงนี้ไปเป็นหมื่นแค่วงเดียว~,0
อื้มเข้าใจดีไม่อยากคุยก็ไม่คุย!^^,0
ลบแอพเฟสฯออกจากโทรศัพท์ละ,0
อยากตัดผม!!!!!!คราวนี้จะตัดให้เหมือนทอมเลย,0
ให้ตายเถอะอยากศัลยทั้งตัวละ5555อะไรก็หล่อสวยรำคาญ,0
เชื่อละว่ากรุ๊ปเลือดตัวเองมันคิดอะไรก็ต่างชาวบ้านทำอะไรก็ช่างชาวบ้าน,0
ไม่คิดจะตอบกูเลยหรออออออ!55ไม่ได้เบญนะ,0
เดี๋ยวกูจะตั้งชื่อไลน์เป็นชื่อเบสให้หมดเลยสัส,0
มึงไปเรียนม.รังสิตเถอะจะได้เรียนรู้ถึงสักคมแห่งการให้,0
วันนี้เฟสกูเปลี่ยนรูปเยอะไปน่ะ55555,0
เกลียดคนที่บ่นว่าอยากกินเหล้า,0
พรุ่งนี้จะไปสิงอยู่หอสมุดตั้งแต่8โมงยัน5โมงออกไปเรียนแค่11-12วิชาเดียว,0
"ถึงมีการ""ศึกษา""ดี(สูง)..แต่ไม่ได้ทำให้สันดารดีตามหรอก",0
แถมเกมส์นี้จะเล่นจ้ำจี้กี่ทีก็ไหวนะคะ-*-,0
สังคมผมแคบอ่ะเลยมีแต่เพื่อนในกรุงเทพเพื่อนแถวบ้านไม่ค่อยมี,0
ฉันไม่ได้โง่ขนาดนั้นนะ!?!?,0
อยากสวย55555,0
จะลองไม่กินข้าวซัก2-3วัน,0
น้องเล่นเป็นป้ะน่ะ?5555.,0
จะติดเกมส์ให้เป็นบ้าไปเล๊ยโว้ยยยย!!!!!!,0
ชั้นยังยืนยันกินกล้วยต่อไป!!!,0
จะเปลี่ยนคนชอบแล้วนะ,0
นอนห้องเดียวกันก็ได้นะคะ,0
......จริงๆมีรถนะคะแต่ว่าไม่อยากใช้อยากอยู่ด้วยนานๆ~,0
จะไปโหลด'อินสตาแกรมในแอนดรอยด์มา-.-,0
วันนั้นขอเราแต่งงานเราจะรับแล้วนะ!-3-,0
รินนาอยู่หนายยยยยยตกลงเรารับคำขอแต่งงานเธอ!พี่แตงกวาอยู่หนายยยยยยตกลงค่ะไอวิชยอมให้พี่แตงกวาจองขออ่อนไม่แคร์ใครแล้ว!ชิ!,0
เฮียขาาา~~~~คืนนี้หนูว่างมาบ้านหนูไหม?.....,0
ที่เมิงบอกว่าเมิงไร้ค่าในสายตาคนอื่นเมิงเคยมองสายตากูบ้างมั้ยล่ะ?,0
หรือว่าเล่นจริงอ่ะ''@_09เอากะกูป่ะเอากะกูป่ะเอากะกูป่ะ,0
โว้วกูอุส่าห์อ่านเลขจบก่อนสองทุ่มครึ่งรู้งี้กูอ่านถึงสักห้าทุ่มดีกว่าแม่ง-_-,0
อย่าพูดว่าเรา'มีจุดยืน'แต่ของตัวเองหากไม่มั่นใจว่าจุดๆนั้นมีตีนใครหลายพันก้าวผ่านมาแล้ว.555555,0
ถ้ากูรวยก็จะสวยให้มึงดู,0
เมาแล้วมาลงกะหนูเนี่ยนะ...บ้ารึป่าวทำไม,0
ครั้งหน้าจะได้บอกได้..โดยผจ.มากประสบการณ์อาทิ.....งี้??,0
อ่าวนี่วงเต้นมั้ยไม่พริ้วเค้าไม่ให้เดฯหรอก,0
วันนี้กลับไปเป็นคนเดิมแล้วสินะ..ใช่มั้ย?ไปทำงานเช้าเหมือนเดิมด้วยเป็นคนเดิมคนนั้นที่ขยันเห็นแก่ส่วนรวมมากกว่าส่วนตัว??,0
อ้อออใช่สินะคะะในบ้านคนมันน้อยก็เลยทำได้แต่พอออกมาเจอคนเยอะแยะก็ไปทำกะคนอื่นงี้เนอะ,0
มึงซูมส่องสิวเสี้ยนหรอนี่หนวดเขียวเด่นกว่าหน้าละเนี่ย,0
เกรดน่าจะออกอีกทีวันที่31มีนาค่ะรอดูวันนั้นเลยค่ะ,0
วันนี้ฉันแต่งงานกับเครื่องถ่ายเอกสารรรรร5เล่มหนาๆถ่ายเล่มล่ะ6ชุด,0
แล้วแต่จะคิดนะพูดไปหมดแล้ว,0
เลิกร้องไปเลยเหอะไปแล้วถ้ากลับมารวมกันไม่ได้ก็อย่ากลับเลยจริง,0
คือการแสดงบนเวทีมีผลต่อการเลือกเมนจริงๆต้องปังงงงง!แบบพี่มิโนงี้แร๊ปโคตรปังกินใจเท่สุดชอบเลอ,0
เห็นได้ชัดว่าทุกคนชอบแบบใหม่ของรรจนต้องมาซื้อร้านข้างนอกค่ะ,0
ช่วงนี้นอนตี3ตี4ทุกวันเลยนะคะนางว่างมากก็เริ่มทำพรีเซ็นได้แล้วพรีวันพฤหัสนี้นะแถมต้องใช้โปรแกรมโปรดอย่างอีก..,0
ง่วงมากๆแต่พอนอนก็นอนไม่หลับพรุ่งนี้ก็ไม่ตื่นไปเรียนโอ้โหชีวิตดีจังงงงงง,0
เป็นความดีงามยามเช้าที่วุ่นวายของเมืองหลวงที่เคลมตัวเองว่าดีงั้นงี้,0
อยากเห็นหน้าเมียจังเลยค่าาาาสวยขนาดไหนแต่งต่อพี่ซองมินเลยม่ะ?,0
เชียงใหม่ไม่หนาวนะอาบน้ำตอนตีหนึ่งไหวว!,0
ในเวลาต่อมาจะมีรูปแก้วไวน์สะท้อนมั้ย,0
เฮียไม่ค่อยว่างหรอกแกเลยไปคุยกับคนอื่น,0
คุยในหม้อไฟไลน์ว่าหนังพี่หานเขามีแฟนรอทำซับล่ะนะหนังฝานเอามั่งไหมนางตอบมาว่าให้ป้าเล่ยทำสิไหนๆก็ทำทุกอย่างอยู่แล้ว,0
สมัยวัตถุนิยมคนนิยมถือสมาร์ทโฟนก้มหน้าสื่อสารผ่านข้อความปากมีไว้กินข้าวอย่างเดียวสิ่นะ,0
เสียดายคนยุคนี้เขาไม่สนใจเรื่องพวกนี้มันไม่แรงไม่มันส์ด่ากันตบกันแบบในละครฟินกว่าเยอะลงมือไม่ได้ตั้งสเตตัสเอาก็ได้..เฮ,0
ถ้าจะโดนตรวจค้นขนาดนั้นให้แก้ผ้าเดินเข้าไปเลยมั้ยคะ?,0
จะหายไปไหนก็หายไปเลยไม่เป็นไรหรอกไม่มีใครรออยู่,0
ชอบอ่านออริจินัลเองเพราะบางคนเอามาแปลไทยแบบแปลตรงศัพท์เกิ๊นนน,0
รำคาญไหมละ?มีไลน์ไว้คุยกับพังแต้ว!!,0
อยากกินพิซซ่าฮัทแต่บริการส่งไปไม่ถึงเอแบคงั้นกูก็กินพิซซ่าคอมปานีแม่งเลย!!ฮือออ,0
ถ้าไม่ได้งานนี่อยู่บ้านไปเลยดีมะอยู่ว่างๆไปเลยละเรียนต่อทีเดียว,0
อยากซื้อนาฬิกามาเยอะๆจังเผื่อจะเพิ่มเวลาให้กับตัวเองบ้างอะไรๆจะได้เหมือนเดิม,0
อยากสอบสอบเลยกูชอบ,0
พูดลอยๆนะฮับบบบบบไม่กล้ารักคนแบบพี่หรอกกกกกก,0
งอลจีเรื่องข่าวเปลี่ยนดิสเลย!!ไม่ใช่รูปคู่ดาราก็แล่ว5555,0
นี่ไม่เคยบอกกับปากแต่บอกมาแล้วทุกวิธีจดหมายข้อความเฟสอีกนิดว่าจะลองส่งนกพิราบไปดู,0
!!555555โอ้ยยุนฮโยอย่าร้องร้องนะคะ*กอดปลอบ*ถึงไม่มีใครซื้อฉันคนหนึ่งจะซื้อนะ555555กูขัม,0
ปชป.ไม่ลงเลือกตั้งทำเอาบางคนเก็บอาการไม่อยู่ต้องทวิตประชันทั้งๆที่เป็นสิทธิ์ที่ทำได้และไม่ผิดกม.,0
บางครั้งน้อยใจเห็นแฟนมองสาวอยากกินเหล้าคิดอีกที..ตอนที่เมาเต็มที่คนที่อยากให้อยู่ด้วยมากที่สุดก็คือแฟน,0
นี่นึกยังไงดูลำยองตอนกินข้าวกูคงเจริญอาหารน่าดูเลยยย,0
กูไม่รีนะมีคนรีมาขอแซะแปปนะคะ..แน่นอนคะว่าดังมากคะ555555,0
โอวถึงขั้นซื้อบัตรที่ศูนย์วัฒนธรรมแล้วรึนี่ต่อไปเป็นสถานทูตร,0
โอเชชชขอบคุณฮับศุกรนี้งานไรอ่ะเนี่ยคู่เยอะนะเดวนี้เงินเดือนขึ้นหรอ,0
พี่คนแต่งแมรี่ยูขอคลิปเจทิน่ารักๆ...มันเคยมีคลิปแบบนั้นด้วยเหรอคะ;_____;,0
ก็เอสเอ็มไม่รักชานแพครักแต่ฮุนหานใช่ซี้,0
รูปนี้เมะสุดๆไปเลยฆ่าาาาาา,0
"เป็นอะไรที่น่าเบื่อมากเบื่อจริงๆ__""",0
"แต่""ไทยบ๊อยซ์""ก็รั้งท้ายป่าวว่ะขาดการเหลียวแลตล๊อดดดดด",0
ขอตังแม่ซื้อกระเป๋าตังแม่บอกว่าเอาทั้งร้านเลยมั้ยมีใบเดียวมันไม่เท่,0
แหมไทม์ไลน์ฮอร์โมนเต็มเบยนะ..ใช่สิ!เรามันคนดูวันอาทิตย์หนิ!,0
ไม่เล่นทวิตนานเพราะงอลทวิตวันเทรนให้บ่ายสองติดลิมิตซ่ะงั้น,0
อย่าเสียใจหากเค้าพูดอะไรให้เราต้องเสียใจเจ็บใจบ่อยๆเป็นเราเองที่เลือกจะทน,0
พี่มันเถียงกันเรื่องจะวางกุ้งใส่แตะย่่างยังไงเถียงไม่ลงตัวน้าบอกไป่ไปปล่อยมันลงน้ำไป,0
ชายภัทรกับชายเล็กแม่เดียวกัน.....เอิ่มมเหมือนมาก!!55555,0
น้องเทาเราฆ่าคนในนี้ไม่ได้แล้วเราต้องย้ายไปอยู่ดาวดวงอื่นนะ,0
โอ้ยกูเป็นอะไร!!เอ่อกูมันตึงบะดีเฮ้ออออออ,0
รู้ทั้งรู้ว่าเราชื่อเฟิร์นแต่เรียกเราว่าเอสเจ,0
เรื่องบางเรื่องกูก็เล่นๆม่ะ,0
ตลอดเปรียบเทียบไม่เลิกก็รู้ว่ามันว่างแต่คือแบบ..,0
คนๆนึงที่มาชอบเรามันจำเป็นด้วยหรอที่เราเพราะอยากให้เราสนใจ.,0
ขอบคุณนะ--'ช่วยเค้าได้มากกกก,0
มีเวลาอีก7ชั่วโมงรีบทำไม,0
หัดให้กำลังใจตัวเองบ้างก็ดีน่ะกู,0
22.4)ซอคและยุนมองตาหยอกล้อกันไปมาหัวเราะตอกระซิก??(โลกนี้มีเพียงเธอสองคนสินะ!)555มาลุ้นต่อเดินกันไปสักพัก?,0
เมื่อไหร่เธอจะเชื่อต้องทำอีกแค่ไหนต้องเปลี่ยนเท่าไหร่ถึงจะเป็นแบบที่เธอต้องการ,0
จะลองไม่เช็ดมูกที่ย้อยมาดูซิมึงจะย้อยไปถึงไหนสึด,0
แล้ววทำให้ทะเลาะ,0
ไม่ได้ไรหรอกแค่บางทีอยู่กับกูทำดีกับกูแต่ใจเป็นของคนอื่นกูไม่ได้เป็นไรหรอกจริงๆ,0
เรา:ก็เหมือนดีขึ้นแล้วนี่นึกว่าเข้าโรงบาลไปและมิ้น:ก็ไม่เป็นไรมากแค่กลืนน้ำลายก็เจ็บหูละ,0
แม่บอกให้กินเยอะเยอะยิ่งผอมผอมอยู่,0
ทีหลังก่อนทิ้งกูหาคนใหม่มาให้กูคุยด้วย!,0
นี่ขนาดวอนนะถ้าเป็นอุคคงยิ่งกว่านี้กร้ากกกกกกพอดีลูกสาวแฟนคลับเยอะมากไงฮาาาทำไม,0
บีบอกว่าเราแมนเกินไป,0
"แม่เกริ่นๆว่าให้กลับตั้งแต่วันอังคารแต่กลับไม่ได้แม่เลยบอกว่าไม่ต้องกลับแล้วอยู่หาตังใช้อยู่อุดรนั่นแหละ..-____-"")",0
เราไม่นอยด์เธอไม่เห็นตอบเราเลย??,0
ป่านนี้ผญ.คนนี้จะเป็นยังไงบ้างเนี่ยกรี๊ดมักเน่จนสติหลุดกลับบ้านไปแล้วมั้ง..หายเงียบไปเลย,0
มึงไม่คิดจะปล่อยทีเซอร์อีโซ่ออกมาเรื่อยๆล่ะเอสเอ็มปล่อยเพลงเต็มทำไมทำมันแต่ทีเซอร์นั่นแหละ,0
คัมแบ็คเดือนกุมภา?นานไปนานไปนานป๊ายยยยยยากเสียสติ,0
ผจกยันศลปมาขอคะแนนกันใหญ่นะบฟแต่ยคละไม่สนเพราะตอนนี้สนแต่ยุ่น??,0
เอ่อะ..คือทีเซอร์มัน..เต็มที่เหอะดูแล้วรู้สึกเสียวปาก(?)~-/-...ไม่เซ็กซี่เลย!!!!!!จริงๆ!!!!!!,0
ทำไมพ่อชอบถามคำถามที่รู้คำตอบอยู่แล้ววะคะ....,0
หนังเรื่องปายอินเลิฟท่าทางจะโปรโมทให้ปายเป็นเมืองท่องเที่ยวรับรองว่าต้องมีคนแห่ไปเที่ยวปายเมืองเล็กๆที่ไม่มีใครรู้จักแน่นอน,0
คนไทยไม่แพ้ชาติใดในโลกเก่งทุกด้านทั้งดีและเลวเด็กไทยคว้ารางวัลวิทยาศาสตร์ผู้ใหญ่คว้ารางวัลคอรับชั่นยอดเยี่ยม,0
ทหารได้รับคำสั่งเอาของไปไว้ที่จุดแจกของของหมู่บ้านโดนบ้านที่เรือผ่านตะโกนด่าว่าบ้านนี้ไม่ท่วมหรอกไปแจกตรงอื่น><ทหารก็มีหัวใจ,0
แฟนบอกบัตรแพงขนาดนั้นถ่ายรูปเก็บไว้ด้วยนะอัพทวิตด้วยก็ดีฮึ๊มๆ,0
ถ้าไม่ติดเรียนเอกชนแม่งเลยค่าเทอมสามสี่หมื่นต่างกะรัฐหมื่นสองหมื่นเอง,0
รู้สึกว่าทุกครั้งคนที่ช่วยผมจะเป็นอู๋ฟานนะต้องขอบคุณจือเทาลูกสาวแสนดีที่ไม่ช่วยอะไรผมเลย-_-,0
นี่เตรียมเสื้อผ้าพร้อมเดินทางแล้วนะ!!ป๊าบอกไม่ต้องเอาไรไปเยอะแยะหรอกโน๊ตบุ๊ค1เครื่องโทรศัพท์1เครื่องเสื้อผ้า1ชุดพอ!!,0
ธนพรยังไม่อาบน้ำตั้งแต่เช้าคือไม่ได้ทำไรเลยแม่บอกไม่ต้องอาบก็ได้นอนเลย,0
พ่อบอกว่าซั่นล่าาาาาามันอ่านหนังสือหลายอ่ะหว่าซ่านนนนน-0-,0
คุณพ่อใจดีลูกขอแค่ล้านเดียวลูก://./328,0
"น้องแบ่งสเต๊กปลาให้พ่อชิ้นเล็กๆอ่ะนี่เลยพูดไปว่า""โหวเยอะจังเลยพ่อจะกินหมดมั้ยเนี่ยยย""ละน้องก็บอกอ้าวงั้นเอามาเดี๋ยวช่วยกิน",0
เราต้องมานั่งเข้าใจอารมณ์ติสของลส.สไตล์ที่แตกต่างกันวันต่อไปก็ัพรูปคล้ายๆเดิมแล้วแต่งสีเพิ่มด้วยนะเอาสไตล์หลายๆแบบ555,0
เหมือนจะได้ยินคนบ่นเรื่องนาฬิกาบอกเวลา+สกอร์นัดนี้โผล่มาแล้วแต่เอาซะเกือบกลางจอเลย,0
หลายๆคนถามว่าบ้านอยู่แถวข้าวสารเหรอเห็นไปบ่อย,0
"ไม่ถ้าอยากร้องเพลงชาติแนะนำว่าให้ไปร้องเพลง""มาร์ชน้ำหมักป้าเช็ง""",0
เด็กสมัยนี้พกหนังสือ(ที่ไม่ใช่หนังสือเรียน)ไปโรงเรียนกี่เล่มเรามากสุดวันละ๕เล่มนิยายล้วนๆแบกทั้งวัน,0
"กูไปฝากกระเป๋าแล้วตอนเดินออกมา""ขอบคุณนะครับ""",0
คือเราไม่ตอบแชทน้องนานหลายเดือนพอถามไป...ทำไมน้องไม่ตอบว่ะ...,0
ฮ่าๆๆๆสวยๆๆๆๆส๊วยสวยงามที่สุด._.,0
สรุปกูเรียนอิ้งเวลหนึ่งดีใจจัง,0
ถ้าลงนะพมได้ชัวร์ก๊าาาาาก,0
ผู้หญิงอย่าหยุดกินนนน??????,0
ขอตายก่อนได้ม้ายยยยยย~,0
ให้เวลาดูกีฬาดีกว่าเสียเวลาอ่านหนังสือ,0
ไม่มีให้อะไรให้อ่านแล้วอ่ะ,0
งดเฟสไม่กำหนดวันเวลา,0
เรียนไปก็ไร้ค่าตายห่าก็ลืมหมด,0
เดี๋ยวจะกลายเป็นว่าร้องอิฟเสียงสูงกว่าเเมรี่,0
กูเป็นคนนึงแหละที่ไม่รอปาฏิหาริย์หรอกแมร่งไม่มีจริง,0
ผัวเก่า!หรา...มั่ยมีมีแต่ผัวใหม่!ย๊ะ,0
หน้าตาดีแต่…ไม่มีแฟน,0
เป็นไกด์ก็ดีนะมีเวลาว่างเล่นคุกกี้รันแม่งเล่นยังไงให้ได้5-6ล้านห๊ะ..!!!,0
????งานดีทั้งนั้น,0
ชักจะร้อน..เดี๋ยวดราม่าต่ออาบน้ำแล้วร้องไห้ในห้องน้ำดีไหมจะได้เปะ,0
ก็มีพวกชอบก๊อบทวิตคนอื่นเขาไงเขาเลยตั้งให้มาช่วยก๊อบ,0
สงสัยต้องผันตัวเองไปเป็นแฟนคลับมนต์แคนอปปร้าาาา><,0
กกันไม่แคร์ประชาชีถามจริงไลน์นี่เลิกเล่นหรอ?ต่อไปก็เฟสไทม์ก็ได้นะเหอะไลน์เขายังไม่เล่นเลยเฟสไทม์เนี่ยปล่อยๆมันไป,0
ฉากจูบนี้จะมีเสียงประกอบไหมพี่จะรอดูว่าอพทพัฒนาจากตอนจูบแบบปากชนปากกับซูจีมากขึ้นป่าวขอเสียงชัดๆเลย,0
อาทิตย์หน้าสอบสบชคือรู้เร็วไปไหมคะจารย์,0
"หงุดหงิดกับคาบอังกฤษวันนี้จัง.พูดช้ามากสัส--""",0
โลกแม่งเหวี่ยงแต่นดีดีมาให้กูพบเตอทั้งนั้นโชคดีจริงๆ??????,0
พูดเพราะจังครูวิทลัยนี้????,0
กูสวยขึ้นมั้งน้องรหัสถึงจำไม่ได้????,0
ดูคลิปแล้วจงฮยอนแมร่งอยากจะจูบผู้หญิงจริงๆด้วยซ้ำทำไมไม่ให้จูบจริงไปเลยแบบนี้อิจ้อนอารมณ์ค้างแน่ๆ,0
ส่งข้าวคั่วกระดูกอ่อนกระดูกนี้อ่อนมากอ่อนแบบเอาช้อนส้อมถูกแล้วแบ่งครึ่งได้เลยย,0
????ดีใจจังโจรกับขโมยกำลังจะมา,0
บางที่คำบรรยายกะรูปก็เข้ากั๊นเข้ากันจนอดขำไม่ได้555555,0
ฉลองงงงได้เกรดสวยยยเว่อร์@,0
เอวพลานาดนี่คนน้อยไปปะมึง-_-;เพื่อนกูยังมีชีวิตอยู่ใช่ปะ5555,0
หน้าแต่ละคนบ่งบอกว่าไม่เป็นไรกูยังไหว?555,0
มีคนเคยบอกว่าไม่รีทวิตอเดี่ยวรีให้เยอะๆเลยนะคะ5555ชอบยุ่งจังคะ,0
ขอบคุณสำหรับของขวัญอู้ยยยยยย,0
ถ้าชื่อกูเรียกยากมีเรียกกบเลยจริงๆ,0
บางทีอยู่คนเดียวก็สบายใจหึหึ,0
เครียดมากอ่ะ555555ด่าไรต้องระวังเดี่ยวโดนแคป55555,0
ก็รองเท้านร.หายอะค่ะเกร๋ๆ555555,0
ตอนใกล้สอบที่ไรจะมีการบ้านและรายงานเป็นเพื่อนรู้ใจตลอด,0
คูจังของยามาดะเหมือนไปนะ,0
คิ้วท์ค่ะคิ้วท์คิ้วท์สัสๆเรยค่ะ,0
แค่บังเอิญคล้าย~555555,0
เธอยายบอกว่าไปคนเดียว,0
พัดลมโครตแสนจะเย็นสบาย,0
เน็ตประเทศไทยเร็วจังเลย,0
พน.จะแปลงร่างเป็นมินี่เมาส์นะคะนะคะแบ๊วจังเลย,0
ก่อนไปขอแปะรูปทิฟฟานี่รูปนี้แปป',0
สอบแก้คณิตโฮ้ยยย~ใครจะรู้บ้างว่ากูโคตรเก่งเลย,0
แม่นอนดูทีวีแล้วก็หัวเราะแม่พูดว่าเห้ยเสือน่ารักบอกแม่ว่าก็ไปซื้อมาเลี้ยงดิ้แม่หัวเราะแล้วบอกว่าเออก็คิดอยู่แล้วยิ้มอย่างมีความสุ-/-,0
ฮยอนซึงไม่นะ!!!!!ท่าแกแมนมากกกกก,0
นี่ๆเค้าภูมิใจโคตรเเสดงเป็นตัวร้ายบทเยอะเฟ่อร์ฟีลลิ่งไม่ถึงอีกต่างหาก,0
อัพทวิตไม่ตอบไลน์ไม่ตอบข้อความ--,0
โอ้ยถ้าทุกปีต้องไปสวนสัตว์ดูงานที่เขื่อนเสร็จก็ไปต่อที่สวนสัตว์เขาสวนกวางเลยดิโด่,0
มึงดูสีหน้าแต่ละคนดูเชื่อนกมากเลย555555,0
ฮั่นสมายน่ารักมากค้ามีคนจิ้นเยอะม๊ากกอัพทวิตคู่กันตลอดพธก.แซวตลอดเวลาออกงานอะค้า,0
เธอช่างสวยเลือกได้สะจริงๆ,0
เหยดดด..กูโดนเพื่อนชมเป็นอิรัชนกดีใจสัสๆ><,0
เบื่อคนเก่งที่เห็นแต่ประโยชน์ส่วนตน,0
เชลซีแพ้มันจิ๊ดดดดแมนยูชนะใสมากกกก,0
ฝันดีน้าเพื่อนที่น่ารักทุกคน,0
โอ้ววนั่งไล่อ่านทามไลน์มีคนกล่าวถึงข้าเจ้าเยอะนะแต่ละอันที่กล่าวถึงไม่ต้องรักน้องเบขนาดนั้นก็ได้,0
หลานสาวป้าๆน่ารักมากคะ!><,0
ขอให้พรุ่งนี้ทุกคนสนุกกับการเรียนนะคะ,0
ถึง...ร.ร.สิรินธร..ปีสุดท้ายของพวกหนูแล้วขอแบบดูดีบ้างได้มั้ยคะ?อันนั้นก็ห้ามอันนี้ก็ห้ามหนูว่ายกเลิกเลยดีมั้ยคะ,0
555งานเยอะมากมีแต่เขียนกับเขียน55,0
ร้องเข้าไปปปปปปปปป!;-;,0
คืนนี้ก็ตกอีกนะตกหนักๆเลยเอาแบบให้กูไปโรงเรียนไม่ได้เลยนะไม่ใช่มาท่วมแค่เท้า-____-,0
เดี๋ยวผมจะเจาะหูอ้อมหู-.-,0
ช่วงนี้การประปามีโปรทำน้ำอุ่นมาให้ตั้งแต่ท่อส่งประปาเลยประหยัดไฟไปอี๊กกกกก,0
เอาสั้นแบบไหนดีคะซอยไปเลยไหม,0
ยามเช้าแสนหนาวเหน็บ,0
ถ้าเปิดน้ำแล้วมันเย็นมากคงไม่อาบ,0
รู้วิธีลดน้ำหนักและถ้านั่งอยู่ในบ้านไม่เปิดพัดลมชั่วโมงนึงไขมันกูต้องละเหยแน่ๆเผลอๆกูละลายไปด้วยเลย,0
13องศาหนาวได้แค่นี้หรอว่ะประเทศอุบลสัก-10เล๊ยย,0
โคตรหนาวอ่ะ,0
ดรีมไม่หนาวหรอ,0
นั่งกินปังเย็นในห้องแอร์คือ??,0
อากาศหนาวจริงๆหนาวจนเหงื่อไหลหนาวจนตัวดำหนาวจนเสื้อเปียกทำไงให้หายหนาวนะ,0
ทำไมร้อนอย่างนี้วะ,0
"ไปรัสเซียดีไหมฮึเครียด--""เอาให้หนาวจนขนตูดลุกไปเลย",0
หาซื้อเสื้อกันหนาวที่ไนท์สักตัวสองตัวดีกว่าเอาแบบใส่แล้วร้อนอ่ะ๕๕๕๕๕๕๕๕,0
หนาวจุงเรยยยยยย์~ตัวจะแข็งตายอยู่แว้วโอ๊ะ!!ทำไมไม่มีความรู้สึกที่มือและเท้าเลยล่ะไม่นะ!!คือเอาลิ้นจิ้มพิมพ์,0
"วันนี้อากาศเย็นสบายมากครับเหงื่อออกตรึม???""เปิดแอร์อยู่??????",0
วันนี้อากาศเย็นสบายมากครับเหงื่อออกตรึม???,0
หนาวอากาศเย็นล่อไอติมแดกแม่งเลย,0
ประกาศ!บางเขนหนาวมากสักพักอาจมีหิมะตก,0
ป้าดด!!!40องศา!!!โพ๊ดโพดล้าาคือมาหนาวแท้ห้วย555????มานซะเลยนิ????,0
ร้อนทีไหนอากาศเย็นสบายนิ่!,0
กินเตี๋ยวกะชาเขียวแจ๊บๆ..,0
เหมือนจะหนาวนะใส่ขายาวแขนยาว--,0
อาบน้ำทาเเป้งเย็นเปิดเเอร์ขดตัวในผ้าห่ม,0
ที่หนาวสองวันนั้นกูเป็นไข้ใช่ไหม,0
อากาศร้อนจนต้องเปิดแอร์โคตรเหง้ายากจนมากแต่เผอิญพ่อแม่รวยช่วยไม่ได้,0
เมืองไทยหนาวจนหิมะตก,0
อันยองตอนอากาศร้อนมากเลยครับ*โค้ง*,0
"อยากจะหยิบโค้ทดำขนมิ้งค์ออกมาใส่ไปเดินเล่นที่อากาศมันหนาวเหลือขนาด-______-""",0
แถวบ้านฉันโคตรเย็นเลยเธอ!!,0
ระเทศไทยหิมะตก,0
หนาวจับใจ๕๕๕๕๕๕๕๕,0
หนาวอะไรแบบนี้ดูดิหิมะตกด้วยโหตรงนั้นมีหมอกด้วยอะสุดยอดเลย,0
ร้อน!!!จะเปิดแอร์แบบอันลิมิตไม่ปิดข้ามวันข้ามคืน!!*ค่าไฟพ่อจ่าย*,0
ใช่หนาวมากๆหนาวๆแบบนี้อยากผิงไฟฮ่าๆ,0
พี่ยังไม่มีเลยจะซื้อก็คงไอ้โม่งคลุ่มหัวเลย555,0
แดดร้อนได้แค่นี้ใช่ป่ะ?เก่งจริงร้อนกว่านี้สิ!,0
"เผอิญงานใช้เตาอบไม่ได้ด้วยสิ...สิ่งแวดล้อมเพื่อชุมชนเอาไปใช้ทำกันได้มันต้องการแสงแดด""ความร้อนจากแดด"".....",0
พี่ค่ะ.ในไทยอากาศเย็นมากกกกกก~อ้ะค่ะพี่,0
หน้าร้อนแบบนี้อยากไปดำน้ำจริงเชียว,0
เราขอร้องเธอล่ะกันน่ะ??ช่วยทำเหมือนเดิมตอนที่เราเริ่มคบกันได้มั่ย?????,0
แนนอยู่บ้านคนละหลังไม่รู้เรื่องอะไรในบ้านหรอก!!แนนอยู่บ้านชั้นบน!!จะบอกว่าไม่ใส่ใจใครเลยใช่ไหม,0
มีข้อดีอย่างเดียวคือมีความสะใจตอนที่ได้พูดออกไปแต่หลังจากนั้นก็มีแต่ความเสียใจที่ไม่รู้จะลบเลือนเศษคำพูดที่บาดใจเหล่านั้นยังไง,0
คืนความสุขให้กับตัวเองคนเราลืมมั้งจำได้มั้งก็วนอยู่ในหัวไปชิวๆ,0
แฟนซื้อข้าวให้แล้วให้เรากินเองเราควรเลิกมั้ยค่ะ,0
ทำไมไม่ไปเม้นเขาละ'????พ่อหมีหึงแม่หมีชิมิ,0
ก็ว่ากัไปแต่ระวังอารมณ์ลุงตู่แกหน่อย??????,0
-ขึ้นเวทีพูดเรื่องขยะรักษาความสะอาดอีกแล้วแค่เนี้ย?~บอกตอนก่อนพูด2นาทีเนี่ยนะสุดยอด!ไปเลย,0
เนื่องจากท่านรองฯได้ทำชื่อเสียให้กับประเทศไทยจนโด่งดังไปทั่วโลกจึงขอลงโทษด้วยการให้ท่านพักงาน3วันจบข่าวข้าราชการไทย,0
ไปขอถ่ายเอกสารจากคนที่ได้แล้วดีมะ,0
งี้แหละอาหารญี่ปุ่นมันทำให้อ้วน,0
อยากจะบอกว่าชอบอ่ะมีคนมาลดตัว,0
ถ่..พิธานนนนนนช้าไปป่าวมาปีหน้าก็ทันนะ,0
เบื่อการหึ่ยย??,0
โอ็โหบ้านกูถึงโลตัสตราดแค่15โลเชี่ยจากมหาลัยมจพระยองถึงโลตัสระยอง30โลโอ้ยยยยใกล้ไปป่ะ,0
ดูแลตัวเองดีๆนะคนที่อยู่ทางนั้นคนทางนี้ยังคิดถึงกันเหมือนอย่างเดิมไม่เคยเปลี่ยน??????,0
ก็น่าจะยังหายใจดีอยู่มีแรงมาทวิต,0
เรามีความสุข?อย่ามายุ่งกับเรา?,0
เดี๋ยวแม่งเอาการ์ดมาขายแบบบุพเฟ่เลยนี่??????,0
โอ้ว!ชีวิตดี๊ดีคือดีงามเน๊าะลุงตู่!!!,0
ประกาศยุติเลยก็ได้นะ,0
เฮอะแล้วบอกเซ้นส์ดี,0
อิเหี้ยยถูกหวยยยแต่ซื้อผิดที่ไปซื้อใต้ดินดันไปออกบนดิน5555,0
งานฝีมือนี่เหมาะกับเราจริงๆ,0
อันนี้ไอจีหมาหรือไอจีเจ๊กงอะคะ?555555,0
"โพสต์สไลด์วันนี้ในกลุ่มของเซคพร้อมแคปชั่นประกอบ""ยัวร์เวลคัมฮะ""",0
เน็ตเร็วทำงานดีมากขอบใจที่ทำให้งานราบรื่น??,0
ถึงจะแพ้เมื่อคืนแต่ใช่ว่าคราวหน้าจะไม่ได้555555.,0
จบที่ดอนเมืองวิวก็สวยดี55,0
ที่แท้เพลงเบาหวานของพี่ว่านนี่ได้แรงบันดาลใจจากพี่โดมหรอคะ5555,0
สำคัญที่สวดดดดดด,0
ชอบๆผลโหวตวันนี้มากเลยติดตรงที่มีรายการออกอากาศเยอะไปหน่อยครับ,0
ประมาณว่าคนได้รับรางวัลคือคนนึงแต่ภาพไม่ได้จับคนได้รางวัลไง,0
ก็แค่ความเหงาแค่ความเหงาจะสักเท่าไร.....,0
ชีวิตเจอผู้หญิงสวยหน้าตาดีมามากมายทุกคนโพรไฟล์หรูแบกกราวด์ดีและส่วนใหญ่เวลางานเราก็ได้เห็นถึงความสวยมากของเขา,0
เซ็นเซอร์หน้าแต่พาดหัวข่าวว่าภรรยาร็อคเกอร์ชื่อดังกูไม่รู้เลยว่าใครค่ะ!!เกาหลีสร้างศัตรูเยอะหนิ!รกะป่วยๆ,0
อ่านคอมเม้นค่ายมอห้าอย่างฮาาาอ่านเพลินเลย,0
แต่ไม่ใช่หรอกขนาดเว่ยยังมีแต่ขนาดรูปคู่กับคนข้างบ้านก็ไม่เคยจะลง,0
รู้สึกโชคดีที่ไม่ได้สมัครสมาชิกอซอก็วันนี้,0
พรุ่งนี้วันจันทร์แล้วดีใจจังจะได้ทำงานจะได้เหนื่อยให้มันสาสมที่เรียนมา555555,0
ข้าวราดแกงจะแซงเงินเดือนกรูแระ,0
การสื่อสารกับคนทำงานเห็นหน้าด้วยกันว่ายากแล้วสื่อสารกับคนที่คุ้นเคยนั้นยากกว่า,0
แบตหมดเร็วจังเลยเย่!,0
พูดดีจ๊าดดดดดแหม่,0
"ทำไมต้องใช้คำว่า""หิ้วไปคุมขัง""..???",0
นี่แหละทำไมกูถึงเกลียดพวกแบบนี้,0
รู้สึกว่าทหารมีน้ำใจช่วยชาวบ้านติดค่ะ5555,0
อากาศตอนนี้เย็นไปไหม,0
ฉันส่องทุกวัน=_=...//เอามือลูบๆถูๆเเก้มตัวเองให้ขึ้นสีจางๆ,0
ผมขอถวายความจริงให้กับประชาชนไทย,0
ทำเป็นไม่เห็นไม่มองเเค่นี้ก็จบมั้ย????,0
เห็นว่าชอบกินก็ซื้อมาซะเยอะซะแยะเลย,0
ยิ้มนี้ใครไม่ฟินแต่เราฟินจบป่ะ!!!,0
วันนี้ไปจัดเบิร์ตเดย์ปาร์ตี้ย้อนหลังที่ไหนดี555555,0
ตัดหน้าม้ากันเยอะๆน่ะ!!!,0
เสี้ยมแล้วหลับฝันดีเนอะ,0
อ้าวหมายความว่าไงอ่ะพี่หมวด,0
จนถึงตอนนี้คำพูดดีดีไม่มีสักคำ,0
ปากเนี่ยดีจริงๆชั่งสรรหาคำมา,0
นั่นสินะคะแต่พี่ซาโซริเองก็ไม่ค่อยมาเล่นแล้วก็ทิ้งเคียวโกะไว้เหมือนกันนั่นแหละ._,0
อุ๊ยตายอิจฉาความสวยเธอจุงเบยยอิจฉามากอิจฉาจริงๆ,0
ให้เธอได้กับเขาและจงโชคดี,0
อ่ะๆขอโทดนะอย่าคิดมากล่ะล่ะสิ??,0
กับคนบางประเภท..จะให้เป็นเพื่อนยังยากเลย..ไม่อยากพบ.คบ.เจอ.ด้วย,0
เออกลับมาเล่นๆๆๆก่อนแล้วค่อยทำการบ้านอย่างนี้มันคงจะได้นอนเร็วอยู่หรอนะ,0
คนน่ารักใครคุยด้วยก็ต้องมีเผลอใจกันมั่งแหละ!!!,0
ของจริงเค้าไม่ค่อยเอามาิอกสื่อกรอกนะคึคึอย่างจีท๊อปนี้หลังกล้องหวานจิตายยยยยยลุงดนกับจียงเค้าเรียกว่าคู่โปรโหมต,0
"ทำไมคนอื่นมองได้แต่สามีมองไม่ได้รึไง""แหวนหายไปไหน!!",0
หากการโกหกเป็นการพูดที่ใช้ในชีวิตประวันรับรองชีวิตคุณคงไปได้ดี,0
เออเนอะ..แฟนแคมบีบีดิ้นๆมันคือสไตล์การแต่งที่แข็งแรงสมเป็นวงผู้ชายซะจริง!!!!,0
ชั้นว่าชั้นคงไม่ต้องอดอาหารว่างแล้วล่ะเห้อะ,0
ภายใต้ชีวิตที่เร่งรีบและเร่งเร้าด้วยสิ่งต่างๆเช่นนี้คำว่าลำบากวันนี้สบายวันหน้ามันจะเป็นวันใด?,0
คงไม่อยากกลับมาเมืองไทยละมั้งแทกุกแฟนซาแซงจะตายนิเนอะ,0
ไม่ได้อยากได้หรอกนะกล้องสีขาวๆนั่นหน่ะเล็กก็อเล็กสีก็ไม่สวย,0
อาบน้ำนอนอยู่หอมีความสุขดีจัง,0
เห็นเพื่อนด่ากันละมันเสียใจ'แน่จริงชาตินี้มึงอย่าดีกันนะมึงงานศพก็อย่าไปเผานะมึง55555,0
เนตเลวแรงจนน่าใจหาย,0
อยู่ๆก็ประจานความโง่ตัวเองลงเฟสบุค555,0
โถ่วววน่าสงสารจริงรับภาระทุกอย่างเชียว,0
อารมณ์เสียยยยยยเชี่ยยยยจะไปปาร์ตี้!!!!!!-___-,0
พอเหอะๆข้าเหนื่อยแล้วเอาไว้ซ้อมตอนบ่าย...หลังสอบอังกฤษเสร็จก็แล้วกันนะเพื่อนรักที่สุดดดดดด,0
ไม่ต้องมาแล้วเข้าใจมั้ยจะไปติ่งวงน้องแทนแล้ววงพี่ปีนี้ไม่ต้องมาแล้ว,0
พูดไปงั้นอะครับเอาจริงๆแล้วผมทำไม่ได้หรอก,0
ทำไมผู้ชายม.4สีม่วงช่วยงานดีจังเลย^___^,0
คนไทยสำนวนไม่แพ้ชาติใดในโลก,0
มีแฟนแล้วมันเหนื่อยเป็นโสดแม่งเลยดีมั้ย!!,0
ชอบแอร์พอร์ตลิงค์นะที่นั่งเยอะดีอ่ะคราวหน้าเสื่อพร้อมพูดเลย,0
เรียนการงานนี่ดีนะครูก็.....(น่ารักค่ะ)ห้องนี่ลมพัดเย็นสบายเวลาเรียนนี่ไม่เคยง่วงค่ะ,0
คะแนนเลขเพิ่มแม่งทำเบสซี่ปริ่มเหมือนกันค่ะ555555,0
จุดเริ่มต้น..ของจุดจบ!,0
ไปตั้งจุดแจกน้ำแถวสวนลุมดีก่าาา”//ฮู้วววเทใจช่วยขนาดน้านนน,0
แค่อารมณ์...??,0
จะให้คิดถึงใครถ้าไม่ใช่คนร้องไปดูรายการวิทยุที่ออกวันนี้นะยูอินนาอ่ะคึคึ,0
ฮาตรงเครดิตรูปที่สนามบินทั้ง2รูป5555+,0
หายสักที...ฉันก็แค่กินลำไยแต่ทำไมเลือดกำเดามันไหลนานเวอร์จังวะแล้วดันไหลน้อยๆๆๆๆๆ,0
กูไปอ้วกแป๊บไม่คอยจะหลงตัวเองซักเท่าไหร่,0
หง่ะ....แต่ไม่เป็นไรหรอก..เอาภาพไปด่านายกประกอบกับภาพก็พอใช้ได้หล่ะ,0
ให้เติมเงินโทสับก่อนเถอะจะคุยแหลกเลย,0
มึงควรจะอัพทุกวัน'',0
นี่กูบั้มจากเกาหลีแล้วส่งมาทางน้ำรึป่าวว่ะแกรรรรรนานเป็นหมื่นๆปีหล่ะ,0
วันนี้รถไม่ติดเลยยยยยย,0
มีแต่คนโง่เท่านั้นแหล่ะ.....ที่ยังทนเป็นควายให้มึงจิกใช้อยู่ทุกวัน5555ก๊ากกกกก,0
คือบับถ่ายรูปตอนเราแหกปากร้องเพลงป้ะคือมันไม่สามารถจะสวยได้อยู่ละะะะะะ,0
กรี๊สสสนี่พรุ่งนี้ต้องไปโรงเรียนอีกแล้วหรอคะรู้สึกขยันขึ้นมาเลยอ่ะค่ะ,0
สนุกมากก555555,0
เมนูลดความอ้วน&เมนูเพื่อสุขภาพ,0
อื้มๆกำลังใช้เวลาอยู่ตอนนี้เฟลโครตๆเฮ้ออเม่งเซ็งว่ะ,0
ปล่อยมันว่างงานไปเถอะค่ะเงินมันหมดเดี๋ยวก็กลับมาเองฮืออออออ,0
ชั้นนะรักจุฑาเทพสุดติ่งหัวใจ,0
5555แกดูรักจุฑาเทพมากกกกกกเลยนะ,0
เม้าส์บอกเห็นเวจแล้วเหนื่อยก็ไม่ต้องเล่นมันเซ่,0
คำพูดลองมาเป็นคนรับฟังเองบ้างสิ.,0
พาลครองเมืองเพราะบัณฑิตไร้น้ำยา,0
มะกี้ใครทวิตน่ะคุ้นๆอ้าว!!ยังเล่นทวิตอยู่เหรอ,0
ต่อไปใช้แต้มเป็นจุดเอา555,0
หรือว่าคนกรุงเทพฯไม่เอาเสาไฟฟ้า,0
ทีคนอื่นล่ะตอบจังนะค่ะ,0
เอ๊ะ...อ่านเมนชั่นนี้สองรอบก็แล้วสามรอบก็แล้ว...นี่มันกันนี่หว่า555+,0
ผมตายแล้วฮะ--,0
ถามหน่อยเหอะ'นี่ฉันผิดอะไรทำไมเธอถึงเป็นแบบนี้,0
เตรียมพร้อมสู่การทัศนาจร,0
ถ้าเธอไม่ติดมช.ฉันจะคบเด็กคนนี้แทนนะ:(,0
บัตรโคตรจะสวยเลยน้องคลาส--,0
ชีวิตนี้กูเก่งไม่กี่เรื่อง/กูภูมิใจ==,0
หลังจากค่ารถสูบไปแล้วเมื่อขามาแล้วมีความสุขนิดนึง555555,0
ไม่ตอแหลก็ได้,0
เฮ้ยนี่เรื่องเล็กๆนะเเค่เกมส์ทำเป็นเรื่องใหญ่ใจปลาซิว,0
55555ชั้นไม่ได้ดูพอนั่งสมาธิจนง่วงก็หลับเลยเดี๋ยว'ตื่นสาย',0
*จุดพลุ*ทราบซึ้งจริงๆฮะ--,0
ธรรมดาไม่ได้ออกงานนาน(มาก)ก็งี้,0
55มาทานซัก3ชิ้นมั้ยคะหมีเค้าแจก5ชุดเอ๊ง,0
ขอบคุณที่ทำให้รู้ว่าอยากคุยด้วยมากกกกกก,0
จะแคร์ทำไมแค่ผญคนเดียวมีอีกเป็นล้าน,0
เอาไว้ฉันเซียขึ้นห้องกับผู้ชายหรือรูปจุ๊บกับผู้ชายที่แบบดูดดื่มเมื่อไรฉันถึงจะเชื่อว่าชีเขาเป็นเกย์,0
หึงหราาาาาา,0
ก็ปชต.ไงครับคุณต้องรับได้สิเขาห้ามพูดคุณต้องต้องไม่พูดเขามีเสียงมากกว่าต้องตามเสียงข้างมากสิครับ,0
เรามันคือคนเก่าาาา,0
นอกจากนางจะสวยแล้วนางยังชอบแถอีกนะคะชื่นชมนางรัวๆ,0
คงงั้นมั้งเพราะไม่ว่าครูเค้าจะสอนยังไงเราก็ไม่เข้าใจ,0
ใครก็ได้มาดึงมีดกลางหลังออกให้กูทีมีคนมาแทงไว้นานแล้วสนิมแม่งแดกละเนี่ยเสียดสี,0
เมื่อตอนเย็นก็เตะตอนนี้ก็ถีบพี่ราชาโหดร้ายกับเสือน้อยใสใสแบบผมจังเลยนะครับ......,0
ถ้าคิดว่าชีวิตนี้ตายแทนใครได้ก็จงรีบเสียอย่าได้รีรอ,0
พิ้งกี้นิสัยดีเนอะ,0
ถ้าจะมาเป็นโคลงแบบนี้อีกนิดก็แต่งฉันท์เลยสิน,0
อนาคอนด้าตัวเล็กเท่าพยาธิตัวจิ๊ดเองนะ,0
เรามันลูเซียสเรามันปากเป็ดเรามันฆาตรกรไม่มีใครชอบเรา,0
อื้อ..ไม่หื่นเลย......,0
ถ้านายลาเชต้าจะเคะใสซึน......ผมคงเป็นตัวโปร่งแสงไปแล้ว==......,0
เพื่อกูแม่งต่อยกันจริงจังจาเรื่องถึงครูหนูขนาดนี้..เดี๋ยวกูสร้างเวทีมวยให้เลยเอามั้ย?555555,0
ทางนู้นหนาวแล้วเหรอคะทางนี้ก็หนาวแล้วนะคะหนาวจเกือบต้องใส่เสื้อกล้ามเดินไปเดินมาแน่ะ...,0
โอ่ยการบ้านเยอะแยะเลือกไม่ถูกเลยจะทำอันไหนก่อนดีน่าทำทั้งนั้น??,0
ดินฟ้าอากาศยังหรอกกูอีกหน้าอะไรกันเนี่ยฝนตกแดดออกลมไม่กระดิกหนาวจริงๆเลย,0
เลิกเที่ยงก็ทันนะเอาเถอะยังไงก็ได้เจอเรียนให้สนุก,0
มอนิ่งครับบบบบบ*เกือบขันแทนไก่แล้ว*กินแม่งทุกวันกูจนจะบินได้ละ,0
//ตบบ่าชีวิตนี้ยังอีกยาวไกลครับ@__เป็นห่วงเป็นใยเหลือเกินนะ.,0
นั่งตากแดดรอ,0
ล่มอีกแหนะมาม่าน่ารักจัง=___=,0
เป็นห่วงเป็นใยเหลือเกินนะ..,0
โอโมอิ-เดี๋ยวฉันสู่ขอให้เลยมั้ยล่ะ,0
จะอ่านหนังสือวางโทรศัพท์ไม่เคยได้ติดแน่นอนน,0
ตอเรสกูง่อยรึไม่ยิงบ้างล่ะ,0
ญ.สเปคต้องนำแฟชั่นก้ช่ายซี้...เป็นนางแบบนิ๊....,0
"บอกเลยนะเน็ตทรู3เร็วระดับ""เต่าคลานแซง""ได้อ่ะเร็วขนาดนั้นอ่ะคิดดู!",0
พี่นัทก็เงียบดีจังหน้ออออ.ชริ!!!ใครสน.น้องก็ไม่ว่างเหมือนกันแหละ!!!,0
ปิดเทอมแล้วนานมากกกกกก,0
ชั่วโมงเดียวเองไม่ร้อนเลยด้วยรอได้จ้า,0
เพลียกับข้อสอบเคมีกะคณิตเพิ่มข้อสอบน่ารักมากก,0
โถ่หลานๆน่ารักทั้งน๊านนนนน,0
โอ้ยยยเพลียนี่แหล่ะออกตรงๆไม่มีประยุกต์เลยแม้แต่น้อย,0
??เย้พรุ่งนี้ได้รถแล้ว??ขอกราบขอบพระคุณเป็นอย่างสูงที่ซ่อมรถข้าใช้ระยะเวลาเพียง2เดือนเศษ,0
นูนาควรดีใจรึงายยยยยยเพิ่งมาฟอลโดนตดให้ดมควรจะภาคภูมิใจซินะ,0
เฮ้อ!!!ถ้าหนังสือสอบอ่านแล้วตื่นเต้นเร้าใจเหมือนอ่านฟิคหรือดูซีรีย์แล้วล่ะก็ป่านนี้ฉันคงได้เกรด4ทะลุไปยังเกรด5แล้ว,0
"ดูคอนมาขนาดนี้แล้วไม่ต้องใบ้แล้วก็ได้จ้า""หนุ่มๆเป็นเวลา""สงสัยว่าเป็น2มั้ง",0
วันนี้ไม่ชานโด้ไคแบคแล้วหรอ,0
ฝนที่พรำกระหน่ำอยู่รู้หรือไม่เพราะคนใฝ่แต่จะหาเพียงทรัพย์สินโค่นต้นไม้ตัดถนนคนสบายแล้วเป็นไงวันนี้สบายดีไหมในธารา,0
เน็ตโทรสับ1-2-สัญญาณแรงมหาศาล!!!,0
แค่นี่เองอย่างละไม่กี่คอร์สเอง,0
มึงจะคู่ใครมึงก็ไม่ตอบไลน์กูเหมือนเดิม,0
สรุปคือน้ำตามึงก็ไม่ได้มีไว้ให้พวกกูแค่คนเดียวสินะ?,0
โหะๆๆคะแนนแต่ละวิชามันช่างบ่งบอกถึงรอยหยักในสมองกูซ่ะจิงน่ารวั๊กอ่า><,0
พยายามเอาแพะมารับผิด**มันเป็นเรื่องปกติไม่ใช่เหรอ,0
สนุกใช่มั้ยงานราตรีบัวบาน555555,0
"แม่บอกว่า...""""คำมากมายที่แม่พูดเหมือน..",0
คืนนี้เวลาที่เหลือฉันขอมอบให้วิชาธุรกิจการเงินล้ะกันจะอ่านยังเช้าเรยเมิงงง,0
การบ้านเยอะดีจริงๆ-[]-,0
ใช่ตอนเรารักกันแม่งไม่ัมีเหตุผลหรอกตอนเลิกกันมานี่สิเพียบเลย!,0
เน็ตโครตเร็วเลยยยยยย,0
ซุปเคร้องเพลงโครตเพราะะะะะะน555555,0
ยังไม่มีกำหนดอาจปีหน้าซะละมั้ง?มอนิ่งฟลว.~~,0
วันนี้เป็นวันที่สดใสที่สุดในอาทิตย์-0-.,0
กินโจ๊กก่อนไปเรียนวิชาโปรด(หรอ?)==,0
เดี๋ยวสแกนให้เลยป้ะ,0
ฮิปปี้หลังเขาเคยกล่าเอาไว้ฝืนใจวันละครั้งชีวิตจะเจริญขึ้นทุกวันนี้ก็ฝืนใจไม่ให้รักเธอก็จะลงแดงตายทุกที,0
ทำบอทอิบูมมี่เลยมะ-0-แง,0
ฉันไม่ดีไม่สวยไม่จัดฟันไม่เรียบร้อยไม่น่ารักเธอเลยไม่สนใจ,0
กีฬาอ่อนหวานทั้งนั้นเลย,0
เฮ้ยยยยยยคนสวยเหมือนเราเลย555555เรามาช่วยเขาเปิดตึกน่ะ-__-;;,0
ฝนตกหนักวันกลับหออยากป่วยจ้า,0
หรอค๊าบบบเหมือนจะมั่นใจเลยเน้อะ,0
แม่บ้านที่หอแม่งมารยาทงามจิงๆ..,0
"ก็แค่องค์กรเล็กๆ""อบต.บางพลีใหญ่""ยังใหญ่กว่าซ่ะอีกอู่ตะเภาก็ปล่อยมันล้างๆแบบนั้นแหละใครจะทำไม",0
มาแบบเซอร์ไพรส์ตกลงว่าร้องก้เหมือนไม่ได้ร้องเยี่ยม!คราวหลังบอกตอนวันงานเลยนะฮร้า,0
ผมจะตีนูน่า=_=?กลัวจางงงงง~~~~555555,0
"พี่สมบุญไปเมาชีสไบร์ยังมิมา""//หิวข้าวจัง",0
เลิกกับเมียๆๆๆๆๆๆทั้งหลายให้ได้ก่อนเหอะ,0
ฉึก!!*เอากรรไกรแทงท้องตัวเองตาย*,0
เซนเซอร์ซะกูจำรากศัพท์แทบไม่ได้,0
ตกมันเข้าไปฝนหน่ะ~อย่าหยุดตกนะถ้าหยุดนายตายยยยย!!!*ชี้ฟ้าด่าฝน*55555,0
พี่ถ่ายรูปหน้าใสๆของพี่ให้ดูบ้างสิค่ะเต๋ากับคชาจะแข่งกันเสื้อบางไปไหนวะ?หรือเพราะเมื่อเป็ดมันใส่เสื้อบางแล้วก็ไปอัพกล้าม?555555,0
เชียร์หงส์แบบฉันสบายใจกว่าแยะบอลลีกฉันจบไปนานแล้วว่ะฮะฮ่าาา,0
กูก็ไม่อยากพูดอะไรมากนะเพราะกูไม่ได้เพอเฟคท์เท่าเธอ-/-,0
จ้าแม่อ้วนท้วนสมบูรณ์!!55-_-~,0
นี่เป็นครั้งสุดท้ายที่จะถามแล้วต่อไปจะไม่ถามอีกลืมได้ก็ลืมไป๊!,0
ร้อนขนาดนี้เอาไฟมาเผากันเลยดีกว่าไม๊??????,0
ซึงไปหาไอยูพี่จีก็โกรธเซ่--,0
อื้อหือ--สะบัดเต็มหน้ากูเลยค่ะ,0
กรุงเทพมหานครณตอนนี้หนาวมาก.....,0
ไปหาเพื่อนใหม่แต่แกมีเยอะแล้วนี่555,0
จะไปเติมตังโทรศัพละจะมาโหลดแอพลงมือถือ,0
ไม่ต้องคิดถึงเค้าก็ได้^!-.-,0
ไทยจะได้ไปบอลโลกเพราะทีมอื่นเขาผิดกติกาแมร่งโครตดีใจเลยว่ะ,0
หนาวจริงๆเลยตอนนี้-.-,0
เธอจะรักใครเรื่องของเธอฉันรักเธอสิทธิ์ของฉัน,0
เสียงตื่นมากจริงๆ,0
วิทยาศาสตร์เข้าหัวกูมากกกกกก,0
วันนี้เบาๆหายไปแค่ห้า,0
มีใครอีกคนอยู่รอป๋าตรงนั้นป๋าเกรงใจเขาไม่อยากให้เขารอนาน...หุหุุ,0
ก็มันนานจนพี่ลืมไปแล้วนิ๊ค๊าบบบบต้องเตือนความจำกันนิดนึง><,0
มันยุติธรรมมากเลยนะจีดีเอเนี่ยอีห่าถ้าขนาดนี้แล้วไม่ต้องส่งชื่อวงอื่นลงหรอกส่งแม่งชื่อเดียวแล้วให้แม่งได้ไปวงเดียวเลยไป,0
"ใครคือ""เสกโลโซ""หรอครับ?เห็นกำลังเป็นข่าวเรื่องเสพยา",0
คนจนแสนดีคนรวยแสนเลวช่างยุติธรรมดีเนอะ,0
เอสเอมน่ารักอ้ะ!!!!!!,0
คือแบบที่อยากลงหลุมบ้างอะไรบ้างก้แค่อยากไปดูว่าไอชุดลูกไม้ขาวๆนั้นเริ่มเปื่อยแล้วยังเหนใส่ทัวร์ทั่วแหละแถมใส่ถ่ายอีกกชัน,0
"วันนี้จิตรชนกขอเสนอคำว่า""รักกันมากป้ะ!!!""ถ้าวันนี้ใช้คำนี้ไม่ครบ100ครั้งกูไม่นอนอ่ะ",0
กรุงเทพหน๊าววววววหนาว,0
หิมะก็อาจจะตกในสำนักงานกฏหมายกูก็ได้!!55555+,0
คุณแพรค่ะ^^ขวัญอยากให้คุณแพรมาสอนบทแบบนี้ให้ขวัญจังเลยขวัยไม่ค่อยจะเก่งเรื่องแบบนี้เท่าไหร่^^,0
รัฐบาลมาร์คทำไสยศาสตร์เรียกลมเรียกพายุ5ลูกเข้าไทยเพื่อล้มรัฐบาลปูใหม่,0
เขื่อนไทยปล่อยน้ำกลั่นแกล้งรัฐบาลปูเวียดนามเขมรพม่าท่วมร่วมด้วย,0
ที่ไหนรัฐท่านว่าไม่ปลอดภัยหรือมันจะปลอดภัยนะ,0
อ็กไฟว์ไป2011กูก็อยากจะถามว่าทำไมเดอะบอสไม่ไปแล้วกูก็คิดขึ้นได้อ้อว์แม่งไปสิงอยู่ยุ่น,0
รอจนเหงือกแห้งไป10ตลบก็ยังไม่มาใช่เสะพวกแกมันศลป.หย่ายย,0
อ่านแล้วฮาาาามากกกประทับใจ4กานถ้วนหน้า555555,0
มีลูกจะตั้งชื่อว่าอิลัสสเตเตอร์หรือไม่ก็โฟโต้ชอปสมัยหนุ่มๆพ่อรักไอ้พวกนี้มากอยู่กับมันทุกวัน,0
ศุกร์นี้สบายเกินไปหน่อย:((การบ้านทับตาย____',0
วันงานที่ว่างๆลานโล่งๆปยช.จะได้รู้ว่าฟค.หล่อนในไทยไม่เแน่นขนาดนั้นนะย้ะรู้ตัวไว้ด้วย..เชอะ,0
"ผีห้อยหัวแล้วร้องว่า""แฮ่!!!""โอ๊ยขวัญเอ๊ยขวัญมา",0
กูจะไปซื้อไอโฟนสี่หลังจากซื้อไอพอดทัชและก่อนไอโฟนห้าออก,0
ตัวใหม่ๆคงไม่มีปัญหามั้งแต่เราก็จะเล่นกล้องฟิล์มไปด้วยแม่งเลยเพราะมันต่อกับเลนส์กล้องฟิล์มได้อีกไม่มีเหมือน!,0
เย้ๆ...พวกเรามาติดในลานจอดพารากอนกันเถอะ.,0
อยากวินเทจไปเล่น5เขียนไดอารี่ออนเอ็มเลยดิวินเทจดี!!!,0
เออเคยคิดว่าหรือมันไฮเทคกว่าที่เรารู้วะแบบจริงๆไม่ได้แสกนของหรอกมันตรวจจับคลื่นสมองว่าใครคิดก่อการร้ายไรงี้..,0
กูจะหันไปคบหาดูใจกับนิฮงโกะคุงแทน!!อีตายูริโลเวลก็เชิญไปบี๋กับทั้งยัยหัวชมพูทั้งนังเด็กกระหรี่ตามสบายย่ะ!!,0
อยากลดความอ้วนแต่อัพรูปของกินรายชั่วโมงมันต้องผลแน่ๆ,0
ยุนโฮเก่งจังทวิตภาษาอิ้งงงงเป็นเรื่องเป็นราว555555,0
เรียนคาบแรกก็โดนสั่งรายงานเลย-0-รายงานวิชาพละด้วย!!หาง่ายมากกกกกก,0
จะยิ่งปวดหัวนะคะคนรอดูแลเยอะเกิน,0
แหม..ใจดีมากเลยค่ะ,0
อีหนูอกเปลือยทั้ง3คนจ้ะดังใหญ่แล้วเอ้ยพาประเทศไทยดังไปด้วยดีใจด้วยนะขอบคุณมาก,0
เอ้า...สู้ๆ>>>ทำมคอ.3สัก16หน้า>>>จิ๊บๆเด๋วก็เสร็จ^^,0
ขนาดโครงข่าย3เรื่องจิ๊บๆของประเทศลาวกัมพูชาแต่คนไทยยังไร้ซึ่งวาสนาที่จะได้ใช้..รอชาติหน้าตอนบ่ายๆจะได้ใช้หรือปล่าวว,0
ชลบุรีฟาวล์ไป8การท่าเรือทำฟาวล์ไป16/จะมีมวยแถมไหม?,0
แล้วเห็นคนตายบ้างไหมคร้าบ,0
ขอบคุณทุกสำนักข่าวที่ช่วยกันออกเผยแพร่เรื่องจริงของความผิดที่ซองกยูอปป้าไม่ได้ก่อขึ้น...ขอบคุณจากใจจริง...,0
ว้าววววง่ายเจรงงงงงเกิดมาไม่เคยเจองานไรง่ายขนาดนี้นะน่าจะสั่งงานที่ยากกว่านี้,0
อิน้องคนนั้นอ่ะถ้าจะมองแล้วดี๊ด๊าขนาดนั้นนแนะนำให้พุ่งมาขอเบอร์มันเลยยยยย,0
ตู้คาราโอเกะยังตัดสินได้ยุติธรรมกว่าฮ่าๆ,0
ถึงศาลจะยกคำร้องแต่ใจของน้องยกให้พี่คนเดียว555555,0
ทำไมเด็กสมัยนี้ไวไฟกันจัง?(เราเองยังไม่มีค่านิยมนั้นเลยเรามันตัวประหลาดหรือเปล่าอะชักหวั่นใจ),0
แอบดูมากๆระวังเป็นตากุ้งยิงนะจ๊ะ,0
ไม่โปรเลยแฮะไม่เหมือนปล้นร้านทองได้เป็นแสนกล้องวงจรปิดก็ใช้ได้ดี,0
อา...ลืมตัวถามเรื่องลิขสิทธิ์กับคนไทยไปฉันคงได้คำตอบหรอก-..-,0
เทียบกับเงินเดือนเราๆคงประมาณโดนหักซัก...ร้อยนึงล่ะมั้ง..โหผมโดนร้อยนึงนี่เศร้านะ,0
+ก็ยังจำเป็นนะ!สำหรับคนที่ชอบกับเราเค้าหาคำว่าไม่เจอ!,0
เรียนรัฐศาสตร์หากจบไปจะเข้าไปโกงบ้านโกงเมืองกับเขาบ้าง//55555เบลสื่อสารแต่ไม่ได้ไปสอบเป็นปีแระ,0
เน็ทออฟฟิศอาร์ทอีกแล้วคราวก่อนไม่ได้คราวนี้ไม่ได้สงสัยคราวหน้าจะไม่ได้,0
แล้วถ้าคนที่มีแต่บัตรเหลืองหล่ะคุณจุรินทร์,0
คนเจ็บคนตาย..อย่าได้เป็นห่วง...ผม(นายกฯ)คงไม่รับผิดชอบ..เพราะพวกคุณฆ่ากันเอง,0
"เพราะพวกเรานั้นใช้:""กล้องลูกเมียน้อย""/*ตบไหล่อย่างเข้าอกเข้าใจ*",0
วันพรุ่งนี้คนอืนเค้าหยุดกันแต่กูไปทำงานเยี่ยม!!,0
ตกเลยๆทำงานอยู่บ้านจะได้ไม่ต้องกลับ!!,0
อิ่มครับอิ่มถึงพรุ่งนี้เลย=.=@แมคโดนอลฟอร์จูนทาวน์,0
จะไม่โทรหาอีกแล้วนะขี้เกียจ,0
คันไม่พอพอเลิกคันเป็นแผลเป็นอีกโว้ยยยยยยนี่กูต้องมาเป็นอีผิวน็อตตอนโตขนาดนี้นี่นะเป็นอะไรที่...,0
นึกว่าดูหนังสำเนียงเมืองผู้ดีมากขอบอกเถอะ,0
คือเน็ตเร็วมากอ่ะะะะ555555,0
3คือโดนเหวี่ยงช่วยไม่ได้อ่ะเน็ตมากากตอนนี้ทำไมยะ!!!แต่เราขอโทษเราไม่ได้ตั้งใจนะ,0
ขอบคุณสิวที่ขึ้นบนใบหน้าของกูตอนใกล้เปิดเทอม,0
พรุ่งนี้วันไรวันรับเกรดดป่าวน้ะวันอังคาร,0
ร้องเพลงเพราะจังค่ะ><,0
ขัดใจอย่างเดวชุดแดงๆๆๆคือจะล้ำไปปะ--,0
คือหลายอย่างละนะแต่ทุกอย่างไม่เคยเป็นของค่ายเลย555555,0
ขอบคุณสำหรับทุกสิ่งทุกอย่างที่ผ่านมา:),0
แรงจังเนอะ....,0
ไฟก็ยังงไม่มาเป็นอะไรที่น่ารักตลอดๆ,0
อยากจะเมนชั่นให้ดูแต่ก็กลัวเมียหลวงจะรู้ว่าเราชู้กันว้ายยยยยยประโยคนี้ให้ลุงเอาไปสี่สิบเถอะมีแค่500ลุงวินไม่รับ,0
ถ้าเน็ตจะเร็วขนาดนี้ไหม,0
ทำอย่างกะดีมากจนเขาเอาเมิง.____.,0
"น้องเค้า""ฮ็อต""แต่กู""เหี้ย!!""55555",0
อูยยยยเน็ตหอเร็วเกินจะดูไหลรื่นไปมั้ย,0
วันนี้อิบัตรรูดโรงเรียนกินตังกุ้งขร่ากินตังไปเยอะมากขร่า,0
หนังสืออินโทรบัสเล่มหนาเหี้ยๆวันไหนมีเรียนอิ๊งซายแมนอินโทรบัสพร้อมกันกูไม่ต้องแบกเป้ไปเลยเหรอช่างเข้ากับรองเท้าจริงๆ,0
เห้ยยยตัวเองนอนยัง-.-แทมเป็นบุรุษเพศที่แบบได้เป็นแฟนนี่โชคดีมีชัยตลอดปีและตลอดไป?555555,0
อื้อ4555555แหม่!ทำอะไรน่ารักๆกันอีกแล้วภูมิใจจัง,0
ฟินมากกกกกกเถอะ--,0
มากกกใช้ภาษาได้น่ารักมากกกก,0
เค้าทำได้เราก็ต้องทำได้!ไม่ลองไม่รู้!เถอะ-/\-จะรู้มั้ยว่าผมนอยด์นะ.,0
เกรดน่ารักมากกกกกก:-)555555,0
ถ้าไปฮ่องกงต้องหยุดเรียนอดเล่นคอมแต่ถ้าไม่ไป...กูก็ไม่มีอะไรทำอยู่ดี-*-ตัวเลือกเยอะมากกกกกก,0
อยากไปรรจังเลยมีเรียนเคมีด้วยโคตรอยากไปเลย,0
กล้องเพื่อนเราอักษรย่อนุ่.น.ชัดมาดดดดดด555555,0
ช่องห้าชัดจุงเบย-_-,0
ย่างก้าวเข้ามาตี2ล่ะอีกหน่อยตี3เฮ้ยยไม่เคยสดชื่นขนาดนี้มาก่อนเลยเอาเซ่!!!????,0
ฝันดีเเน่เลยเห็นรูปฟานี่เเค่ตอนขึ้นรถ-.-555555,0
.อากาศเย็นดีจัง55555—รู้สึกร้อนที่องค์พระปฐมเจดีย์จังหวัดนครปฐม,0
แค่นี้เองทำได้ต้องทำได้.,0
=-____-!นั่นนนสองเรื่องจิ๊บๆ555555,0
หล่อมากเลยครับ....ผมหล่อกว่าอีก-..-,0
กลิ่นห้องหอมมากเลยยยยยย-______-,0
คิดถึงปัตย์อ่ะ-___-!!555,0
มากด้วยแหละหุ่นถึงเป็นงี้ไงหุ่นอย่างกับนางแบบ,0
ของหน้าคอนอินฟินิทถูกมากกกกกกจริงจริ๊งงงงงง*เสียงสูง*[]ฮ่าาาาา,0
ลูกผมนี่มันประเสริฐจริงๆ,0
ตลกดีแฟนปาร์คว่ามางี้แฟนแจจุงว่ามางั้นเมนคุณไม่ใช่ศลป.เดี่ยวนะทำอะไรทำไมไม่นึกถึงเมนคุณบ้างเขารู้เขาคงจะภูมิใจน่าดูเหอะ,0
สตรีมมาแบบฟูลเอชดี--,0
กระแสเรียกเราว่า'ป้า'กำลังฟีเวอร์ใครไม่เรียกเราว่าป้าโค๊ดเชยชริงๆ(ิ?ิ),0
กูทาเล็บได้สวยมากกกกก,0
ค่ะะซึ้งใจเจงๆ~--,0
ยองแจเป็นคนที่มีรสนิยมการแต่งกายมากที่สุด,0
อ่าจ้าาาาารู้สึกอยากรวย....มากกกกกก,0
ไม่เหนื่อยมั้งไม่เหนื่อยเลย,0
เห็นแค่นี้ก็รู้แล้วหรอโห!!!!น่าจะไปเป็นผกก.สะเลยน่ะตาดีจิงจิ๊งงงง,0
โอ้ยยยขนจั๊กกูแร้อีกหน่อยคงมีแบบย้อมสีไรงี้น่ารักอ่ะ,0
ข้างบ้านนี้กล่องเสียงพระเจ้าสรรสร้างมากค่ะแหม,0
วันนี้เจอเพื่อนเยอะเลอแต่ละคนมาหากูด้วยความคิดถึง,0
ร้อนกว่านี้มีอีกมั๊ย??,0
เน็ตเร็วจนดูไม่ทันละ--ช้ากว่านี้ได้มั้ยยยย?,0
น่าเบื่อว่ะอยู่เฉยๆก็โดนแซะแม่งเจ๋งอ่ะ==,0
แต่งตัวเสร็จแล้วววววสวยงามน่ารักเป็นที่สุดภูมิใจในตัวฮามาโอะซังจริงๆค่ะ,0
แฟนหายในวันวาเลนไทด์มีความสุขดี,0
ไม่อยากสอบความน่าจะเป็นเลยตั้งแต่เรียนเรื่องนี้มาคะแนนกูดีเกินไปสงสารเพื่อนๆ,0
หนังบ้าไรคะแม่มโคตรหนุกอ่ะ!!,0
ใบ้มานี่แบบ..ช่วยได้มาก,0
ตกลงกูมาดูโฆษณาสิน่ะว้าวๆดีจุง,0
เหลือแค่วีนัสหนังสือพิมพ์แล้วก็มัลติ..น้อยจัง,0
ชมจ้าชม555555,0
หาดสะอาดเฟ่ออออว์,0
เค้าบออกว่าเกลียดอะไรก็จะเจอสิ่งนั้นตลอดไปค่ะแหม่!!!-_-,0
รุ้สึกพรุ้งนี้ต้องสอบอีกแล้วไม่เป็นไรกูไหมมมฮ่าาาาา,0
ไม่อ่านและก็ไม่ตอบคือ,0
เยอะได้อีกนะเยอะได้อีกกก,0
รักกันนานๆ--,0
มีทั้งน้ำตก&น้ำพุด้วยนะ...น่าอยู่ดีนี่,0
2~~~ต่อสู้กะชีวิตต่อไปวันจันทร์ที่น่ารักฉันรักเธอน่ะ,0
เหยดห้องใหม่โครตสะอาด,0
เพิ่งจะรู้ตัวว่า...กดชัตเตอร์รัวไปหน่อย6ชอต!!!สายตาเต็มใจให้ถ่ายมาก,0
"คำว่า""การบ้านล้มทับหัวตาย""มันเป็นอย่างนี้นี่เองขอบคุณอ.นะคะที่ทำให้รู้จักคำๆนี้",0
"ถ้ามีลูกกตัญญูอย่างเจ๊ก็ไม่ไหวนะ--""",0
ปวดท้องอ่ะสงสัยกินน้อยไปหน่อย,0
ทำไมอากาศหนาวขนาดนี้เนี่ย!!หนาวจนเหงื่อไหลท่วมตัวเบย-0-,0
เราจบรุ่นสุพรรณบุรีเอฟซีค่ะ,0
การ์ดที่ยืนอยู่อ่าเป็นพ่อซูยองหรือเด็ดเดบิวส์คนใหม่อ่าหล่ออมากกกกกก,0
ถ้าศตวรรษที19ตึกจะหน้าตาเหมือนกันหมดขนาดนี้ก็คงจะจำได้หรอก,0
_ยิวเมนซึงรี-..-เพราะมันใสๆดี555,0
ชาลิปตันร้อนไปนะมาชิตะก็เค็มไปนะนึกภาพเวลากินอร่อยฝุดๆ,0
แต่นี่!นี่มันสลับกันเหอะนี่กูมีงานค้างดีมต้องมาช่วยกู?,0
ไม่ได้ไปนิติเวชต้องอยู่เตรียมสอบก็ดี,0
เอิ่มญาญ่าคะบอกว่าชอบทุกคู่เลยนะคะดูให้คะแนนซิเยอะเว่อร์,0
เหมือนเค้าอ่านแล้วจะรู้เรื่องงั้นแหละ==''ยิ่งเข้าใจอะไรยากๆอยู่ด้วยเอางี้ไม่ต้องอ่านซะเลยดิพี่ซิน,0
เหนื่อยจังไปได้แค่ไม่กี่ข้อเองรักโปรเจคไทล์จังเลย,0
เวลาโอป้าเขินคนอื่นไม่เคยรู้ๆๆ,0
รางวัลเล่นเปียนโนหนวกหูอวอร์ตได้แก่......อิบ้าข้างบ้านน้ำฝนค่า,0
ถ้าคชาจะอัพรูปแบบนี้......หล่อมากพ่อเอ๊ยยยยหล่อที่สุดในสามโลก==;;;;,0
มีบีสท์ที่ไหนมีคาร่าที่นั่นทำไมไม่จัด,0
พอล่ะกลับกระแสที่น่ารักไปหาไรทำที่มันดีกว่ารักษ์แบบจอมปลอม,0
ค่ะคุณหน้าตาไม่ดีเลยยยยธรรมดามาก~~ถ้าเธอหน้าตาบ้านๆพวกอิฉันคงใต้ถุนบ้านแระคร้าาา555555++,0
กินข้าวคนเดียวมันเป็นอะฑรที่อร่อยเนอะว่าม่ะ?-..-,0
วิปอินโดนี่พูดเลย...โคตรโชคดีอ่ะได้ยองเบเป็นการ์ดให้ด้วยประเทศอื่นพี่เบ้ยังไม่ลงทุนขนาดนี้เลยนะขอบอก,0
กรุณา..อย่าหยุดเวิ้นเว้อจงยึดมั่น..ในการเพ้อเจ้อต่อไป,0
อยู่หอนี่สบายจังมีคนร้องเพลงให้ฟังด้วย,0
2000บัตรถูกสุดแล้วปะโอ้วถูกจริงอะไรจริงนึกว่า900ตั้งสเปคต่ำไปเนอะสำหรับค่ายนี้[],0
พรุ่งนี้ก็สอบละอิชั้นนั่งดูซีรี่ย์ฉะบายใจจุงเบย>_<,0
ทำไมแคมคอนแบล็คที่ยุ่นมันเยอะอย่างนี้ประมาณสามแคมถ้วนเห็นจะได้==,0
"ไม่แคร์นะนิหน่า5555""คะพี่!!!!!!",0
กูพึ่งรู้จากไทยรัฐเนี่ยแหละว่าวันเดอร์เกิร์ลมาจากเอสเอ็มสื่อไทยยอดเยี่ยมจริงๆ,0
3ปีแล้วพี่ทั๊ปพูดภาษาญี่ปุ่นได้เป็นต่อยหอยเลย......,0
กูรู้และไปมีทกูจะซื้ออะไรให้อิกยูกระเป๋าโรงเรียนก้ากกกกได้จำไปทั้งชีวิตแน่แก,0
จะสมัครอีกทวิตเกรียนอะไรดีจะได้ดังเหมือนวิบ้าง555,0
ห่างจากทวิตไปไม่ถึงชั่วโมงเรากลับมาอีกแล้ว!การบ้านก็ยังไม่เสร็จเย็บสมุดก็ยังไม่ได้เย็บเจริญจ้า!,0
บอกน้องเค้าไปเวลาเดินให้ระวังสะดุดชายกระโปรงด้วยนะคะน้องขา,0
อะไรที่ทำแล้วมีความสุขก็ทำไปเถอะค่ะด้วยความยินดี^______^,0
แหม..ไคฉะก็เล็กนิดเดียวบันทึกข้อมูลทั้งหมดเองคนเดียวสบายค่ะ*ยิ้มหวาน*,0
ต่อนี้ไปเราก็ไม่ต้องง้อสวนสยามละเนอะเพราะไปที่ไหนๆประเทศไทยก็มีทะเล,0
ดีนะลาดพร้าวก็มีทะเล/ทาว์นอินทาว์นมีทะเลสาป//อันนี้หนักกว่า555,0
8ประเทศวัฒนธรรมภารกิจแรก-พบประเทศโจทย์ภารกิจที่สอง-คิดงานฟินาเล่,0
คืนนี้จะเล่นเกมส์เศรษฐีถ้าได้เงินมาเยอะๆกูจะได้มาซื้อประเทศนี้บ้าง,0
แบบนี้คือประชุมครับ,0
แน่นอนอ่ะ555555หยกยิ่งตื่นง่ายๆอยู่,0
มีแต่วิชาที่คะแนนกูน่ารักเนาะเยี่ยมไปเล้ย!,0
"เมื่อกูบอกว่าจะไปห้างเอาเงินให้1000แล้วบอกว่า""ไม่หมดไม่ต้องกลับ""55555????",0
เออออออคือดีทำงานตั้งแต่6โมงเช้าถึง6โมงเย็นดีจริง-*-,0
สรุปผช.ไม่ตกถึงท้องนานแล้ว??????เนี่ยคนไม่อยากรู้ถามก็ถามแบบนี้แหละ,0
ไม่ออกเล้ยยยยยย,0
เยซองนี่เข้ากรมตอนไหนนะทำไมออกจากกรมแล้วละ,0
โอ๊ยยยยยยกูขรรม์!!!(?)เพิ่งจะเดบิ้วต์ไม่ถึงวันมีแท๊กแอนตี้แล้ว?รู้สึกกระแสจะดีจริงๆเลยน้า...555555+,0
โดนวะให้แม่งมีแต่ผช.ไปเลยข่าาา,0
คงจะเฉยเมยเหมือนตอนนี้ป้าแกไม่ซี,0
ไม่ต้องมาก็ได้นะชั้นขี้เกียจรอแหละงานยุ่ง,0
ไท่ต้องทำห่าไรแล้วกูอ่านมาจะลืมหมดแล้วกลับไปเลีเยงควายที่บ้านแมร่ง,0
ใช่ค่ะแค่มายทำใจล้ะค่ะปล่อยพี่เย่เอาใจใครก็แล้วแต่นางค่ะ5555,0
เลิกเรียนแต่ฝนตก!!เป็นอะไรที่เยี่ยม!!!,0
ถ้าเลือกตั้งไม่โกงมันก็ไม่สนุกสิคับ555,0
เกลียดเพลงเปิดตัวมากนะแต่ละเพลงนี่น่ากลัวเชียวววววววว'อย่ามาจิจ๊ะให้มันมากไปปป..',0
โอเซฮุนสุดแมนของแม่,0
วุ้น:พี่แวนหนูอัดคลิปม่าบอยมาให้ดูด้วยพี่แวน:เออดีๆๆๆเปิดเลยวุ้น:แต่หนูอัดมาแค่จบฮุคแรกนะพี่แวน:เออขอบใจที่ยังอัดมาให้,0
โอ้วววววอากาศหน๊าวววหนาววววทำไมถึงหนาวแบบนี้นะ...,0
ว้าววววขอนแก่นเย็นนนนเย็นใส่กี่ชั้นก้ไม่อุ่นซะที,0
กูอยากสอบมากเลย*-*,0
ทำไมปู่ขับรถเร็วเหมือนจรวจติดเทอร์โบ,0
เพลงนี้ประมาณฉันเจ็บปวดมากแต่ไม่เป็นไร..,0
ไม่เล๊ยยยยยย,0
มีแค่ไหนก็ใช้ไปแค่นั้นแหละรูปประกอบ(ผู้ทำ)หน้าปกใช้รูปสไปเดอร์แมน,0
เมื่อวานนั่งบ่นอยากกินเจเล่บิวตี้..ดูแม่ซื้อมาให้ดิ;///;,0
กลับแล้วทำไม่ได้คณะวิทยาศาสตร์เอกคณิตศาสตร์แต่อยากเรียนเคมีมากกว่าเด็กสมัคร2300กว่าคนเอา28ก็คิดว่าน่าจะติด,0
ประธานฮงเป็นคนที่ถ่ายรูปได้ชัดมาก,0
โค๊ะกาวอยู่สีสี่เรียนกับแนน-0-!!โคตรโชคดีอ่ะ,0
อบรมได้สนุกมากเป็นการอบรมที่ไม่ง่วงนอนเลย,0
"ขอบคุณค่ะ55555*เด๋วหาให้*""@2:@_เจ้ช่างรักน้องจริงๆ",0
นอยออนแล้วตอบช้าลืมฉันไปแล้วใช่ไหม,0
หนูหาเจอ!!คนที่ใส่เสื้อขาวโจงกระเบนแดงใช่ปะะหูยพี่เห็นหน้าพี่ชัดเว่อ,0
แอบเซ็งคอมแบบว่าตอนนี้นั่งถนัดมากกกกกปวดหลังละ,0
ใจดีจัง-.-//มันเป็นธรรมดาของคนหน้าตาดี,0
ยิ่งเครียดสิงก็ยิ่งขึ้นขึ้นบนหน้าไม่พอกระแดะไปขึ้นที่คอด้วยเยี่ยมไปเลยนะเมิงสิว~,0
จะแบกมิซากิของยุ่นไปขาย,0
"ตอบให้เร็น""ไม่เหมือนเลยค่ะ!""",0
เพื่อนผช.ห้องเราไปไถข้างมาหล่อแสสสสสส555555,0
โห้วสนุกมากๆเลยละคะตอนจบแฮปปี้เอ็นดิ้งด้วยชอบๆๆ,0
55555โอเค๊เมษไม่บ้าเลยไม่เลยสักนิด!!!,0
แล้วที่จะซ็อตนูน่าก็เพราะรักด้วยใช่ไหม,0
พี่น้องคนไทยต้องยืนอึ้งก่อนอันดับแรกเพราะโรงเรียนไม่เคยสอนว่าต้องทำยังไงเหอะๆ,0
เบามากได้เอแน่ๆ555วันนี้เฮียก็สอบอะไรเบาๆ,0
ดีละพี่เบียร์แซวที...//น่ารักอะดิ55//น่ารักที่สุดจ้า,0
เอออออมึงเหมือนเฟสบุ๊คเต็มตัวละสวัสดี-3-ไว้ว่างๆจะมาไลฟ์ให้ดูนะคะ,0
โน่มีสติว่าตอนในรถเกิดอะไรขึ้นแล้วค่ะใช่สิกูมันคิดไปเองว่ามึงจะสนใจ,0
เออนั่นดิของกูไม่อ่านด้วย555555,0
แรง!!ลาก่อนที่รัก...เมื่อรักไม่สมหวังพี่ก็ขอลาหนุ่มวิศวกรกระโดดคอนโดรักดับคาที่(มีคลิป),0
แลดูทาบินักทรัมเนอะ...อัพหลายรูปเชียว,0
ไอค่อนไปไหนได้ไปพักผ่อนที่เกาหลียัง?ก่อนจะกลับไปทำงานที่ยุ่นต่อ555555,0
จริงแม่ค้าบางคนไม่แคร์ลูกค้าอ่ะงั้นขอให้ค้าขายเจริญแล้วกัน,0
อีดอกอัพขนาดนั้นมึงบินไปเกาได้แปดสิบสี่ล้านรอบแล้วค่ะ??????,0
คาโต้ออกเยอะมากกกกกก,0
ทำเป็นไม่ฟอลเขาโธ่วตอนนั้นยังนอนตักกันอยู่เลยเหว่ยๆๆ,0
ถือเป็นการเริ่มต้นปีการศึกษาใหม่ที่ดีค่ะ,0
แบบนี้ก็ได้หรอ5555,0
พี่น้องต่างแม่ไงพี่เป็นลูกเมียน้อยพิณเป็นลูกเมียหลวงอบอุ่นจะตาย,0
อาจารย์ปล่อย3ทุ่มเลยค่ะไม่ต้องห่วงว่าหนูจะง่วงจะหิว*เพลงมาไม่ต้องห่วงฉันนนน~,0
พี่แต่งตั้งให้ท่านผู้นั้นเองเพราะท่านเชี่ยวชาญมากแม่บ้านอย่างเราไปรดน้ำต้นไม้น่ะถูกแล้ว,0
คุณจะพาเดินไปถึงตะเข็บชายแดนเลยมะ555555,0
ผ่านไปอีกหนึ่งอาทิตย์รู้สึกดีจริงๆ??,0
!เย้เย้ๆๆๆเยสสสได้ของขัวญวันอะไรนี้ด้วยชิเยสสแน่นอนคืนนี้,0
ก็ดีนะเหมือนแลกผู้หญิงกัน,0
พรุ่งนี้หาหมอ2หมอเลยอิอิสนุ๊กสนุก??,0
คงไม่สนหรอกค่ะยิ่งมีคนพูดถึงเยอะยิ่งดีไม่แคร์หรอกว่าจะพูดเพราะรำคาญหรือชื่นชมแค่เป็นทอล์คก็พอแล้วมั้งคะ,0
กูหรอไม่เล้ยไม่เล้ยยยยยย,0
เน็ตหอจำเป็นตะต้องแรงขนาดนี้ป่ะเคือง,0
กว่าผู้จัดจะคืนเงินเราคงจัดฟันเสร็จพอดีอ่ะ,0
เต็มใจโดนตรวนมาก,0
ไม่ค่อยขี้หวงเลยเนอะไม่รู้สึกอะไรกับกราฟเลยเนอะพี่ภาคิน,0
หน้าตาร้ายกาจมากอะพร้อมขย้ำนี่เสือหรือเปล่า,0
ได้บรรยากาศสนามทั้งชนะทั้งแพ้แล้วนะเหลือเสมอ??,0
ทรูเค้าเก่งเรื่องเซอร์ไพร์ซแฟนคลับตั้งแต่สมัยน้องๆอยู่ในบ้านแระค่ะ,0
ชีวิตดีจริงๆๆๆๆๆๆ,0
ดูจากที่ตอบซิค่ะก็ได้ฮายองไงค่ะนี่หวงมากกก,0
จะบอกเลยเฟลกับเมคอัพแคทนิสในภาคนี้มาก--;หน้าใสกิ้งเลยเข้ากับธีมสุดๆ,0
แหกขา75องศาไปเลยค่ะเต็มที่หนูจะตกเบาะก็ไม่เป็นไรค่ะ555555,0
แนวถนัดซะด้วยฮ่าๆๆ,0
การบ้านโปรดอย่าปราณีฉันโปรดจองจำฉันให้อยู่กับเธอตลอดไป...,0
ลูกที่100มันดูยากเย็นเนอะหยุดมันไว้ที่99และมั้งเนี่ย????,0
เตี่ยบอกว่าทาสีแจ่มกว่านี่มันจืดไป,0
จะให้หนูเห็นพี่อีกทีปี2017ก็ได้นะ?????,0
ขอบคุณพี่กูที่ติดส่งผลดีต่อตัวกูมาก,0
เทสตี้นับด้วยหรอใช้แอคเดียวกันขนาดนั้นแล้วอีกอย่างตอนนี้ก็ไม่ได้ชื่อเทสตี้แล้วนี่หน่า,0
เดี๋ยวก็ได้กันเองไงอีกคนติดงานอีกฝั่งติดเกมอิบ้าแสนเหงาสองตัวมันจะได้กันก็ไม่เห็นแปลก,0
นี่พึ่งทำเสร็จ...ทำแค่เส้นส่งพอในเมื่อจารไม่ได้ให้รายละเอียดไรอื่นมานอกจากให้เข้ากับเพลงหึๆ,0
ริว:จริงๆจะแต่งเพลงให้เบนซ์แหละแต่มันเป็นโบ๊ทจิไปละไง,0
เอาอีกมั้ยล่ะลูกที่4เลยดิ?,0
เออวันนี้เพิ่งได้เรียนเลขประทับใตครูมาก,0
ยกคลาสไปอาทิตย์นึงวันนี้มาถึงให้หัวข้อแล้วไปเรียนเองท้ายคาบควิซ..,0
มันมีเกมมุ้งมิ้งให้เล่นมั้ยล่ะมุ้งมิ้งสุดท้ายที่เล่นก็อ่ะมุ้งมิ้งมากกกกกก,0
เน็ตแรงมากกกกกก,0
ดีไปอีกกกกกก,0
วันหยุดเลิกเที่ยงชีวิตเด๊เด,0
ผู้ชายแต่ละคนรอบตัวกูนี่เนาะดี๊ดี,0
ครูที่ปรึกษาบอกในห้องให้ถ่ายรูปนร.ส่งไปให้หน่อยปรากฏว่ารูปที่ส่งไปในไลน์ส่วนตัวครูครูเอามาลงกลุ่มหมดเลยดีจัง??,0
แพนด้าตาเปงหลุมมมมมม,0
?เราว่าเทอมเราจะลง10ตัว30หน่วยกิตเองแกเบาๆ,0
มีใครสนใจไปตลาดรถไฟกะเราม้อยยย??วันเสาร์นี้มีออฟชั่นเสริมพาไปซีคอนกับพาราไดซ์ด้วยนะคนบางคนแม่งไม่ไปด้วย,0
ระบบก็ดีมากกกก,0
นี่รู้สึกว่าทำอะไรก็ดูขัดใจคนอื่นไปหมดนี่เรามีอิทธิพลต่อพวกเธอขนาดนั้นเลยหรอ,0
มินเนี่ยนน่ารักแต่คนไปดูด้วยน่ารักกว่า55,0
นอนดูหนังในไอแพดอยู่ข้างๆเตี่ยแล้วเตี่ยขอดูด้วยนี่ก็ไม่ให้ดูแล้วเตี่ยก็ลุกไปนอนที่พื้นเลย,0
นานๆทีจะมากรุงเทพนะขอบัตรหน่อยไม่ได้เลยหรอๆๆๆๆ,0
เจ็บคอ....เสียงหายอีกดี๊ดี,0
ห้อง7308ห้องเรียนสะอาดน่าอยู่น่าเรียนขยะนี่ไม่ขอพูดถึงเพราะว่าสะอาดเกินกว่าจะบรรยาย,0
คุณพ่อที่ดีที่สุดในเวสเทอรอสคุณพ่อดีเด่นแห่งปีเลยค่ะ,0
หึ...แล้วแต่นายเลย....,0
หนูลิ่งเจ้าหนูวัยยี่สิบของพี่,0
ชะดมากข่า,0
ถ้ามันออกง่ายกันขนาดนั้นจะแข่งกันให้เสียเวลาทำไมว่ะ,0
ทำไมจับมาเขียนตัวว่าอยากอยู่วงกับใครใครถูกเลือกน้อยก็เอาออกเลยจบ,0
ถนนโล่งเชียวนะเมื่อเช้านี่ไม่ขยับเลย,0
ดูวอคกิ้งเดดแล้วเจริญอาหารชิบหาย,0
ก็ตามใจแม่เถิดแม่บัวคนงาม,0
เขาดูให้ความสำคัญกับอนาคตของชาติเนอะขนาดจะฟังแถลงระบบยังยอดเยี่ยมเสียงนี่ชัดแจ๋วเล๊ยย,0
จ้าาาพรุ่งนี้ฟิสิกส์คาบแรกเลยจ้าาาาาดีงามที่สุด,0
ในขณะที่ม.อื่นบัตรเป็นงี้หันกลับมาดูของตัวเองหึหึเยี่ยม!!!!!!,0
น่ารักมากค่ะ??,0
แหม่5ทุ่มครึ่งกำลังปิดเพลงไม่เล่นโต้รุ่งเลยล่ะ??,0
ไม่ได้บัตรจะเอาไปแดกกกกก555555,0
รีบเนอะ...กูนี่หมดคำพูดผชกูโดนคัดออดจากโนเมอร์ซีเกิด94นี่ไม่ต้องรีบเนอะชิลๆ,0
บรรยากาศน่าตั้งใจเรียนสุดๆ,0
กล้องยังคงความชัดล้านแปดพิกเซล,0
เราว่าจะทำปลอกหมอนแจกพร้อมฟิคนะคะแต่ถ้าเขาทำขายแล้วงั้นเราก็ไม่ทำแล้วกันเนอะ,0
พี่เค้าโชว์แค่งานใหญ่ๆค่ะะะะะ,0
แรงไม่คิดว่าจะง่ายขนาดนี้,0
เมื่อเพื่อนแบ่งขนมให้กิน*อิ่มพุงกาง*,0
โอ้ยๆๆความคิดแลเป็นผู้ใหญ่จังเลยเนอะ,0
ช่างเหอะเหมือนครูญปก็ไม่แคร์เราหรอกน่าจะสบายไม่ต้องสอนไม่ต้องกังวลเรื่องเงินเพราะเงินคือเอเวอรี่ติงเด็กช่างมัน,0
ดึงสติแล้วก้าวเดิน!ขายพัดใสคุณแดนซามอยด์เด้อ!,0
?ไม่เซ็นสญ.แล้วจะไปฟ้องเขาชนะแน่ละ!!,0
ดีจุมหายไปทั้งวันไม่บ่นดูหนังก็ไม่บ่นตอบช้าก็ไม่บ่นไปไหนไม่บอกก็ไม่บ่นดีจริมๆหาใครไม่ได้แบบแกแล้วนะมีตัวตนอยู่มั้ยถามจริง,0
นางตุกเราเจอกันช้าไปช้ามาก..คุยกันมาจะสองปีละ,0
ถ้าไม่บอกว่าไอดอลเกาหลีนี่นึกว่านักร้องญี่ปุ่นแล้ว,0
ฟิวสวยมาก????,0
ขอยืนยันว่าฟ้อนเลอค่าสัดๆเลยจ้า555555,0
รักจียงเหมือนเดิมนะแต่อัลบั้มนี้ขอเถอะซึงฮยอนเค้าเป็นตัวของตัวเองจริงๆอดไม่ได้ที่จะหลงรัก(?),0
เดี๋ยวไปนอนรอสิก้าที่สนามบินตั้งแต่วันนี้เลยก็ได้,0
ลุงบ้านใกล้ๆเสียงแปดหลอดมากแรกๆกูก็รำคาญไปๆมาๆกูเริ่มชอบฟังวันไหนไม่ได้ยินแกแหกปากกูคงนอนไม่หลับ,0
หมวยกลับเกาหลีถูกด้วยหรอ?,0
โอเคมึงจัดไปเลยยยตอนนี้กูพร้อมมากๆๆ,0
แรง@เหมืองแม่เมาะอ.แม่เมาะจ.ลำปาง,0
หยุดพัก1วันก้เพียงพอแล้ววนี่มีพลังงานล้นเหลือสำหรับการทำงาน6วันรวดเย่ๆๆๆๆ,0
นี่จริงจังละเอฟเอ็กซ์ไม่ตัองมีชื่อฟคจนกระทั่งดิสแบนด์ก็ได้นะเท่จะตาย,0
อ่านไม่ตอบไม่เป็นไรกูชินแล้ว,0
คณะที่กูอยากเข้าเค้ารับตั้งงงงงง50คนแหน่ะ,0
ถ้าราชันกะหมีจะต่อยกันจริงนี่ดูไม่ออกเลยเนอะใครจะชนะ,0
สงกรานไทยเรื่องมันเยอะ1.ห้ามเล่นแป้ง2.ห้ามเล่นน้ำเย็น3.ห้ามรถกะบะ4.ห้ามปืนฉีดแรง5.ห้ามเล่น??กูเขียนเอง,0
พี่ชายยยยยยหน้าตาสดใสต้อนรับวันเกิดชุ้นเลย,0
โปรดหยุดความมโนไหวเพียงเท่านี้จบการมโน..,0
ขับรถฝ่ารถติดมาเกือบ2ชม.เพื่ออิ20นาทีเนี่ยนะ!!ดีจังชีวิต,0
น่าเรียนชิบหายยยยย??????,0
แหม่ะ...*ทำหน้าร้องไห้ด้วยความปลื้มปิติ*,0
น่ารักจัง......น่ารักษาาาาานะ,0
เป็นกลุ่มวัยรุ่นตัวอย่างที่ดีจริงค่ะ......,0
อ๊ากกตะหนูววอยากดูแล้ว><เกสของอิแจ๊คดูเต็มๆทั้งนั้นเหล๋ยย555,0
บ้านเบสต่างๆจะเผยทาศแท้ของเมนตัวเองและแสดงความรักอย่างหนักหน่วง555555,0
ก็อยากเซ็กซี่บ้างโชว์ไหปาร้าซอกคอมีพุงนิดหน่อยเองแบ๊วๆหน่ากุกกี้น่ารักไหมฮะ,0
นางฟ้าจะหวงหมีได้ไงนางเป็นแค่เพื่อนสนิ๊ททสนิทกัน...ไม่ได้เป็นอะไรกันซะหน่อย,0
เอาเลยค่ะควงกันเข้าไปค่ะ!!!เอาให้บรรดาเมียน้อยแบบเราอกแตกตายไปเลยค่ะฟานี่!!!!,0
ถ้าสังคมไม่เลิกรังเกียจเราเราจะเปลี่ยนบอทเป็นมาดามมด!,0
'.แสดงออกว่ารักกันได้ละมุนมาก,0
รูปเอ็กโซเยอะจนแบบเลือกไม่ถูกเลยว่าจะลงรูปไหน555555,0
อยากโดนหมอแมนตามจีบมั่งง่ะลองสนใจก้อนหินก้อนนี้บ้างได้มั้ยสนใจแต่มุกอยู่นั่นแหละ,0
อ.ปรีชา-สอบเสร็จแล้วค่อยแจกตารางสอบเนอะ,0
ที่เธอตอบช้าเพราะคุยกับคนอื่นอยู่ไงจ้ะ?,0
ดิจายมากกกกกกพรุ่งนี้ได้ไปทัศนศืกษา!....,0
ฉันนอนเตียงใครฉันก็อยากนอนกับคนนั้นแหละ,0
ถามว่าควรรู้สึกยังไงฝากซื้อขนมสงสัยอยากกินอย่างเดียวมั้งไม่ต้องเจอหรอก5555งั้นเจออีกทีปีหน้ามั้ยอึ๋ยยยย,0
อย่างานยุ่งอีกนะคะอยู่ด้วยกันนานๆอยู่ตัวติดกันเลยก็ได้แต่งงานกันปายยยเลยยยยยย,0
โหใกล้กันมากเลยห่างกันไมากี่เซน,0
อะๆถามเจ๋ก็ได้สปาเท้ากับพี่คชาาเป็นอย่างไรบ้างเจ้าคร้าาาาาาอิอิอิอิอิอิอิอิอิอิอิ,0
โอ้ยยยยลืมอะไรไม่ลืมลืมแว่นจ้องคอมปวดตาวนไปสิสาสสสสสส!!แสบตามากมายห้องยิ่งแสงเยอะยุว,0
วันแรกของปีดีไปอี๊ก,0
ที่ทำงานใดไม่มีคนนินทาที่ทำงานนั้นเป็นคนชอบกลนักนินทากับแซวมีเส้นบางๆกั้นอยู่,0
เมื่อตากูเข้าห้องน้ำยาย:ราดน้ำเข้าไปเยอะๆไม่ต้องไปกลัวเปลืองจะได้สะอาดตา:*ราดน้ำประมาณ8ขัน*,0
ปั้มลูกรอแปปกว่าจะมาไทยคงคลอดพอดี,0
ไม่ตำหนิแถมยกย่องจร้าาายังไงก็ได้จร้าาา,0
ยกย่องทีมญี่ปุ่นที่สามารถพลิกสถาณการณ์ในเซ็ท5จนชนะไทยได้พร้อมย้ำเพราะสตาฟฟ์ไทยขาดวินัยจนโดนลงโทษด้วยใบแดง..เมื่อครูสั่งให้ห้องกูเดินเป็นเเถว...พีแน่จริงเรามาโปรควอเตตไนท์เลยมั้ยพี่หืมมมมมเอามั้ยเอามั้ยยยยยย,0
สอบบ่ายสองนิ..โรงอาหารคนก็เยอะเดินมากินยาโยอิที่บิ๊กซีแม่ง...,0
ชีวะเต็ม40มีน33ขอบคุณเพื่อนในคณะทุกคนนะคะ,0
เกลียดมือถือเครื่องนี้แม่งเว้นบรรทัดให้กูตลอดเล้ยยยยย,0
คืออิ้งวันอย่างยากสึสกูเรียนอย่างเข้าใจ๊เข้าใจ,0
หุยตื่นเต้นมากเลยอยากดูไอซ์แลนด์กับไอร์แลนด์เหนือเตะกันจังเลย,0
ไร่ทดลองน้ำอ่างฝนตกหนักมากเลยข่าเหงือไหล่ถึงร่องตุ๊ดแล่วข่า5555??????,0
"อยากจะแนะนำให้เค้ารู้จักสิ่งที่เรียกว่า""หูฟัง""แม่บ้านอารมณ์ดี๊ดีค่ะเปิดเพลงเผื่อทุกคนน้ำใจงามจริงๆค่ะ",0
เต็มที่เลยยยยยย,0
?????เพิ่มเติม,0
ไวฟายที่บ้านก็เร็วจังเลยค่ะ,0
ใครจะไปนิ้วเรียวยาวแบบมึงล่ะแงงงงงงแงงงงงงแงงงงงง,0
ประเทศนางคนจัดติ่งชายนี่ไงเลยมีคอนเอ้ออออออนี่ไม่รู้จักไง...,0
คะแนนดีจนไม่รู้จะเรียนคณะอะไร,0
ภาพโครตชัดหนักมาก,0
โคตรจะขยันเลยตัวฉัน,0
นายแมนมากกกกกก,0
ทำไมเกษตรบางเขนรับเยอะจุงคณะสังคมศาสตร์,0
ผมเป็นวีไอพีนะเบื่อบิ๊กแบงมากคัมแบ็คทุกเดือนเลยหันมาให้ใจกับไอคอนแทน,0
งืออๆอย่าถามเรื่องเกรดดให้ช้ำจัยยสิยิ่งได้เยอะยุนี่==',0
ดงบังชินกิเขียนภาษาไทยสวยกว่ากู,0
?ไอ?ใก้ลตายแล้วสิ!กินเข้าไปเหอะกาแฟหน่ะ!=3=,0
คนน้อยจัง:),0
เดี๊ยวรอดูนะอิอิ,0
ช่ายน่ารักมาก-_-555555,0
ข้ามหัวไปมารอ3ก็ได้นะ,0
ไปโหวตมาม่าก่อนจะเอาให้ลิมิตยูสไปเลย,0
3ก็ได้ไม่รีบหรือจะให้กูเก็บตังค์ได้สักล้านนึงก่อนค่อยมีก็ได้นะ555555,0
?555555น่ารักง่อ;;,0
เพิ่มเติมเอิ่มจ๊ะน้องแอ๊วของพี่กินน้อยมากจ๊ะ,0
ก่อนไปโรงเรียนทักกลับหลังเลิกเรียนเร็วมากกกกกก”/555555ก็หนูเพิ่งเปิดง่า..,0
เดี๋ยวกูก็เทรน1แม่งหรอก,0
หือ..พ่อเส้นหมี่บอบบางอรชรอ้อนแอ้น,0
ควรจะเอาเลขาสาวขึ้นนะ????รับวันแห่งความรักด้วยหนังสือเรียนที่เพิ่งส่งถึงบ้านวันนี้....,0
ลอยโคมปล่อยทุกข์ไปกับโคมแต่โคมลอบไปตกบ้านคนคนๆนั้นก็รับทุกข์เหล่านั้นไป...,0
วันนี้สบาย...,0
ชั้นรู้ดีว่าทำให้เธอคลั้งใคล้แต่จะให้ทำยังไงก็ไม่รู้เอิ้กกกแต่คนเซะซี่มาก,0
กูว่าจบมอหกแล้วไปเป็นคนล้างจานดีกว่า--,0
ข้อสอบง่ายจังเลยเข้าปุ๊บออกปั๊บถุ้ยยยยย!,0
ทำแบบนี้บล๊อกลบเฟสลบเบอร์เจอกันทำเป็นไม่รู้จักกันดีปะ?:/,0
ถ้าจะอ้วนขนาดนี้ละก็นะกินต่อไปให้อ้วนกว่าเดิมหึๆ!!,0
สังคมเยอะไปไหนชอบมากอ่ะวิชานี้ยิ่งกฎหมายยิ่งชอบม้ากมากก,0
เคลิ้มแล้วแสรสสสส555555,0
เราจะเป็นเบบี้จนกว่าปกบั้มของบอพจะมีหน้าของเมมเบอร์ทุกคนค่ะ,0
ทำงานแบบเริงร่า@สหไทยย้ายงานตูเป็นว่าเล่นเลยวุ๊ยยยย!!!!,0
นิสัยดีน่ารักเหมือนเมนเลออออ555555,0
สมัยนี้นะแต่ละคนแชร์กันนี่มีแต่เรื่องดีๆทั้งนั้น:(,0
พี่เมย์ค่ะ2ประตู20หน้าต่างลมโกรกดีจริงๆๆสดชื่นนนน!!!5555,0
"เพื่อนมากันเยอะมากกกกนัดกันมาอย่างดี==""",0
แต่ละเพลงของชายนี่นิก็แหมมมมมมมมโทนเสียงต๊ำาาาาาาต่ำนะคะะะะะะะะ,0
"คยูบนเวที!!!==""แมนมว๊ากก777777777+:???แปลจากเกาหลี",0
วันนี้จะยืมคูโบต้าลุงไปส่งนางแจแท็ดๆๆๆๆไปคงเฮฮามากมาย,0
ไปสัมมนาเตรียมพร้อมอาเซี่ยนเผื่อจะไปประชุมอาเซี่ยนกับเค้าได้บ้าง55555,0
55555ขายดีมากกกกกก555555,0
จ้ะแม่คนโง่วววววววหายไปไหนมาเนี่ยพี่ฟ้าไม่เห็นหน้าเห็นตาตั้งนาน,0
ขยันเว่อมากชาบู,0
สุดหล่อที่สุดของที่สุดๆๆๆเลย,0
บ้านอุ้มโครตสะอาดด=0=;,0
ใครเป็นบอทหาแฟนมาๆมาจีบบอมสิจะขึ้นคานละเนี่ยมาจีบสิมาโลด,0
อยากดูเวอร์คัทเหลือ1นาที555555,0
แหมะ!ไม่ช่วยกันแล้วยังจะมาจองศาลาให้อีกโว๊ะ!จองวัดด้วยเลยไหม~~555555.,0
วันนี้เรียนแค่สามวิชา!ชิวมากกค่ะเคมี4คาบคณิต3เมอ1,0
"น่ากลัวไปนะ50แถว-0-@_:ไม่ก็เอายันต์5(0)แถวให้เต็มหลังไปเลยนะ(--'"")ขอร้องอย่าทำจริง",0
ข้อแตกต่าง*นักร้องสมัครเล่น:ร้องต้องเป็นหลักเสื้อผ้าหน้าตาเป็นรองนักร้องอาชีพ:เสื้อผ้าหน้าตาเป็นเรื่องใหญ่มากก,0
คุณสเวน...ริมะเคยพูดนะว่าแค่มาเซ็นสัญญาไม่เห็นต้องหล่อขนาดนี้เลยนี่วันชูเสื้อคุณสเวนเล่นใส่เสื้อยืดขาวมาเลยเรอะ?!??????,0
ปีที่แล้วนัด7โมงโดนที่งานด่าสาย,0
ยตอบบบบบ้านกูนี่เดิน2ก้าวถึงโรงเรียนเหรอ=______=,0
เมื่อวานบ่นกับแม่ว่าซื้อยาสระผมอะไรมาเนี่ยไม่ดีเลยวันต่อมาเข้าไปในห้องน้ำเจอยาสระผมขนาด20บาททุกยี่ห้อวางเรียงเป็นตับ...,0
พี่เคนตะดูมีความสุขจังเลยนะคะ!555555,0
แฟน:ได้โปรดตอบชั้นด้วย.ที่จริงแล้วชั้นคิดว่าจงฮยอนโอปป้าหล่อกว่าจองชินโอปป้านะ,0
จงฮยอน:ไม่จองชินของเราหล่อที่สุด.555555,0
โดดกอดเขินจุงเรรรร!!!!555555,0
เย้เป็นคนแรกเลยนะเนี่ยที่บอกผมไม่หนักอ่ะ555555,0
ค้นดูเกียรติบัตรบางอันไม่เขียนชื่อให้ด้วย.....,0
เดี๋ยวนะที่พูดนั่นคือใช่ป่ะ--คือชายนี่ก็ทำทุกบั้มยุ่นอ่ะ,0
555555เดี๋ยวเราดูคอนอีกทีนึงรอให้รายชื่อศิลปินคอนเฟริม์ให้หมดก่อน,0
นี่ก็เกินไป...!!ใช่มั้ย555555,0
/เซ็นส่งๆไป/พอใจแล้วใช่มั้ยครับ?--,0
ครูบอกห้อง5คะแนนน่ารักทุกคน^^,0
วรั้ยยยดูมันพูดเขินจัง-/-55555-,0
ไม่สายน่ะๆๆๆ;)นั้นมันบ่ายแร้วอ่า,0
เพราะมุมิตัวเตี้ยไงเลยไล่ให้ไปบีบนมวัวมาให้เมนกินคือ..อีหมาตัวโตมาก,0
เน็ตเร็วจัง,0
พ่อคนอ่อนต่อโลกกกก,0
เหอะ!เค้าสวยอ่ะค่ะ!,0
เป็นการผูกมิตรที่น่ารักมากค่ะโอป้า,0
ดังมากถึงกับไม่ต้องเอ่ยชื่อเลยค่าาาาา,0
กูไม่กดปุ่มน้ำไม่อุ่นเลยอาบหลังมึงน้ำอุ่นกว่าอีก=_____=,0
ไอ้พวกเฟสหมิ่นวีดีโอหมิ่นมันมีอ่ะใช่แล้วพวกเว็บหมิ่นหน่ะไม่มีหรือไง?ปิดไปก็มีเว็บหมิ่นอยู่ดีทำไมไม่ตัดเน็ตเมืองไทยไปเลยหล่ะ,0
พวกฟอลโล่ฟรีเหมือนมีงานพาสไทม์ทำเนอะสงสัยได้เงินเยอะ,0
"หมอบอกว่าเป็นมาตั้งแต่วันอาทิตย์จนวันนี้หยอดยาทุกชั่วโมงเลยเหรอค่ะตังใจหยอดเนอะ-""-",0
ผมรักของผมผมจะเอาคืน,0
กินไปเลยเจมิสกินเยอะๆนะ,0
วุ่นวายยามดึกกับการสั่งของที่ดีเว่อ,0
ไม่ค่อยเบื่อเลยอ้ะการบ้านเยอะเรียนไม่รู้เรื่องไม่เบื่อจริงๆนะเนี่ยพูดเลย,0
โอยยยผู้ชายหล่อจังง,0
ขอบคุณนะก็แม่กูบอกว่ากูยังไม่โตอ่ะ??แม่บอกโตแล้วจะปล่อย:),0
แม่บอกกลับดึกๆน่ะ*-*,0
อยากให้โสดมากใช่ไหมมมมมมมมมมมมมมมมมมมมมมมมมมมม?ก็บอกว่าเหอะ,0
แม่ๆหนูอยากไปอ่ะ21อ่ะแม่ตอบหยุดโรงเรียนไม่ต้องไปเลยดีไหม?,0
สวยมากมีคนบอกว่าระบายสีเหมือนเด็กป.4ก็ต้องเข้าใจนะ…,0
มีคนบอกระบายสีเหมือนเด็กป.4ก้มันระบายไม่เป็นล่ะ,0
เดี๋ยวก็ไฟดับเดี๋ยวก็น้ำแอร์หยดปิดร้านไปเลยดีกว่ามั้ง,0
เปิดเพลงลั่นห้อง_!!~//เมิงเป็นผู้หญิงตั้งแต่เมื่อไหร่วะอิแซป???,0
ไอ่สัสโสดดดดด:),0
นั่นสิฉันมันเมียทาสของพี่!555555,0
สุดสลด!!แม่ยิงลูกขวบครึ่งดับฆ่าตัวตายตาม,0
ทุกวันที่เธอบอกว่าโสด..เธอโปรโหมด????รึ!!เธออยากโสด,0
ไปไหนมาไหนคนเดียวนี้ก็ดีเหมือนกันน้ะ,0
ไม่เห็นจะเย็นเลย...อาบได้สบายย--,0
คือบอกได้แค่ว่าถ้าวันนี้ตกกลับรถเมล์สบายใจดีกว่าติดแน่ๆนอนหลับแม่งไปเลย,0
ลืมไปแล้วว่ากระดุมชุดนิสิตใส่ยังไงปล.ก็เว่อร์ไป๊!ฮ่าๆ,0
ปิดเทอมนานมากจนเกือบลืมไปแล้วว่าเรียนบัญชีเกษตร!:(:(,0
สองชั่วโมงของเราไม่เท่ากัน~~~~โอ้..เย่~,0
รูปหายหมดเลยภาพสวยเป็นร้อยหนูเลยขุดที่เหลือมันขึ้นมา,0
ฝนตกหนักแมร่งทำไรก็ช้าไปหมดรีทวิตไม่ได้สักอันน!!เดะปิดคอมแม่มม,0
คอยดูว่าจะดับอีกไหมพังมานี่จะโทรหาแม่ละดีจังอยากได้แม็คบุ๊คพอดีเลย...หึ,0
ก็เอาสเอามาเลยเต็มที่เลยจะตายวันนี้ก็ให้มันรู้ไปสิ,0
เขาว่ากันว่า“เกลียดอะไรก็ได้อย่างนั้นแหละ”มันคือเรื่องจริง,0
เมื่อแฟนคุณพูดถึงแต่จนคุณทนไม่ได้ถึงขั้นต้องติดประกาศ...แฟนกูมีแล้วและน่ารักมากด้วย,0
คงไม่ปิดหรอกเดี๋ยวใช้อิพี่ไม่คุ้ม55,0
สนุกชิหัยเลยค่าาาาาา,0
อิสัสกูไม่ได้รอมึงตอบเล้ยยยยยย,0
ขนาดมึงอยู่เฉยๆกูยังร้องไห้เลยมึงคิดดูดิ้ว่ากูเกลียดมึงมาแค่ไหน^,0
เช้านี้สดชื่นมาก??,0
คิดแล้วคิดอีกใบมันเล็กไปไหม!!,0
อยากให้น้ำหนักขึ้นอีกสัก5โล,0
ฝ่ายใดฝ้ายหนึ่งหยุดได้แล้วแต่อีกฝ่ายไม่,0
จัดฤดูหนาวแบบมาเลยมาเอาแบบแถวๆแคมป์ไนท์สวอซอะ,0
โหฮ้อนแต้ฮ้อนว่าโดน้ำดีก้า—รู้สึกปะชด,0
ใช่ๆนี่ก็ไม่มาเดือนหนึ่งแล้วมียาแนะนำป่ะ,0
ไม่สบายแค่นี้ไม่ตายหรอกกน้าาาา.—รู้สึกหงุดหงิด,0
ตั้งตัสนี้กูไม่รู้ตัวเลยจ้าาาว่าหมายถึงกูเนี่ย,0
ทวีต=ความรู้สึกที่รู้สึกจิงๆแต่เลือกที่จะไม่พูดเพื่ออะไรหลายๆอย่างอาจดีกว่าเดิม:),0
อยากดูแต่ค่อยดูพรุ่งนี้เช้าตอนนี้เน็ตไวมาก,0
กลับล่ะเราคงไม่ได้พบกันอีก.เครื่องดีเลย์ดี๊ดี,0
ออกมาแต่หละทีเข้าใจเลยนะเนี่ย,0
กูอยุ่โดยไม่มีมึงกูก็ยุ่ได้เขาใจปะ????,0
สรุปเงินออกวันที่2ดีจังแง่วๆ,0
เพื่อนๆในกลุ่มทุกคนอยากไห้กูโสดๆๆ.....คือมึงหวังดีหรืออะไรกันแน่วะๆโครตตตตรักเลยเพื่อนกูๆ555555,0
โอ้ยยยยยย!!!!!!อยากใช้ไอโฟนเด่เฮ็ดแบบได๋น่หึ,0
เสียใจโค๊ตๆ—รู้สึกเสียความรู้สึกโค๊ตตตตตต,0
อืออออว่าจะรอ60ตอนก่อนค่อยอ่านละ,0
อัลบั้มยังไม่ได้5555โมโหสุดทักไปไม่ตอบซักร้านสงสัยรับหน้าคอน,0
ณ.ที่บ้านเหมือนจะมีคอนเสิร์ตอยู่รอบบ้าน,0
แหมมมมเสียงดีกันจัง,0
พิมซะขนาดนี้กูคงไม่รู้เลยมั้งว่ามึงอยากตอบกูมากกกกก????,0
อยู่ยังงี้ก็มีฟามสุขน่ะ:)ไม่คิดมาก่อนเบยยย,0
กลับมาที่รักหากเธอไม่เหลือใคร??<3,0
นอนคนเดียวววววดีออก...!!—,0
เดี๋ยวนะคือทำบุ๊ค4บทวันเดียวคือกรูเก่งมากกแล้วนี่จะเรียนทำไมเทอมนึงเรียนแค่อาทิตเดียวก็พอมั้ง,0
ก็เเค่เป็นผู้สนุกไม่ลึกซึ้งกับความรู้สึกเหยดดดดดด!!,0
เอออ่ะอีอ้วนเปลี่ยนชื่อไม่พอเปลี่ยนรูปดิสให้ด้วย,0
เดินขึ้นมาเรียนชั้น4ไม่ค่อยเหนื่อยหรอกจริงๆ,0
คิดผิดละล่ะมาว่าพี่ติ๊ก.ผลตอบรับดีเยี่ยมเลยดูดิ,0
"บ้าน.กะรู""หนาว""จังว่ะเนีย??—รู้สึกเบื่อ",0
"หนาวจังล่ะเห้!!!--""—รู้สึกเปื่อย",0
วายฟายโรงเรียนไวจางงงง??????,0
ยืดอกรับมีถ้วยแจกป๊ะจะได้ปล่อยเป็นอัลบั้มเบย,0
ป้าสังเกตนะว่าคนฟันเหยินเวลานางถ่ายรูปนางมักยิ้มแบบปิดฟันไว้เออน่ารักดี,0
ก็ดีเหมือนกาน--ดฮ่าๆๆ,0
แมวแม่งงงฝีมือถ่ายรูปนี่ได้เลย..เก่งโค่ดๆ....,0
รถขับเร้วเร็ว,0
ไม่ต้องเรียกร้องก็ได้รับ,0
555555สอบคะแนนอย่างเก่งอะเต็ม20ตรูได้7คะแนน,0
ภาษาอังกฤษทั้งนั้นแถมยังมีกำหนดเวลาอีกมั่วทั้งนั้น5555,0
ไมไม่ปิดยาวเลยหล่ะเปิดอีกทีหลังปีใหม่ไรงี้,0
น่ารักเกินไป,0
คิดถึงแม็กจัง,0
สิวมันมักจะขึ้นได้ถูกเวลา,0
ฟิสิกส์อีกแล้วหรา,0
คือแรงงงมากก,0
หนาว555555,0
อากาศเย็นดีจุงงง,0
รู้สึกเกรดเทอมนี้น่ารักกว่าเทอมไหนๆ,0
เกรดเค้าน่ารักมากกกกกกเลย,0
พุ่งนี้เค้าเลือกตั้งคือบับแต่ละคนน่าเลือกมาก,0
แหม่อังกิดเต็มทามไลน์เลยน่ะค่ะเก่งจิ๊งจิง,0
ถ่ายรูปออกมาได้สวยมากค่ะ55,0
อากาศโคตรดี..บรรยากาศโคตรโรแมนติก..นั่งกินข้าวริมสระน้ำ..ใต้แสงแดด(มาแร๊วจะติดจัย),0
ไม่ต้องรีบทักพี่ตอบไม่ทัน555555,0
อาจารโจมาเผือกรูปข้าข้าอยากจะลบรูปทิ้งเลยชมสะเขินเลยย,0
อ้อๆหนูชอบจัสตินอ่าเมื่อก่อนมันเท่ดีแต่ดูทำตัวสิน่ารักไป555555,0
เด่วจะลงทะเบียนวันสุดท้ายหึหึ,0
ช่วยได้มากคะ,0
??????จี?555555ชีวิตติดวาย,0
?พี่ว่ามันเล็กไปนะ,0
ถ้าจะปลุกกันรุนเเรงเเบบนี้-..-ทีหลังเอาน้ำมาสาดเลยมัยยย?,0
ทล.ไหลเร็วปานน้ำก๊อกหยด555555,0
โหๆอดไปคอนเลยจะพาไปดูบอลแทน,0
อะอุ้ยยยย~เรียบร้อยเวอร์,0
เรามานั่งส่งเพลงกันเถอะว์,0
เห้ยแก!!!!ชั้ลอยากกินหมูกะทะเว่อวีว่าเว่อแต่ฝนเสือกตกคืออาร๊ายยยยยยคร้าาาาาา!!เลยอ่ะแก,0
งานเยอะดีนะวิชาโคดสำคัญ,0
ลุงจอนยังตามมาหลอกหฟลอนถ้าเลิกอยากนักก็รักกันเลย._____.,0
30น้อยไปมั๊ยเท่าอายุเลย555,0
ทำตัวให้กูรักมากขึ้นๆๆทุกวันเลยยยย!!,0
ขอคุณแป้ง!!!,0
คนที่ฟันสวยคิคิ,0
เลย55หรือว่า,0
40ไปเลยก็ได้นะเว้ย,0
อยากจะไปกินอะไรอร่อยๆทันทีที่ดูช่องเจ็ด5555,0
โสดมา3เดือนไม่อยากจะอวดเล้ยยยยยย-_-,0
ชอบจังความเงียบ,0
สวยที่สุดสวยทุกเวลานอนก็สวย,0
ใช่ๆจะร้องและเนี้ยยและก็มาเจอคนที่กูอยากเจอมากกก,0
คิดมากน่า/อั้นล้ำเหลือมายุตวยกู่วันเหียต้อออออ,0
เยน......,0
ไม่เล่นเฟลสไม่เล่นชีวตกรู...ตกต่ำขนาดนี้เลยเหรอ?5555เอิ่ม~เลิกเล่นหมดแล้วอ่ะ,0
เก้บห้องเสดล้ะพึ่งรู้ว่าน้องหนูลก,0
หล่อแบบพ่อโดมปกรณรำ!!แหมมหล่อจนแฟนหึงกรูนี่นะ,0
ซื้อของ,0
ถ้าคนข้างหลังจะเคี้ยวขนมเบาขนาดนี้นะ,0
บักมิ้งงงงงง555555-.-แบมบี้น่ารักมว๊ากกกกกก!,0
โซวอนจากอินโดแอดเฟสกรุมากรุก้รับตามมารยาทแล้วมาคุยปะกิดกะกรุเหมือนกรุจะเก่งคุยรุเรื่องมากกกกกก,0
เขาเมิน,0
ถ้าคุณไม่คิดไรคุณจะยืนรอพูดคุยกับฉันทำไม?ที่ทำมานิคิดป่ะ?ว่าคนที่คุยด้วยอ่ะจะรู้สึกยังไงที่ทำไปให้ความหวัง,0
อัลบั้มสั่งนอกก็จะมาอัลบั้มสั่งในก็จะมามาพร้อมกันแล้วจะฟังทันมั๊ย???,0
ไม่เอาอ้ะเท่าไหร่ก้ไม่อยากได้ออกมาเลี้ยงน้องควายสบายใจกว่าเยอะ,0
เปลี่ยนจนกว่าเธอจะพอใจนะเหม่งคอนฯจัดตั้ง23มีค.มีเวลาเปลี่ยนอีกนานโข,0
ค่ะ^^โห่!!!!อปป้านี่ตัวเองติด1ใน4ยังไม่รู้วิทีโหวตเรยหรอเนี้ย??น่าภาคภูมิใจจริงๆๆๆ,0
รบ.นี้เค้าต้องจ่าย7.5ล้านให้โจรใต้แน่เลยคะเพราะรบ.นี้เค้าไม่สองมาตรฐานหนูเชื่ออย่างนั้น...,0
เกินคำบรรยาย..กะความหล่อของเธอ,0
?คิดถึงพี่ชมพู่จังเลย,0
อิดวกๆเดี๊ยนบอกกี่รอบก้ไม่ยอมฟังนะฮ๊า~เดี๊ยนไม่ช่ายเกย์ฮ๊า~,0
รักข้างเดียว,0
ถ้าพวกมึงสนุกก็เชิญทำต่อไปเฮอะ,0
มาหนาวตอนชั้นไม่สบายก็ดีนะก็ดีนะ..,0
น้อยไปป่ะสั่งขนาดนี้กะจะให้จบมาเป็นนักเขียนแน่เลย555555,0
55555+*ฟ้องม๊าม๊า~~~~~~มิ้มม๊าค่ะ*,0
การบ้านเคมีน่อยไปน้ะ,0
ก็ใช่นะสิ,0
เค้าบอกให้พูดดีคิดดีทำดีพลุสวยจังเลยค่ะเสียงก็เบ๊าเบาจุดก็ไม่เยอะ,0
อยากมีใครก็เชิญ!!ง้อแร้วน่ะๆผิดก็ขอโทดหายเถอะลิงกัง!,0
รักโคลงงาน,0
ถ้าตี4ไม่ง่วงก็จะไม่นอนมันล่,0
น่ารักเชียวไอ้เอ๋อนอนดีกว่าคุยกับแกแล้วปวดหัว,0
ถ้าอนาคตมึงไปเเข่งที่อื่นเเล้วเเพ้เเล้วเเขวะเขา.อนาคตมึงโครตสดใสอ้ะมั้งค่ะ,0
เก่งมากเลยยยยยยละค่่าาาาาา,0
ป้ายรถเมล์หน้าโรงเรียนเซนต์คาเบรียล,0
ครูให้อ่านหนังสือสอบ/อ่านหนังสือผี!สอบได้เกรด4ชัวร์เลย/555555/,0
?โอ้เน็ตมันชั่งรวดเร๊ว,0
ภรรยายองโด,0
?วันนี้แอร์เย็นมาก,0
พรุ้งนี้ฉันจะเป็นผู้หญิงปลูกต้นไม้1ต้นดูเป็นคนดีของโลกม่ะ???55555+,0
ถ้าย่อขนาดนี้เขียนชื่อเต็มเลยป่ะใครจะเหมือนนของเธอหละ,0
อ่านี้เราเรียนอยู่เนี้ยโคตรตั้งใจอ่ะ,0
เน็ตเร็วมากกกกน้ำตาจะไหล,0
หล่อไปนะกวาง,0
ขอบคุณนะที่เข้าใจกันมากกกกกก,0
อีสัสเปิดมาจบพอดีดีใจด้วย,0
ขอบคุนค่ะ-,0
สาย4ไม่มาสักทีเดี๋ยวก็ไปรับจ้างเต้นโคโยตี้งานหน้าศาลากลางรอหรอกแมร่งเอ๊ย!!!,0
เริ่มต้นที่2000จิ้บๆ,0
เห็นมั๊ย'ห๊อมหอม,0
ดูแชมป์เปียนชิพ,0
ที่นี้เค้าบริการดีจริงๆๆเลย,0
โหยอิจฉาจังเลยอ่ะ,0
ผญ.ดีๆอย่างมึงผช.แม่งไม่คบเป็นแฟนหรอกแม่งรอเก็บไว้เป็นเมีย,0
สงสัยเพราะอากาศละมั้ง,0
มึงเป็นพี่ที่รักน้องมาก:'),0
แหม่จมูกโด่งเพราะดัดฟัน..ทำไมเราดัดแล้วดั้งไม่ขึ้นบ้างวะเสียใจ);,0
?’ความคิดสร้างสรรค์ดีนะเเต่ละคน555555,0
ฉันชอบคุณเซนนะชอบสิ่งที่เค้าพูดอะ:3เป็นอาจารย์หน้าตาให้เว่อร์วีว่า555555,0
5555ไปซื้อกันใช้งบประมาณเท่าไหร่อ้ะ,0
ติดอยู่แยกอู่ทองใน3ชม.ละ,0
คิดถึงกอม??,0
?แฟนกูจะมีเพจละนะอย่าลืมเป้นมันเยอะๆละ,0
ฮือตอบช้ามากเกือบจะหนีไปนอนแร้ววน๊ะหึหึ,0
ค่าๆน่ารักเว่อร์,0
ขอบใจสำหรับมิตรภาพนะเพื่อนกูซึ้งกับมึง,0
แอจะอ้วนเกินไปละ.,0
"?คนที่เคยใช้คำว่า""สนิท""กลับไม่สนิทเหมือนเก่ารุไส้รุพุงตอนห่างกันดี!ดีมากก!:)",0
ในรอบหกเดือนคอนโดไฟดับจร้าาาา!!,0
จุดพลุฉลองดีไหม?,0
เปงนุชเปงเอลฟ์เปงนูน่าที่คิดไม่ซื่อกับดาเนียล,0
?เอิ่ม...น่ารักมว๊ากกกกกก,0
ขนาดนั้น555555แสดงว่าเพราะมว๊ากกกกกก,0
มันเช้าเกินรึป่าวคร่ะสุดหล่อ55,0
ทิมอคนน้อยจังเรย,0
โห.โอปาคร๊ะ.....นี่มัน....เช้าเกินไปรึป่าวคร๊ะ^:^,0
ทานข้าวเช้าเกือบเที่ยงฮะ,0
อรั๊ยยยยย.ประเทศไทยตากผ้าแค่แป้บเดียวผ้าก็แห้งสนิทแล้วง่อออ:3,0
มาก555555,0
หมกตัวอยู่ในบ้านเปิดแอร์เลย,0
พอไปถึงปุปกูจะเมาแม่งเลย!,0
ใจดีก็ได้ครับใจดีที่สุด,0
แปลกหรอดูซีรีย์เกาหลีเนี่ย??????,0
เปลี่ยนชื่อทวิท,0
"ไปหาคำว่าให้มีไล่ไปให้มีอยากเป็นอิสระมาดิ๊ไปหามาดิ๊ขอด่วนๆ""/โอ้ยเข้าไจไรยากจังว่ะ",0
มอร์นิ่งวันอาทิตย์ที่ยังต้องทำงานแฮปปี้ม๊ากกกมาก!!,0
ถ้าอยู่ไทยแล้วคิดถึงมันแล้วทำไมไม่ไปเพิ่มคอนที่ประเทศมันอีกซัก10รอบเลยล่ะ!!!!!!,0
เดินห้างคนเดียวกินข้าวคนเดียวสนุกจังเลย,0
กลุ่มงานเราสามัคคีกันดีจังเลยอิอิ.,0
คะแนนวิชาแรกช่างน่าประทับใจจริงๆ,0
รถก็มานานเหลือเกินนานกว่านี้มีอีกปะ?,0
ต้องซื้อนาฬิกาให้ป่ะ..ถึงจะได้มีเวลาให้บ้าง,0
ค่ะเชื่อค่ะ,0
ตื่นสายอีกแล้วววววว7โมงงงงง,0
อารมเสียมากกกก!!คนจานอนหัดดูเวลาบ้างเหอะสัส!มึงทักไลน์กูกะจายขนาดนี้นะโทหากูเลยดีกว่าป่ะสัสสสสสส!,0
5555สวยฉลาดไง!”/ฉลาด?ป๊าดด55/อันนี้เชื่อ55”55โดนตบบ,0
พี่โหน่งหล่อมากตบมือแปะๆ,0
เพิ่งรู้นะเนี่ยว่าสเป็นชนะเพราะปลาหมึกนึกว่าวางแผนดีเล่นดีซะอิก,0
กี้ร์มามอบตัวเร็วๆเถอะบ้านพักตากอากาศที่ไว้สอบสวนน่าอยูชะมัดอาหารการกินเยี่ยม//ชิวก่อนเชือด,0
กี้ร์มามอบตัวเร็วๆเถอะบ้านพักตากอากาศที่ไว้สอบสวนน่าอยูชะมัดอาหารการกินเยี่ยม,0
คนเดียวอีกซักปี555555,0
เอ้าลงเดียวหรอเสียดายจัง,0
แค่นั้นเองเนอะไม่ได้เห่อเลย,0
คบใครขอให้คบที่ไม่ใช่คบเพื่อ,0
เธอรักฉัน??ไม่ดีเลยนะเธอ!!...,0
ปวดท้อง...,0
เบื่อๆหิวๆแบบนี้ทำบลูเบอรี่ชีสแดกแม้งเลยไม่สนใจเราทำไม-3-,0
วงไม่ค่อยดังก็งี้555555,0
วันขับรถไปกลับ4รอบ,0
เทอรักผมหรือป่าว????—รู้สึกเหมือนกูถูกหลอก,0
เดินมาคนเดียวคืออัลไร,0
เอิ่ม!!ฆ่าตัวตายเพราะศิลปินก็มีแต่คำด่ามากกว่าคำชม,0
ดะกูไม่สอบ1แม่งโอยทำไมสกิลคณิตกากเยี่ยงเน้เกลียดดดดด,0
ว่าแฟนพี่ตะไมๆๆๆๆกากๆไม่ชอบหรอ?ใช่สิจงอินมันไม่แฟชั่นจ๋าสำอางค์ต้องหล่อตลอดเวชิๆ,0
ตายไหม?ตายเถอะ?เพื่อความสุขของใครหลายคน,0
ฟ้าร้องน่ากลัว....ฝนก็ตกหนัก....ออกไปเล่นน้ำฝนเลยดีมั้ย?????,0
เจอแต่ชานแบคชานแบคชานแบคซักวันเหอะจะกดเข้าอ่านให้ช้ำใจตายเลยคอยดู_,0
ขี่มอไซค์ตานเพื่อไปซ้อมบาสที่มอสนุกดีออดเย็นดีไข้ขึ้นแน่ๆ,0
ถ้าไม่ได้ไปดูคอนคือไม่ยอมจริงอ่ะเผาบ้านแม่ง,0
สูง170หนัก50มึงบอกอ้วนส่นกูสูง160หนัก51คือกูหุ่นดีมากอ่ะ,0
ย้ายสายดีไหม?ซีซั่นนี้แทบไม่มีหนุ่มๆให้อวยเลยอ้ะ!!^ย้ายสายแม่ม,0
ฮือออออจะเปิดทุกธนาคารแม่ง555555,0
ตั้งชื่อทวิตว่าเด็กซิ่วแม่ง,0
"จัดกิจกรรมปลูกป่าซะเลยดีมั้ยเนี่ย..โตวันโตคืนดีแท้้หญ้าเอ้ยยยย--""",0
ซุ้มบัณฑิตปีกูกูขออิมเมจแบบแกรนด์แคนย่อนแต่เอาแบบมีบาบิโลนทาวเวอร์เด่นๆถ่ายรูปสวยๆเกร๋ๆ,0
เออไม่ต้องนอนแมร่งละ,0
555555บ่มีดอกฮุฮุ,0
พอเหอะจบๆ!เป็นแบบนี้มาได้ตั้งนานจะเป็นแบบนี้ตลอดไปคงจะมีเพื่อนบางคนทนคบกูใช่ป่ะ555555,0
แชมป์แล้วทำอะไรก็ทำไปเล๊ยยย,0
ปกติพี่ริทไม่ตอบทวิตไรแบบนี้ปะนี่เน้นเหลือเกินนนนนนแหม่,0
ถ้า5มาช้าจะซื้อซะเลย,0
กูเติมโปรแล้วมาเล่นในคอม555555,0
นิสัยงี้โคดชอบอ่ะ,0
เออ!!!ต่อไปใครจะโทรก็จะรับจะให้โทรใครชวนไปดูหนังก็จะไป,0
ไม่อาบน้ำแม่ง!!ชีวิต,0
เปล๊าาาาาา,0
เอาคำใครมาพูดต่อ,0
นอนดึกๆๆแม่มมมเลยยยย!!!ฮ่าาาาาา,0
พิม'555'ยาวจังนะ555555,0
มัน...;____;,0
ต่อด้วยขนมถ้วย4คู่55555,0
พูดตรงงๆเลยอะคอนมาเก๊าฮยอกหล่อจริงจังอะหล่อทุกรูป5555+,0
กูใส่บิกินี่ไม่ขึ้นหรอกกูไม่ได้นมใหญ่แบบนางแบบนี่,0
จะทำอะไรก็เชิญ~ก็เชิญได้เลยตามสบาย~,0
เมสดิสส,0
ถ้านี่มีแฟนนะจะลงรูปคู่ให้เท่าจำนวนวันที่เกิดขึ้นมาเลย,0
ขาดคนถ่ายรูปคู่อยากมีรูปคู่กะเค้าบ้างกูไปถ่ายกับรองเท้านาบไว้บนหน้าก็ได้ว่ะ,0
โดนคนแอบถ่ายรูปในยิมอืมมมมมชีวิตดี๊,0
ตาสว่างแล้วหรือครับ,0
รับไม่ได้):ไปอ่านโคนันชีวิต,0
อ้าวๆยองเคยปิ้งไลม์ในวันเดอร์บอยนิแอบติดต่อให้น้องมั้งเปล่าจองมินนนไอ่เพื่อนเยอะะะ!!!,0
เมื่อตอนรถคุณเสียคุณจะรู้ถึงน้ำใจคน,0
จบไปเรื่องมีเรื่องไหม่มาอีก,0
ก็เจอข้อสอบก็ไม่ยาก...เลยนี้,0
รู้ละว่าทำไมพี่ลี่ร้านถ่ายเอกสารคณะถึงชอบเหวี่ยงงานถ่ายเอกสารนี่สนุกมากๆ,0
ดีจังประเทศไทยจะได้เหมือนอินเดียเบย,0
ต้องวาดรูปโอ้โห.ทำไงดี.เรายิ่งวาดเก่งอยู่ด้วย,0
เล่นเองเก็บเองมีความสุข-0-,0
เทาเทาแคะขี้มูกนี้สะอาดม๊ากกกกครับบบ-.-,0
เมื่อวานสั่งอัดรูปค่ะนี่เพิ่งมารับหมดไป960บาทถูกจัง~,0
ตอบแทนกันแบบนี้ก็ซึ้งใจครับ,0
จัน..ฉันหนาววว,0
ยากไปไหมอ๊ากก!!!!ทรมานคับเหนื่อย--'ง่วงเว้ย!!!!แปลอังกฤษง่ายจังง๊ายง่าย,0
"ขาผมเรียวกว่า(?)ฮ่าๆ--""",0
เขียนว่าหวานแหววแต่เปิดไปอ่านเลือดสาดเนี่ยปกติมาก,0
"เห็นในเฟสโพสว่า""รักแม่ที่สุด""ไรงี้ถ้าแม่พวกคุนเห็นเค้าคงจะดีใจมากเลย//ทำไมคุนไม่เดินไปบอกแม่ละคับจะโพสทำไม?แม่คุนเห็นมั๊ย??",0
กูไปดูมวยคู่กรณีมาไอ้สัสนักมวยจีนต่อยเก่งเวอร์ทำขาอ่อนแรงเพื่อหลอกคู่ต่อสู้หาคนที่เก่งแบบนี้ไม่ได้แล้วในโลก,0
เป็นพี่ที่ดีจิงๆดีมากกกกกนี่แหละพี่ตัวอย่างที่น้องๆใฝ่ฝันจะมี,0
เสียงผมดีขนาดนั้นเลยเร้อ,0
ฟลว.เเกก็น้อยเนอะ--,0
ขอบคุณสำหรับคำแนะนำนะคับพี่ตอง!555555,0
เพ่ปาร์คน่ารักมว๊กก--'',0
ข้อดีเวลารถไฟฟ้าบีทีเอสเสียตอนเวลาเร่งด่วนคือวินมอเตอร์ไซค์จะพร้อมใจกันปรับราคาขึ้นทันทีเพื่อไม่ให้น้อยหน้าการบริการที่ยอดเยี่ยมของ,0
คลื่นกว้างที่สุด….ห้าห้า,0
มือบนอกที่เคยกัด,0
สงสารตัวเองนี่แหละ,0
ชีวิตจะดีอะไรปานนั้น.,0
ก็มีคนชมให้ได้ยินเลยสงสัยว่าเรื่องดีๆญี่ปุ่นเขาไม่ทำตอนแข่งกับไทยเหรออะไรได้เพิ่ม,0
เจ้าม่อนพู??หรือพูดจริงวะถามเหอะ,0
หัวเราะให้วันที่ดีดี๊ดี555555,0
อยากนอนเมื่อเช้าว่าจะตื่นสายก็อดว่าจะงีบก็อดพอตกบ่ายก็อดอีกหลับมันซะบนรถไฟดีมั้ย?ขวางหน้าประตู...,0
เก็นเทพไม่ต้องวิเคราะห์,0
แฟนผีแฟนหงษ์น้องไม่สนแต่ถ้าแฟนน้องดีแน่นอน????,0
หนุกต้องหวานสิครับบ555.มองอมยิ้ม,0
เพิ่งเฟซแล้วอ่านกฏ...น่ารักจัง555555--ดีนะจบแล้วสงสารน้อง+___+,0
ฟังดูคุณโฮเวิร์ดรักผมปานใจจะขาด,0
555555ถ้าจะพูดขนาดนี้จับฮยองไปเป็นเมมเบอร์ดัลชาเบทเถอะครับ~~...,0
ไม่เห็นจะหนาวตรงไหนเลยย??????,0
ขอบคุณที่ทักมาทำให้ฉันวนกลับไปดูหน้าโปรไฟล์เธออีก..,0
อ่านไม่ตอบผมชอบมาก,0
96%น่ารักจริงๆคนกรุ๊ปฮ่าๆ,0
เมนนี้ดองเค็มทำไมมันน๊อยน้อยย,0
ว่างมากเลยเลยไปถามเฮียกอนแก้เครียดเมนชั่นเยอะอลังการเกินไป,0
ปวดท้องกระเพาะรู้สึกดีนะรู้ไหม,0
เพื่อนคุณนายแม่นี่นะ..มารยาทงามที่สุดครับ.ปรบมือรัวจังหวะ1212312121,0
แอร์เซนเย็นม๊ากกก,0
555ที่ผ่านมามันแม่งโคตรสนุกอ่ะ,0
คนทักเยอะจางเบยย><.,0
โคตรปลื้มเลยครับบอกเลยอยากจิครายยย=___=รักขนาดนี้ฆ่าผมเลยเถอะ,0
เดี๋ยวผมนอนเช้าทุกคืนเลยแหมผมแค่อยากพักผ่อนบ้างอะครับเดี๋ยวผมก็ต้องไปเรียนล่ะไม่อยากคิดไรมากเบื่อ,0
รู้สึกดีครับคนอันฟอลวันละ2คน,0
ตอนนี้เราควรจะห่วงธ.ออมสินและอีกทั้งธ.กรุงไทยมากกว่าไม๊ครับคนขาดความเชื่อมั่นหมดแล้ว,0
สมัยนี้การเป็นคนดีในประเทศไทยไม่ยากแค่ทำตามข้างล่างนี้,0
มีแค่นี้ก็ดีแล้วไม่ต้องการอะไรอีกแล้วมีความสุขมากพอแล้ว,0
ยิ่งดึกยิ่งเน็ตเร็ว,0
ตีเหม่ง.ไม่รู้หรือไงว่าคนไทยเขาเรียนมาเพื่อสอบเพื่อแข่งขันวัดค่ากันตรงนี้:ไม่ได้เรียนเหมือนเพื่อเอามาใช้จริงๆ,0
ครูนภัสวรรณคือครูที่ออกข้อสอบโคตรง่ายและสอนโคตรรู้เรื่อง,0
ซึ้งใจครับฟิคเรื่องที่สามของเรียลบอทมีไรท์เตอร์สามคนแล้วครับ,0
พี่ตี๋ตาโต๊โต~,0
ครับผมจะขอบคุณล่วงหน้าเลยครับนายเยี่ยมมาก555555,0
ตะกี๊เห็นน้องคนนึงเปลี่ยนดิสเฟสโอ้ยๆๆคนแสดงความเห็นเอาอะไรมองว่ามันสวยฮ่าๆๆฮ่าๆๆ,0
มอร์นิ่งครับนูน่า~เช้าวันสอบผมช่างสดใส...,0
ถ้าใครเจอตำรวจจะเข้ามาทำร้ายนะครับให้พับแบงค์ร้อยใบเล็กๆให้เค้าไป,0
เคะมากกกกก,0
สวยมากกกกกก,0
แหม่ดีใจจริงๆที่โดนฟาด,0
ตัวเองไปเต๊าะคนอื่นแล้วมางอนผมนี่แหม๋..มันน่ารักซะจิงๆ,0
ใช้ส่วนเล่นในเย้,0
ชอบมากกกกกก555555,0
ชอบคอนกรูเอนซ์มากนี่พูดเลย,0
หัวใจผมเต้นแรงมากเวลาอยู่กับแฝด,0
พี่เหมยลี่ไม่ค่อยทวีตเลยเนอะ,0
การเหยียดคนรวยนี่มันทำแล้วเท่จริมๆ:3,0
ไม่ไกลเท่าไหร่เลยครับเปิดกูเกิ้ลดูใกล้นิดเดียว,0
โปรไฟล์กตยาวที่สุดเท่าที่กูเคยเจอมา,0
แล้วพรุ่งนี้สอบแต่วิชาเบาๆ......,0
ดูดีมากเลยทีเดียว5555,0
หยุดอีก1วันก็เปิดละใช้เวลาคุ้มค่าจริงกรุ,0
มีความสุขจังเลยได้ทำการบ้าน-_-555555,0
วันนี้ได้เป็นนางงามข้าวเหนียวดอกทองซึ้งสุดเกือบร้องไห้,0
ทำไมแอร์ห้องเรียนผมเย็นจัง!!,0
อ่านไปตกใจไปนะครับแหม่5555+5555+,0
ชื่อผมไม่แย่เลยนะ!555555,0
ไม่เป็นไรก็แค่ตกรอบไงปีหน้าไปใหม่ก็ได้แชมป์ยูฟ่าไม่เห็นอยากได้เลยนิอีก10ปีค่อยเอาก็ได้ไม่เสียใจเล้ยยยยย,0
งับขา.-...-555555,0
11:11ตื่นเช้าจังนะครับผม,0
ตอนกลางวันนี่ก็ไม่หิวนะพอกลางคืนนี้ร้องจังเลยนะครับแหม่ดครับ,0
การบ้านแคลคูลัสง่ายมากอะ^==,0
ขอบคุณครับรู้สึกดีขึ้นมากกก~555555,0
1ไม่ชินเลยกำ555555เดี๋ยวจะย้ายไปเล่นน้องอันดาบ้าง,0
อยากให้เคะมากช้ะ?เดี๋ยวเปลี่ยนไปเล่นเมจหญิงเลยเอาป้ะ?-_____-,0
กินข้าวไข่เจียวมาอร่อยเหาะ(?),0
แสดงว่าไม่ค่อยมีแดด555555,0
55555จะให้พี่เคี้ยวต่อจากเราก็ได้นะ,0
ขับรถในกรุงเทพรถติดเป็นเรื่องธรรมดาผมว่าหลับกลางไฟแดงยังได้--,0
อย่าเมนชั่นมาเยอะกูตอบไม่ทันนนน!,0
เปลี่ยนชื่อวงเป็นวงซีเคร็ทบอยเลยดีไหมครับแฟนคลับชื่อสปาย,0
ขอบคุณม.เกษตรที่ทำให้กูตื่น7โมงไปเรียนทุกวัน,0
เอ้อนะก็ไม่เชิง555555,0
เด็กดีเกินไปแล้วนาตื่นซะเช้าเลย555,0
ตีแขนว่าผมพูดมากนายไม่ติดลิมิตเลยนะวันนี้,0
"เสียงไม่ค่อยสูงเลยยสูงตรงไหนก๊านนน""",0
คนสวยคนซะละนี่ถ้าจะตอบผมปีใหม่นี้เลยก็ได้นะหายไปซะยาวเลย,0
55555นี่ถ้าจะตอบผมปีใหม่นี้เลยก็ได้นะหายไปซะยาวเลย,0
เมื่อเช้าเล่นจับไพ่ดูดวงได้แหม..ได้ไพ่ดีจริงๆ-_____-,0
ใช่ครับน่าภูมิใจมาก,0
เป็นธอร์พูดสรรพนามได้แค่ข้ากับเจ้า....,0
มันเป็นเรื่องที่ควรภูมิใจ?=__=อ่าผมภูมิใจแทนจริงๆ!!,0
คอร์สผมเรียนคุ้มมาก!!!,0
เล็กมากเลยยยยยย,0
ตอบเมนไปกินมาม่าไปนั่งตบยุงไปมีความสุขจัง,0
เสียงตอกปูนของช่างคือเสียงสวรรค์ในตอนเช้า,0
สวัสดีตอนเย็นครับคุณขวัญ,0
ใครก็หล่อนะครับฮ่าๆๆๆๆๆๆ,0
นูน่านี่สูงเหมือนกันนะครับ,0
อ่อนั่งเล่นครับผมตอบไวจัง,0
8กิโลเมตรวิ่งแค่นี้ผมไม่รู้สึกไรหรอกครับครูวิ่งตั้งแต่ตี5ผมตื่นไม่ทันร้อกก,0
วิ่งซัก10รอบผมก็ไม่ตายหรอกครับอาจารย์สนามเล็กๆเอง?จะเพิ่มมาอีกซัก5รอบก็ไม่สะทกสะท้านอะไรผมเลยคนยิ่งไม่สบายอยู่คุณครูนะคุณครู,0
คนเยอะวุ่นวายดีชอบชอบ,0
ถ้านูน่ากินแก้มผมผมจะแช่งให้นูน่าตายอย่างเดียวดายที่ขนส่ง-___-,0
ถ้าแคลวินเฉินเป็นเกย์นี่ชะนีท้องลมกันเรอะ555555,0
"รถเมล์ไทยแอร์เย็นเว่อ-_-""",0
รถครับ..จะติดไปดาวอังคารเลยป่ะครับ:/,0
ใครๆก็ไม่ผมขนาดรถขนนมยังเลี้ยวซ้ายเลย,0
ชั่งเป็นเลือดเอฟซีโดนแท้จริงสามารถเปลี่ยนจากเอลฟ์เป็นเอ็กโซได้ภายในชั่วข้ามคืน--,0
เก็บตังค์ได้พันหนึ่งแล้ว......,0
เยี่ยม..รถยางแบน!!,0
หู่ยยยยยเผอิญห้องใหม่ผมรัก๊านนนนนรักกันเลยแป้ก:),0
วันนี้คอสอะไรดี...(*`??*),0
ถ้าจะสู้เพื่อลูกแบบผิดทางขนาดนั้นก็ไม่ห้ามนะเผาเลยพี่น้องไฟคลอกแล้วเดี๋ยวรักษาให้:),0
วิธีเขียนข่าวเป็นกลางและมืออาชีพมากเลยนะ--,0
ทักผมได้ผมว๊างว่าง,0
มึงเป็นคนที่นิสัยดีมากกกกกก'กูเพิ่งรู้และกูเพิ่งเข้าใจ!,0
โอ้ยหนาววววววววว,0
อาบน้ำหลังจากที่นั่งอบซาวน่ามานาน,0
ดวงตาของนางประดุจไข่ห่านพันปีน้องกลัวกรั๊กๆๆ,0
ฮยอง--เป็นพี่ที่ดีมากกกกกก,0
?ไม่เกลียดเลยชอบมาก!!!!!!__,0
ทำจริงเลยก็ได้บางที,0
?ตบะแตกกกกก;อ่านไปห้าหน้านั่งจดชอร์ตโน้ตอยู่นึกไม่ออกนั่งเล่นคอมแม่ง555555.,0
เล่ม1ยังทั้งเทอมถ้า2เล่มนี่ต้อง2อาทิตย์มะ555555,0
"อยากให้คนไทยผู้เสียภาษีออกมาทวงถามการใช้เงินของรัฐบาลบ้างใช้เงินของเราเหมาะสมเพียงใด""//ต้องไปประท้วงบ้าง",0
พวกเราต้องการหยุดวันจันทร์!!!!,0
คือว่าเค้าได้หยุดกันจิงกันจังโรงบาลกูได้หยุดมะตอบเลยว่าไม่,0
อิสาดดดดดมธหยุดดดด?????มกๆๆๆๆ,0
ผ่อนจ่ายวันละ10บาทได้ป่ะคะครูหยี่,0
ดนดบฟอลบ้านแฟนเบสวินอีกแล้ว5555บิกแบงไม่คัมแบค21ไม่คัมแบคผมจะหันไปสนเด็กๆวินแทนแล้วนะ,0
ว๊าาาาาอย่างนี้กูก็สอบฝรั่งเศสจีนพร้อมกับยุ่นไม่ได้อ่ะเด่โด่ววววววววววกะจะสอบหลายๆภาษาซะหน่อยเอาให้คุ้มทั้งที,0
ฉากจูบบบบบบอยู่ไหนนนนนน??????,0
เปลี่นดิส!!,0
ชักปวดหัวจะอ้วกอีกแล้ว..ไม่อยากอาบน้ำเลยแต่กลัวเมทรังเกียจขนาดกูยังไม่รังเกียจตัวเองเองมันมีสิทธ์ไรว้าาาาไม่อาบโว้ย,0
ข้อสอบยากก็ยังไม่เท่าไหร่แต่การหาท่านอนให้สบายที่สุดมันยากมาก!!ง,0
ถ้าเอสเอ็มทาวน์ที่ไทยไม่มีมิสซิ่งยูโด้รยอนะะะะะะะะะะะ,0
เริ่มทำการบ้านไม่ถูกอีกละเยอะมาก,0
เฮ้ยยย..บวม2ข้างไปเลยดิ!!จะได้มี2ชั้นเท่าๆกัน+_+นี่ถ้าที่กินๆทุกวันเป็นวิตามินหรือยาลดความอ้วนนะคิดว่าตัวเองคงผอมสวยเลยอ่ะ????,0
ใครก็ได้ช่วยแปลให้หน่อย555+,0
รถติดจนดูหนังจบเรื่องหนื่ง,0
เต้นเสร็จก็หิวข้าว,0
วันนี้พี่ว่างเน้อออ????แฮร่??,0
ที่พูดไปเมื่อคืนอ่ะ,0
สภาพโครตตตตตสะอาด,0
มีเเต่คนรั้งกู555555,0
โคตรจะภูมิใจ,0
เพื่อนถ่ายให้สวยมาก,0
ฟาสไนท์.คืนนี้.ปั่นชิกชิลจิ้งจิง!!!!!!55++,0
เมื่อให้เพื่อนถ่ายรูปให้...เยี่ยมรูปดีทุกรูปเลย,0
แจ่วฮ้อนกินยังไงให้ผอมเสียเงินอีกละโคตรรวย,0
มาเหอะนาทีนี้เห็นอะไรขายหิวหมด??เมื่อกี้ไปชั่งนน.มานึกว่ามันจะลดเพราะไม่ได้กินอื้ม..เพิ่มจ้า62.255+คราวก่อน61.4??เพื่อนบอกว่า65อยู่แค่เอื้อม??,0
สดชื่นจังเลย......????,0
?คือ...ภาพมันก็ฟ้องอยู่แล้วอ่ะนะไม่มีไรมากหรอกเขาก็แค่โอบกันเฉยๆไม่มีอะไรเลยไม่มีไรเลยจริงงงจริ๊งงง????ข้างหลังคือใคร??????,0
????ไปกันอีกนะ,0
และนี่ก็คือหนึ่งในเมนูอาหารที่คนรวยกินประจำ55,0
มาค่ะมาไดเอนกัน.??,0
คิดซะว่าอยู่ท่ามกลางทุ่งดอกลาเวนเดอร์????.แต่ความเป็นจริงนั้นรถก็ติดคนกะแน่น??วันศุกร์วันรถติดแห่งชาติ..ปล.ทริปเดียวลงรุปได้ทั้งปี,0
ทาสทำงานได้สะดวกมากกกก??,0
เราไม่แคร์เพราะพ่อแม่เรามีอันจะกินจร้า....,0
กุ้งสด!!!!มากค่ะ!,0
วันจันทร์วันทำงานมีความสุขอะไรอย่างนี้,0
อร่อยจัดบอกต่อเลย5555,0
2วันตัดอ้อยก็จะสดชื่นหน่อยๆ??????,0
หนาวมากกกกกก,0
ทำวันนี้อีก1วันก็หยุดอีกล่ะเราวันหยุดเยอะได้ตังค์น้อยดี๊ดี030161,0
น้ำพริกถ้วยเก่า+ผัดมะเขือยาวผัดเป็นถาดกินทั้งหมู่บ้าน,0
3เดือนไม่ได้กลับบ้านอยู่ยาวไปคิดส่ะว่าที่นี่เป็นบ้านล่ะกัน??.,0
คุนนาง@บอกให้ทำหน้าดีๆภาพจึงออกมาแบบที่เห็น????,0
แต่งตัวไปกินข้าวต้มแพบจีๆนะ??กว่าจะมาร้านปิดหมดแน่ๆ,0
กูกะไปนะคืนที่กูไปคนโครตเยอะ,0
ชีวิตดี๊ดี??,0
เสียงดังจนต้องตื่นทั้งหมู่บ้านรีวิวสารคามรีวิวมิตรภาพ,0
เที่ยวคนเดียวสนุกจังเลย??????,0
คนน้อยไปนะ,0
ข้างบ้านเปิดเพลงไม่ค่อยจะดังเลยเนอะเฮ้อออออ..บ้าน3หลังกะจะไม่ให้เรานอนเลยใช่ไหมคะเฮ้อออ,0
ขอบพระคุณสำหรับของขวัญปีใหม่จากมนุษย์ผู้จัดการร้านค่ะ????แมวชมปูสะพายตะเป๋า~เลือกได้เข้ากับคนรับมากค่ะ555555,0
ปีใหม่2018????แล้วไงใครแคร์กูจะนอนข้ามปี?จะไม่เมาเราคนดี,0
ดุเวลาพึ่งจะเช้าเอง555,0
สดใสในความมืดดดด,0
ไม่เหนื่อยหรอกที่รักไม่เหนื่อยสักนิสเลย??..,0
อิ่มหลายให้กูหลายโพดดดกินกะบ่เมิดดด??,0
คุ้มมากค่ะ????,0
กินๆๆๆๆตอนนี้ดีที่สุด5555,0
ถ้าถามถึงเกรดเหรอคะ...อยากจะหัวเราะดังๆๆ,0
อยู่กับไข้น่าจะดีไม่เคยทิ้งกูเลยอยู่ด้วยทั้งคืนแถมตื่นเช้ามากะยังอยู่,0
บรรยากาศเช้าวันจันทร์คนแน่นอบอุ่นดีจิง!!,0
แต่งกายเรียบร้อยเกินไป555,0
ไม่กินข้าวแต่ไข่ทรงเครื่อง2ลูกไก่2ชิ้นกุ๋ยช่าย1กล่อง55555ผอมตายสะมั้ง,0
ของขวัญชิ้นแรก555555+ยังดียังได้,0
เธอได้ผอมสมใจละอินาง555(ปลาช้อน),0
อากาศดี้ดีขอหนาวกว่านี้ได้มะ??????หนาวกว่านี้เปียโนคงเเข็งตายงะ,0
หนาวมากเลยข่ะ,0
พี่คะมีพริกไทยไหมคะ....,0
ใครบอกว่าหนาวไม่เลยนะชิวๆรูปนานแล้ว????(เดี๋ยวลบ)30นาที,0
ถ่ายดีจิงๆ,0
งานมันจะยุ่งๆไม่ค่อยมีเวลากินข้าว,0
ไม่เห็นจะหนาวเบ้ย,0
อากาศไม่เห็นจะหนาวเลย??????,0
อากาศแต่ละช่วงโมงน่าอาบน้ำเนอะ??,0
อากาศแบบนี้น่ากระโดดน้ำฝุดๆ??????ไม่อยากอาบน้ำก็วันนี้,0
เช้านี้มาเรียน4คนแต่ละคนสดชื้นนนสดชื่นน55555,0
8องศาห๊ะ!อะไรนะจะอะไรละก็แค่8องศาเองอากาศกำลังสบายสดชื่นรื่นรมปลอดโปร่งโล่งสบายเหมาะแกการอาบน้ำสระผมมากกกเยี่ยมจริงๆ,0
น้ำไม่เห้นจะเย้นเลย.อุ่นจะตาย..??,0
ซื้อหมี่เกี๊ยวมา2ห่อ,0
ละดูแม่ค้าให้เครื่องปรุงดิไม่พอใจไรกูป่ะชัดๆ????,0
อากาศแบบนี้อยากกินอะไรเย็นๆ,0
??เป็นเช้าวันจันทร์ที่บรรยากาศเหงาแสรดกินอาหารฟรีที่หน้าตาและรสไปเล๊อะไปเรื่อยจากโรงแรมเข้ากันดีจุมมมมมใช่เราไม่โอเค,0
น่ากินมากเฮีย...เหมือนพึ่งนึกได้ตอนใกล้หมดอ่ะ....ถ่ายรุปสวยมาก5555,0
มีความสุขมากกก,0
เด๋วก๊อนนนนนน...ฟุตลองพริกสดดดดดด!!!ย้ำนะ!!“ฟุตลองพริกสด“??มันแถมซอสช็อกโกแลตมาาาาาา?เอามาเพื่ออออออ?จิ้มกะฟุตลองงี้?น่ามอบรางวัลพนักงานดีเด่นนนน!น่ารักเข้าใจคิด555555’??กินพริกสดกับช็อกโลแลต??คือดี??????18/12/256010:04,0
นั้งหลังไม่ค่อยหนาวเท่าไหร่ลมเย็นสบายยย,0
มีความคิดถึงวันจันทร์,0
พี่ชายบอกใส่แล้วดูดีขึ้น55,0
หนาวมากยิ่งดึกยิ่งคึก,0
ก็ไม่ร้อนเท่าไหร่หรอกค่ะ??,0
ทอมน้อยเพื่อนยากที่เอาทิชชุ่มาให้ซับเหงื่อแล้วก็คบมาเรื่อยตั้งแต่เอวบางพากันกินจนตอนนี้เอวหนาเท่ากันขโมยน้ำหอมกูไปฉีดก็ยังไม่เลิกคบ!ดีใจเสียใจอกหักรักคุดทุกข์สุขสายแรกๆที่โทรก็ีมีแค่นี้ไม่มีไรมากแค่รู้สึกว่าโลกไม่น่าพาเรามาเจอกัน555555โถถถถคน...แบบนี้ไม่น่าเจอกันไม่รักเกลียดเบื่อหน้า,0
ใช้เวลาทำนานมาก,0
ค่าาาา.ทุกวันนี้ไม่ได้ทำงานอะไรเลยคะอยู่เฉยๆกินแล้วก็นอนอย่างเดียวเลย??????,0
ทำไมมันน่ารักทำไมมันน่ารักกว่าคนอื่นเค้า555555??????,0
นอนดึกตื่นเช้าวิสัยของคนทำงานท้องฟ้ายามเช้ามันสดชื่นเสียจริงๆง่วงสุดๆ??????หมูฮิปเปอร์??????,0
หิมะกำลังจะตก,0
กาญจนบุรีหนาวมาก..,0
สวัสดีวันพุธขอให้วันนี้สุขกายสบายใจ,0
คิดถึงเสมอ????,0
กรุงเทพชีวิตดีๆที่ลงตัว,0
มาว่ะเรามาวัดกันที่ความสามารถดีกว่าพี่ไม่ได้มาเล่นๆสบายผู้สามารถทำได้ทุกอย่างตั้งแต่คุมแบบทำอาร์ตทำการตลาดยันตอกเสาเข็มอนาคตต่อไปจะเป็นผู้รับเหมาเอง??????อายุน้อยร้อยล้านหนี้,0
อากาศหนาวจริงจริ๊ง,0
คนหน้าตาดีแต่ไม่มีคุณค่าดีกว่าคนหมาแต่จริงใจ????,0
ท้องฟ้าจะสดใสไหมถ้าเจ้าของโพสไม่สดใส,0
หนาวมากกกกก,0
ผมลอนที่ทำมาหมดไปกับอากาศที่แสนเย็นสบายยยย,0
นั่นสิอุ้ยยยอยากทำงานจูงงงง??,0
ตอนนั้นก็สวยตอนนี้ก็สวยเวลาไม่เคยทำให้สวยน้อยลงเลยหร๊าาาาาา,0
เข้าค่ายยุม่วนแฮงๆ,0
อากาศน่าไปโรงเรียนมากกกกก,0
หิมะจะตกไหมนะ,0
กระจกชัดเวอร์????,0
เรียกสิงโตไม่ถนัดเรียกไอ้สัสเลยมั้ยคับ.???เรียกแบบนี้ไม่ใช่หมานะคุณ,0
เมื่อไหร่ผ้าจะซักเสร็จว่ะเนี้ย4ชั่วโมงละน้ำไหลแรงสุดๆ,0
"อากาศเมืองไทยเย็นสบายยยยยสั่นเลาะ--""",0
ลูกศิษย์ที่น่ารักมากๆ@@_@_,0
ขนาดภาพเบลอยังสวยขนาดนี้!,0
อีกนิดนึงหิมะจะตกเมืองไทยเป็นเมืองหนาว,0
เพื่อนกูน่ารักว่ะ,0
แกงอ่อมคือสิแซบ...ทำไงๆโว๊ะๆๆๆ??????,0
ภาพนี้ต้องขอบคุณเด็กร้าน,0
เข้าไจไหมว่ากูจ้ะทำอ้ะไรก้เรื่องของกูค_อ__ม่ด้เจาะจงเเปลออกว่าไร้ตามนั้,0
สอบฟิสิกส์วันกูต้องไม่ตก.,0
เป็นคนรักษาข้องง,0
หนาวจนถึงขั้นต้องกินไอติมอะหน๊าวววววหนาววววว????>>??????,0
หื้มต้องตั้งใจฟังดีๆสิไม่งงหลอกค่ะ,0
เข้ากันมากๆคร่า^^,0
ร้อนว่ะ><‘,0
เหอะ...เป็นคนใจดี...มีน้ำใจ...แถมใจกว้างมาก...สาสๆๆ,0
ไข่ม้วนกับยำสาหร่ายยยยเมนูผอมผอมมากเข้าครัวตัวกลม,0
หนาวมากกกกกก??,0
ทำงานสนุกจังเล้ยย,0
ขอบคุณสวรรค์ที่ทำให้มีเวลาจอดรถบ้าง....แต่เอ๊ะ!ทำไมจอดนานจังลงไปนั่งกินน้ำกินท่ากันก่อนมั้ย?ป่ะ!,0
อิผอมมมมมม,0
โถ่ว!!ชีวิตดี๊ดี??,0
เมี๊ยวๆ????ขอบคุณไอโฟนเพื่อนที่ถ่ายรูปชัดมากจริงๆ,0
สโลโมชั่นคือแบบกูสวยมากกก5555+,0
อย่าคิดว่าคนที่เขาอ่อนแอแล้วแสดงออกทางโชเชียลเป็นเรื่องเพ้อเจ้อน่าสงสารแล้วหัวเราะเยาะเขาเพราะคนที่เขาไม่มีใครจริงๆอย่างน้อยเขาก็ได้มีที่ระบายออกดีกว่าเก็บไว้คนเดียวเพราะเขาไม่ได้ต้องการให้คนในนั้นมาเห็นใจเสมอไปหรอกถ้าคุณคิดว่าเขาไร้สาระแล้วเหยียดสิ่งที่เขาทำก็เลิกติดตามเขาซะจะได้ไม่รกหูรกตาวันไหนคุณมีความทุกข์อย่าเผลอระบายออกมาก็แล้วกัน,0
แดดไม่แร๊งเลยคร๊ามันจะตาหยีๆตัวดำๆหน่อย,0
คนจนโตเกียว555จนต้องทำใจ60000?อย่าเอาแกงกระหรี่มาฝากมีเยอะแล้ว555,0
สอนมาดีก็งี้เเหละ5555,0
วิธีคนผอมผอมอะไรขาจะเท่าฝาบ้านหล่ะ,0
ไล่บี้วันหยุดสุดชิว,0
กลางวันไฟดับหนาวมากเลยยยค่ะ,0
เป็นโสดนี้มันมีความสุขจิงๆเลย...แฮร่..,0
????ตัวเท่ากันเลย??,0
ความตั้งใจของกลุ่มเรา,0
ขอบคุณเพื่อนที่ตั้งใจถ่ายรูปโฟกัสกู!!!,0
อยากแต่งหน้าแบบนี้มานานแล้วค่ะ555555,0
อากาศดี๊ดีเหมือนอยู่โซล,0
กอดสังกะสีก็ดีอยู่นะ????,0
ถ้าทนไม่ได้อย่ามาเป็นแมวป๋มไม่ได้กล่าวป๋มรับไม่ได้,0
ต้องเอาออกอีกหน่อยเนอะเหมือนยังไม่สั้นเท่าไหร่อิอิ,0
ดวงชัดดีจริงๆ55555,0
ทรงผมมึงสวยเนาะ,0
เมียไม่อยู่ทักมาหาได้นะตลอดเวลลลลลล555555,0
เชียงใหม่หนาวมากกกกกก,0
ขออากาศเย็นกว่านี้เย็นกว่านี้ได้อีก...,0
ทีมงารรักเช่มากกกกกกเป็นแถวหน้าแต่ไม่ซูมเลยค่ะะะะ,0
หน๊าววหนาว??,0
โอเคเป๊ะมากทุกอย่างลงล็อค,0
ประเทศนนทบุรีหนาวมาก??????,0
แดดจางๆที่เคยอบอุ่นบอกตรงๆไม่เคยอบอุ่น(หรอ)!!,0
มากะเพื่อนก็มาได้ไม่จำเป็นเลยยยยฟงๆเเฟนๆนิ??โสดเเล้วพาลอยากมีเเฟน555,0
ดูแก้มเราดิน่ายิกดีเนาะ555,0
ยิ่งกว่าอีกจ้ะ,0
อยากให้กรุงเทพมีแต่ไฟแดงช่วงนี้งานเยอะจนลืมไปว่าอยู่เฉยเฉยเป็นยังไง,0
ขอขอบคุณการบ้านจากวิชาต่างๆนะคะให้น้อยดีค่ะ,0
??จิบชาอุ่นๆไปตอบไลน์ลูกค้าไปอื้อหือ??,0
-10องศาหนาวสุดขั้ว???,0
มีความเซอร์ไพรส์ฝุดๆครบรอบ5ปีหลัวพามากินชาเขียวข้าวปั้นชีวิตเด๊เด..,0
บอกไปกินข้าวนี่ไปเป็นชั่วโมงละ??????ดีจังเลยย??,0
1นาที/4เซท~ก็จะหร๋าเริงนิดนึงชอบจุงแบก10โลไปด้วยแพลงก์ขาเดียวไปดั๊วะ??????,0
สนุกเล้ยยยยย///,0
??????สบายใจแบบไหนก็ทำไม่ต้องแคร์ความรู้สึกกันหรอก...,0
แค่เราเค้ายังไม่รู้เลยแล้วถ้าเรา.หายไป.เค้าจะรู้ไหม??????,0
กรุงเทพฯชีวิตดีๆที่ลงตัว,0
บอกเลยครับ...เฮียทำได้ทุกอย่าง!!,0
ไม่ทันไรวันจันทร์ชะละ..ชั่งเป็นวันที่สดใส,0
หน้าใสๆนี้เพราะกล้องทั้งนั้น,0
ขอบคุณทุกอุปสรรคที่เข้ามา,0
ดีจัง55น้ำมา...,0
เฮ...ไปลอยกระทงกะเรามั้ย...เง้อ??กระทงไม่ได้หนักมาก..ลอยคนเดียวได้??????,0
วิธีที่ป้องกันการทะเลาะกับคนรักเขาบอกว่าเย็นให้พอรอให้เป็นเว้นงดอัพสเตตัสและก็หัด..อยู่คนเดียวนะจ้ะ??,0
ผมยาว??,0
หาที่เล่น??????ควันบุหรี่เต็มเมือ,0
ฝันนดีนะคับบ!!ชาบูอร่อยมากแต่ก็้วกออกมาหมด??????,0
ปิดเทอมที่แสนยาวนาน,0
มึงถ่ายได้สวยมาก,0
ใบหน้าของคนที่โคตรอยากมา??????2017,0
เรียนบริหารนี่โคตรง่ายเลย,0
ดึกนี้แหละของชอบครับ,0
รับจ้างทั่วราชอาณาจักรพับดอกบัว,0
ตัวสูงที่สุดในทีมครับ55555,0
น้ำใสไหลเย็นเห็นตัวปลาแหวกว่ายปทุมมาอยู่ไหวไหวน้ำดำคักดำแหน่,0
แวะยังกะแวะซื้อหม้อแกง....ตั้งใจมามากกกกก...!!!!,0
ตอบไม่ทันเลย????,0
ใส่เชนสีฟ้าอ่อนแต่พอเอาเข้าจริงเชนก็ถูกย้อมสีกลายเป็นสีเหมือนกับลิปสติกที่เราทาดี๊ดี??????,0
ไม่ค่อยสนุกเท่าไหร่เลย??????รวมตัวกันได้รถแท่บระเบิด,0
แก้วสตาร์บัคเพียบเลยยยมีทั้งไข่มุกมีทั้งน้ำมะนาวฝาแบบซีนปิดได้??ยอดขายคงเพียบ,0
ไม่ค่อยจะทำร้ายเหล็กดัดเรย,0
กูต้องได้อังกฤษ100/50ใช่มั้ยกูถึงตะผ่านกพ,0
ว่างกันมากสงสัยจะไม่มีอะไรทำกัน,0
หน้าผากแคบไปนะ5555,0
"ใช้แบตเตอรี่อย่างดีในการขับเคลื่อนร่ายกายค่ะ!!!-_-""",0
ดีใจสัสสสส55555,0
น้ำรอการระบายไม่ใช่น้ำท่วม,0
แตกแค่นี้จิ๊บๆไม่เจ็บเล๊ยยยยยย555555,0
คับจะเอาใกล้ขนาดไหนคับใกล้กว่านี้ก็ได้นะคับ,0
ยิ้มให้กับวันทำงาน,0
กำลังใจต่ำเติมกำลังกายไปค่ะ!!!เช้าวันจันทร์ที่สดใส??,0
มีความสุขจังที่ได้อยู่กับเจ้าวอจ๋า??????,0
ดีใจพรุ่งนี้วันจันทร์??????,0
วันนี้ฝนม่ายตกแต่คนเยอะมากกกกกก??,0
ชอบนะ!ที่ได้ดื่มน้ำเย็นๆสักแก้วท่ามกลางอากาศอบอุ้นอบอุ่นของเมืองไทยที่อุณหภูมิสูงกว่า37?มันทำให้เราสดชื่นแบบสุดๆชนิดลืมไปเลยว่าเรากำลังร้อนแบบเ...ี้ยๆในตอนนี้...!เพราะความอบอุ่นของแสงแดดสดชื่นแล้วนะความเย็นทำให้เกิดหยดน้ำบนใบหน้าเลยทีเดียวเชียว,0
5555ภาพที่เห็นกับความเป็นจริงหมุนแรงดี!!!รับสารต้านอนุมูลอิสระกันหน่อยยย,0
ซื้อมาเหมือน...??????.??????คนจริง2017.????,0
มีความสุขจังว๊อย????,0
เช้าวันอาทิตย์ที่แสนสดใส??????ทำงานนนนนน,0
อกไก่ต้องมีคนหมักแต่ถ้าอกหักต้องหาคนใหม่,0
ไม่..เหนื่อย..เล้ยยยยย..กระจอก??????...!!,0
จะหน้าไหน..ก็ยังหน้ากอดยุหุ่นอวบขนาดเนี้ยยยย??,0
??แสงช่างเป็นใจมากกก,0
น่ารักเกินจนไม่มีใครชอบ????.,0
แค่อย่าทำให้เป็นเรื่องที่น่าเบื่อมันก็จะไม่น่าเบื่อคิดมุมกลับปรับมุมมองงานที่รัก,0
นั่งจดตัวอ่านอาจารย์บอกขยันม๊ากกกประชันหยุดไปแค่3วันเอ๊งง,0
ท้องฟ้าแจ่มใสโคตรๆ,0
มีความไปในทิศทางเดียวกันมากกก,0
ดีใจมากกกก55,0
พอกินเดี๋ยวก็เหมือนเดิมไม่ทำหรอกพอร์ตเอาเงินไปเข้าฟิตเนสดีกว่า??สั่งทำแล้วคนทำหายค่ะงานเลยชห.,0
ขอให้นะฝันดีนะ,0
อ้ายยังฮักน้องเสมอแม้ว่าเธอเป็นของคนอื่นแดกๆ,0
ดูพระอาทิตย์ตกยามเย็นนนสวยเนอะนางแบบก็สวยนะ555สวยตรงไหนเห็นแต่ข้างหลังหุ่นดีมากก??????,0
นอกจากจะชื่อแล้วทริปนี้ยังมีอีกชื่อว่าอุปทานหมู่เพื่อนคนไหนซื้อไรเป็นไม่ได้ต้องซื้อตามกันมะเข้าใจจิงๆตั้งแต่ช๊อปร้านโน้นนี้ยันตาบั๊คก,0
ขอบคุณสำหรับการบ้านนะคะคุณครูที่น่าร๊ากก--555,0
ช่วงนี้ไม่ได้อัพรุปเบยยรอสวยก่อนอิอิรุปนี้เหมือนลอยมาแต่ตัวกะหัวขากูหายไปไหนฟะะะะะะะแลดูตั้งใจทำแล็บนะเป็นคนรักการทำวิจัยอ่ะ,0
เฉาก๊วยยผิดสูตรเฉาก๊วยยยอร่อยยมาก_-'ขมเเถมซ่าาใส่อะไรเอ่ย?ดูพ่อเเข่งบอล?อิสอิส,0
คือผมเริ่ดมากก55555,0
รถก้ไม่ติดเท่าไรหรอก--*,0
3.10ชีวิตดีดี๊.,0
นานๆๆครบแก๊งน้ำน่าเล่นนม๊ากกก,0
เพื่อนเราสวย555,0
ก็มันว่างตั้งแต่ต้นปี????ไอจีใครคนนั้นรอด,0
อธิบายไม่ถูก??????ท่วมไปเลย????,0
ขอตั้งชื่อรูปนี้ว่าดาร์กที่สดไสยยย~????ว๊างงงว่าง,0
อยู่กับเรานานๆนะความเหงา!!??,0
เขตเราโคตรสะอาดมากมาย555555,0
มึงจับกล้องให้หน่อยย!หงายกล้องขึ้นอีกนิดนึงนิดจิงๆใช้ได้ทุกรุปเรอะสภาพพ555,0
สวยไม่เท่าอย่าเห่าไม่ชอบบ55555,0
เพื่อนของฉัน..น่ารักสุดด555',0
อารมดี๊ดีหึๆๆๆ,0
สนุกจังเล๊ยยย??ม่ายย,0
ยังรู้สึกคิดถึงที่พักอยู่,0
ลงรุปเหมือนไปบ่อยอิอิ??????คิดถึงจุงห้องสมุด,0
หุ่นดี.สวยด้วย555555,0
สนุกมั้ยยพวกมึงง,0
ขอบคุณที่เข้ามาทำไห้รุ้สึกดีเเร้วก็หายไป????ตัวทีมีฐาน,0
คิดว่าหล่อมากมั้งง,0
แลดูมึงงงก็มีความสุขดีน่ะกูยินดีด้วยยยยน่ะ??????,0
ยังรู้สึกว่าเบาไปนะ??!55,0
โสดดผัวตาย!!!!!,0
????ซินเดอร์เรลล่าไปนอนได้แล้วนะคะเพราะเจ้าชายดูบอลยังไม่จบแถมยังต้องไปเสวนาเฮฮาปาตี้กับมิตรสหายต่อเจ้าชายถอดรองเท้าแก้ววางไว้ข้างเตียงให้ละนะต้องไปแล้วเด่วบอลจะจบก่อน555555,0
เด็ก4/3ไงจะใครหล่ะครูพูดเพราะมาก,0
ข้อสอบง่ายดีเนอะ??????,0
ชิลจังสุนทรพจน์,0
วันหนึ่งเราจะรู้สึกเฉยๆกับเรื่องที่เรารู้สึกมากๆยืมเค้ามาาฟิวกำลังได้ทำข้อสอบเหมือนได้พักผ่อนนชีวิตดี๊ดี:):),0
ถนนโล่งรถไม่มีดี๊ดี??,0
เจอกล้องสดเป็นไงล่ะดูดี5555ดีออก,0
บินกับน้องชุดแดงหุ่นเพรียวขาเรียวปากแดงโหมดใช้ชีวิตคริ,0
อยากลดน้ำหนักฟังทางนี้//ทำงานหนักๆออกต่างจังหวัดบ่อยๆเหมือนเราสิยาลดน้ำหนักชั้นดีเลยนะ'ลดฮวบเลยจ้าาา!,0
เนี้ยยย'นุ่นแอ๊บม้ายเป้นน555555????ฝันดีคั้บบ,0
เยี่ยมเลอะข้อสอบ:),0
??.หน้าสดผิวจริงมากไม่คอนซีลไม่บรอนเซอร์ไม่ผ่านแอ๊ปและการปรับสีใดๆทั้งสิ้นเลย!!!,0
เพราะ..อากาศเปลี่ยนแปลงบ่อย!!ผมเลยออกมาหาอะไรเย็นๆดื่ม????,0
17?ไม่หนาวเท่ารัย???,0
ดีใจเวอร์เปิดเรียนซะทีอยากไปเรียนมากกกกกก,0
ดีใจเว่อคถการเรียน555,0
ฮื่อๆๆแม่จ๋าทำขนให้นู๋ด้วยเลยทำให้แต่น้องงอลแล้วนะแบบนี้5555,0
พรุ้งนี้แล้วอยากไปจัง,0
??????ไม่ค่อยหิวแต่ได้เร็วสุดดดดด,0
อีมาร์คหล่ออ5555ย้อเย่นๆ,0
อากาศร้อนนักใช่ไหม??ยต้มมะระกระดูกหมูใบพายมะระตุ๋นนิ่มๆหมูเปื่อยๆกระดูกอ่อนกรุบๆ,0
นี่คือหน้าปกติสุดๆแล้วของไหม..อยู่ด้วยกันทีไรเหมือนย้อนวัยทู๊กทีขอบคุณที่ให้อยู่หน้านะครัชเด่นสุดเลยซึ้งจังบานจัง,0
????ขอบคุณซึ้งมากกกกกกไม่ได้สามตัวเลยขอบคุณจริงๆ!!!!??????,0
หลงรักไอ่ตัวแสบที่บ้านจะแอบขึ้นเตียงพอดุ,0
กริ๊ดดไม่อยากผอมอยากอ้วนมากกก??????,0
จัดมาเบาๆๆไม่ได้ซ๊อปปิ้งก็ให้ได้กินน้ำหนักไม่ลงดีนักกินซะเลยหึหึคงจะผอม,0
อากาศร้อนโดนน้ำเล่นว่างจัด,0
ครูสอนไม่ฟังรวบยอดตอนสอบ,0
อุ้ย!!ก้อนอะไรอยู่ในกล่องคุณโชคนี่เองมานอนขดอยู่ในกล่องใบติ๊ดเดียวโอ๋ๆๆโกรธแม่ไม่ให้ออกนอกบ้านพบโชค,0
ดื้อไม่ยอมเข้าบ้าน,0
อยากได้ลูกชายซะตัวพันธ์ุนี้แหละอยากได้โครตบีเกิ้ลราคาเบาๆมาก15000หลงรัก,0
วันหยุดอยู่กะหมาบ้างเกาลัดงอนตอนนี้เป็นเด็กมีปัญหาและใบไม้!!????,0
ไม่สั้นเสมอหู...,0
"อย่าเรียกหนูว่า""เมอแลงค์""ว่างๆกลัวลูกร้อนหูลยตัดขนหูลูกเล่นงอลไป1ชัวโมง",0
หาคุงหลานมาจร้าอดทำใบขับขี่เกี่ยวม่ะ,0
มันร้อนเกินไป~,0
มาเรียนแต่ไม่สอนถ่ายรูปเล่น????,0
ตอนนี้ไม่ขอโฟกัสเรื่องกินก่อนค่ะความรักยังไม่คิดเลยกินมาหมดเยอะแล้วไม่รุจะลดทำไมเสียดายเงิน,0
ดีใจมากกกกได้บัตรประจำตัวนักเรียนรูปสวยมากกกก,0
เช้านี้อากาศสดใสจุงเบยยยดอกก,0
470กิโลไม่เหนื่อยเล๊ย!!!-*-,0
แหกขี้ตาตื่นตีสองมานั่งกินกาแฟทำงานที่สนามบินตอนตีห้าชีวิตดี๊ดี??,0
หน้ากลมมาก~ภูมิใจมากค่ะ??????,0
ใครม่รุ้น่าาระกเป้นบ้าา555,0
ใกล้เนอะ?แต่ก็ยังถ่ายได้อีก,0
ถวายพระพรพระบรมราชินีนาถเมื่อวันศุกร์มโหรีวงเล็ก,0
โดนทิ้งให้นอนอยู่บ้านคนเดียว!!!!น่าส่งสารนิ!!!555++ให้รู้กันไปเลยว่าผัยเป็นผัย!!!,0
คนิตเป็นวิชาที่ง่ายมากกกกกกเฮ้อ,0
อยากให้ลูกกตัญญูอ่านข้อ6แต่ถึงอ่านหมดเล่มก็คงไม่ฉลาดขึ้น,0
ยกรอดค่ะ??'หนักตายโหง??,0
รถมันช่างเยอะซะจริง@พัทยา,0
พี่เจ๋งขโมยขนตาเค้าไปติดทำไมคะ??,0
กินแต่ของผอมๆๆๆๆๆ,0
ท่องธาตุอ่าหรอง่ายนิดเดียวเอ้ง??,0
ดีใจ..ที่ได้เป็นส่วนหนึ่งของภาพถ่ายบันไดนี้ค่ะ??ดีใจจิงๆหราเห็นมั้ยข้อมือหายไปข้างนึง,0
งอนอปป้า1วันบังอาจร้องเพลงจีบมิน,0
ไม่ยอมเหลือที่ว่างให้ทีมตัวเล็กเค้าเรย(?_?),0
นอนกันน..วันนี้ลงเยอะแล้วน้ะแต่คุนโทรสับเค้าคงเหนื่อยเลยลบออกไปเองบางรูปขอบคุนมากก55555รุปของกิจกรรมลงต่อพุ่งนี้น้าากลัวมันลบเองอีกกไปล้าาเจอกันพุ่งนี้ฝันดีค้าา,0
บ้านพักอยู่ใกล้บ่อขยะกับโรงงานมันสำปะหลังเวลาฝนตกหอมชื่นใจดีจัง,0
ไม่มีนมก็กินนมซะเล้ยยยยย,0
อากาศหือมมมมมมมมมดีมากกกทำไมต้องเชงเม้งเดือนที่ร้อนๆเช่นนี้??,0
อะไรมันจะหนาวขนาดนี้หนาวตับแตกหนาวปากสั่นหนาวจนแอร์สู้ไม่ไหว????,0
แอนนาฟรีแลนซ์สำนักข่าวไทยแลนด์ติ่งรายงาน..ผมเพลียตรงสำนักข่าวลาออกไปทำงานสายข่าวกีฬาฟุตบอลดีมั๊ยแอนนา,0
??โดนเพื่อนขุดออกมาตั้งแต่ไก่โห่หูยคิ้วนี่แน้นแน่นปากนี่แดงแจ๋เลย,0
เปิดตู้เย็นถึงกับอึ้งอะไรจะเยอะขนาดนี้....หิวอะ,0
เวรดึกชีวิตดี๊ดี!!!!!จนป่านนี้พี่ยังมิได้นอนเลย??????,0
แดกเข้าไปเยอะๆๆๆๆร่างกายจะได้แข็งแรงงงงเหล้าน่ะ,0
หนาวจังเลยยยย????เมื่อวานก็มาวันนี้มาอีกแฮปปี้นิวเยียร์??,0
แววตาสีหน้ารู้เลยว่าพร้อมกับการสอบพน.มากๆ555555,0
คาดผมบางทีก็เล็กไปนะแม่!!,0
คาบนี้!!คือคาบออกกำลังกายแดดกำลังดีเลย,0
พากันสอบติดมหาลัยเเน่ฟังติวเตอร์ละนั่งเล่นโทรสับกันทุกคน,0
คร่าสวยเหมือนคนทำ,0
อยากไปเรียนแล้วง่ะ555555,0
แปปนะขอเวลาบ้าคนเดียวรักน้ะหลักการคณิตศาสตร์,0
วันนี้แดดเย็นสบายค่ะ-_-,0
คนน้อยมากกกกกเบาๆ,0
ขอบคุณพ้นล้านครั้งทีหลังไม่ต้องงงงได้โปรดดดดด,0
พุ่งนี้จะได้ตื่นแต่เช้าไปเรียนแล้วดีใจจนน้ำตาจะไหล,0
รูปนี้ถ่ายที่ไร่ชานะรู้ยัง?555รักกกกกนะคือเห้นไร่ชาชัดมากกกก,0
ชิวๆค่ะ(เหรอ)กินแค่5เม็ดเองน้อยไปด้วยซ้ำ(มั้ง),0
กรณีศึกษา....ฟังไปถ่ายรูปไปจิบชาไปฟิน....,0
ร้อนๆๆร้อนจนนอนไม่หลับ~กินติมดับร้อนข่าราคาถู้กถูกกกน้ำตาจีไหล??????,0
คนไม่เยอะเล้ย!!!555555+,0
แปะเปิดเราก็มาาาาตีสองครึ่งซดน้ำเต้าหู้ร้อนๆอากาศหนาวสึด,0
เด็กน่ารักเกิ๊นน!!!!!!แหม่!!!!!,0
ห้องหกถูกกระจายแน่ๆนักเรียนเยอะเกินไป!--*,0
หมดเวลาสนุกแล้วววสิเจอกันวันจันทร์อยากไปทำงานจังเลยยบ๊ายยยฝันดีค่ะ,0
"คำเดียวเลย""หวาวจัง""",0
อยากผอมอีก5โล55555,0
อีกแค่3?เองคงจะดีหรอกนะ!!!!,0
วันนี้อากาศเย็นสบายลมพัดเย็นๆไม่มีแดดสักนิด,0
ถามว่าชอบไหมตอบเรย..มากกกกกก!!??????,0
"วันนี้""กุหลาบไร้กลิ่น""รอบการแสดงที่สองแล้วนะคะถ่ายรูปกับนางเอกละครกับอีหมูนี่คือกูดูสวยมากค่ะ...ะ",0
พักผ่อนสะหน่อยไม่ออก!!!????,0
??????ร้านสวยบรรยากาศดีนั่งชิวเพลินดนตรีสดก็เพราะอยู่ติดถนนแจ้งวัฒนะเล้ยยยย,0
3พี่น้อง...นี่ทำอะไรกันคุยรู้เรื่องมากสัญญาณดีมาก,0
เออหล่อมาก??????เหรอ!!!,0
คือมันง่ายอะหลับตาทำข้อสอบยังได้เลยเอ่าะ555555,0
สวัสดีวันพุธที่แสนมีความสุขที่สู๊ดดดดดด,0
ถอยรถใหม่!!ขี่ไปออฟฟิศปอยรักโลกกู๋คงหวังรวยกับค่าจอดรถช็อคโกแลตมิ้นท์:),0
อ๊ากกงานท้วมทั้งตัวทั้งพิมพ์ทั้งเขียนจะสิ้นลมแล้วน่ะเหนื่อยที่สุดในสามสิบแปดโลกเมนต์ก็มาแถมสิวก็ขึ้นอีก!!,0
เพราะ...ไม่ได้บ้าลิปสติกพึงซื้อราคาเต็มมา??????,0
ยูนิฟอร์มมันเริ่ดมากจริงๆ??,0
รักมากมาย??????,0
โอ้โหวววววยิ้มหน้าบานเชียวดีใจละสิได้ทำงานวันเสาร์????คนขี้เกียจแต่ต้องสู้,0
บอกแม่ค้าว่าขอถั่วลิสงเยอะเยอะนางเลยจัดให้!!!!เอ่อมมมม......,0
ใครว่าของฟรีที่ดีไม่มีในโลกทำใส่สมน้ำหน้ามั่นสัมนาคุณ2200บาท,0
ยิ่งเลอะยิ่งเยอะประสบการณ์บ่นอยู่เมื่อเช้าเลอะเทอะ??,0
พวกเราชาวสงขลานครินทร์??????.วิ้ดวิ้วววน่ารักตรงไหนว่ะกูยุ่หลังเพื่อน,0
ชีวิตพี่มีแต่กินอาหารคลีนๆ,0
แหม่ๆเธอก็พูดไปหน้าเรากลมบ๊อกเลยจะเป็นนางฟ้าได้งาย,0
สงกรานต์ปีนี้ดี๊ดี,0
ชุดขาวน้อย..คนขาวมว๊ากก..หน้าไม่ได้ดึงมันตึงเอง,0
คิ้คิ้ขอบคุนเพื่อนที่แสนโหดเหี้ยมอำมะหิดที่ส่งรูปอาหารมาแวะให้ลำใส้กูเรียกหายามดึก!ขอบคุนมึงค้ะขอบคุนมากกกกก,0
ไม่บ้ากล้องเล้ยยยยย,0
คือ....เเบบว่า...เอิ่มมมมน่ารักเหรออออ,0
อากาศกำลังอบอุ่นได้ที่-..-ต้องการไอติมมมแบบเนี้ยสักโหลมาแก้ร้อน~><,0
ทำงานๆเอิ่มสภาพนี้ดูดี้ดูดีเน่อะ,0
เฮ้ย!!!สบายใจจังได้มาห้าร้อยจ่ายตั้งพันแหนะเฮ้ยยย!!,0
แฟนซื้อให้เป็นอันที่2ละเห็นเราชอบชาร์จแบต555,0
กรูไม่ใช่คนผอมแต่กรูพยายามอยู่กรูเป็นหมูอ้วนแต่กรูสวย!!!!!รู้เรื่องนะครัช,0
ช็อปปิ้งแก้เซ็งแพ้ลิเวอน์คาบ้าน,0
พี่เพลียอย่ามาเยอะ,0
ก๋วยจั๊บร้อนๆกินร้อนดับร้อน,0
อากาศหนาวๆต้องซุปครีมเห็ดร้อนๆ??????อากาศดี......ดีนะตูไม่ตาย!!,0
ตัดผมจะร้อนไปไหน,0
อะไรมันจะอากาศสดชื่นได้ขนาดนี้แม่ม!!!!,0
อากาศหนาว.....ถึงกับตั้งก่อไฟอยู่,0
ถ้าอากาศจะร้อนขนาดนี้..ฝืงไฟเลยเป็นไง//,0
ถึงขั้นต้องใส่สเวตเตอร์??????อุบลหนาวมาก?????,0
ร้อนนัก....ก็กินให้ร้อนขึ้นอีก,0
สายธารไหลเย็นท้องฟ้าแจ่มใสบวกกับอากาศสดชื่นท่ามกลางธรรมชาติสวยสด..โอ้ย!...,0
กินให้ตัวแตกไปเลยค่ะ??,0
มื้อบ่ายยำหมูยอแบบง่ายๆกินเล่น,0
ฟังเพลงเพราะๆดับร้อนเปิดแอร์ให้น้ำแข็งเกาะ,0
หิมะทำไมไม่ตก,0
สต(ร)อเบอร์รี่โยเกิร์ต...อร่อยดีมีประโยชน์^^ปากว่างแก้ง่วง,0
ถุงเท้า2ชั้น!กางเกงขายาว2ชั้น!เสื้อแขนยาว2ชั้น!ใม่อุ่นให้มันรู้ไปเซ่!!อิอิ:)555,0
อากาศเย็นๆแบบนี้ไอศรีมซักแท่งมั๊ย!!!15องศาหนาวไปนะไอติมเราก็ขายเผื่อใครยังไม่รู้,0
วันที่3??สหกิจศึกษาโคตรสนุกเล้ยยย!!!!!,0
??เขียนงานปั่นงานแต่อากาศหนาวๆร้อนๆเลยเลือกไม่ถูกว่าจะใส่ไรดี55555??,0
อาจจะดูไม่ดีแต่ถ้าดูดีๆอาจจะไม่น่าดูตกลงจะให้ดูหรือไม่ให้ดูไฟดับๆ.ร้อนจะตายแล้วซ้อมตกนรกตอนยังไม่ตายก่อนเดี๋ยวพอตกนรกจริงๆจะได้ชินกับอากาศที่นั้นดีออกกกกก,0
กู๊ดในท์ชาวโลก5555ลืมรึยังน๊อ,0
คัยๆๆก็รุ้....ว่าโลกมันร้อน....,0
เย็นๆๆจนหนาวเหอะ,0
รามยองร้อนๆคลายหนาววววววโหมดมโน,0
??????ร้อนชิบฝนตกยังร้อน(อากาศแบบนี้อีกนานกว่าจะมีโอกาสคิดถึงพระอาทิตย์),0
อากาศก็ร้อนแต่ดันใส่เสื้อกันหนาว,0
ชิวเว่อร์นอนเล่นเย็นสบายหิมะหยุดตกแว้ว??????,0
อากาศดีๆอย่างนี้รับไอศครีมมะพร้าวพรือมเนื้อมะพราวและน้ำหน่อยมั้ยคะกินให้เป็นหวัดไปเลยเบื่อฝนตกกินไอติมดีกว่าสุดท้ายก็วนเข้าเรื่องกิน5555,0
ตัดแม่มตัดเองเทคนิคไม่ต้อง,0
ทำเข้าไปสิงานน่ะ...ออกแนวว่าง,0
ร่วงจนได้อุตสาห์ประคองร่างมาตั้งนานพกงานด่วนมาทำอีกชีวิตดีเนอะ,0
วันนี้วันพระอย่าลืมไปทำบุญกันน่ะค่ะรักษากายวาจาใจให้บริสุทธิ์ตลอดวันน่ะค่ะ,0
ม่ายยยยยยจิงม่ายยยยต้องไม่แพ้น้อยขนาดนี้แพ้น้อยไป,0
ตำพริกใส่มะละกอ,0
ซื้อมาถมที่คะ,0
แสนดีที่เธอฝันคงไม่ใช่ฉันที่เป็นอยู่????ปากดีปากหมาทำตัวไม่ดีขี้โมโหเอาแต่ใจนอยเรื่องไม่เป็นเรื่อง,0
ฉันเป็นชาวพุทธที่มีความตื่นเต้นกับเทศกาลคริสต์มาสมากกว่าวิสาขบูชา,0
อากาศดีสบาย,0
ก็เป็นคนแบบนี้เอาแต่ใจ,0
พกงานด่วนมาทำอีกชีวิตดีเนอะขีวิตฉันพึ่งใครไม่ได้,0
กลับมาช๊อปที่ไทยก็ได้โว้ย,0
"บางที!เราอาจควรคิดว่าจะทำอะไรต่อมากกว่า""เราทำอะไรไปบ้าง""",0
เด็กเก็บกดไปฝรั่งเศสทำแต่งานไม่ได้ช๊อปเหมือนคนอื่นเขากลับมาช๊อปที่ไทยก็ได้โว้ยง,0
กินให้ความหวานไปหล่อเลี้ยงหัวใจแทนความรัก,0
"มากกว่า""เราทำอะไรไปบ้าง""",0
รีบจีบก่อนเราผอมกลิ่นความรักอบอวล,0
คดโกงความสะใจ,0
ชอบมว๊ากกกมีหันมาถามครั้งก่อนว่ากินทุเรียนได้ละ555หลงลับแลรอเชือดอีก2กินวนไป,0
อะไรที่มนุษย์ทิ้งลงไปในท้องทะเลทะเลก็ส่งกลับคืนให้แบบ,0
ภาษาไทยหยออ?สนุกอิตายย??????,0
การสอบเป็นอะไรที่เบเบมาก????,0
อ้วนขนาดนี้ยังมีคนเห็นว่าผอม????ขุนตลอด??ใต้การสั่ง2ได้4สั่ง4ซื้อ6บอกไม่ต้องเยอะจัดมา10????,0
กินผักกินหญ้าบ้างเผื่อจะฉลาดเหมือนคนจัดงาน2,0
เหนื่อยใจอ้อนใครได้มั่ง??,0
??กินไงนะถึงจะอ้วนเบื่อความผอมของตัวเอง,0
บางทีกูก็ลำคานว่ะบอกเลย,0
ชิวิตคุณนายแต่งตัวแต่งหน้าออกไปเดินเล่นซื้อทองดูรถหูยยยยยดีชะ,0
พาลูกสาวนั่งรับแสงเมืองไทยหนาวมากคะช่วงนี้หนาวมากจริงๆ,0
อยากจริงๆจริตอยากกินของนอกมามากินของนอกกันค่ะ!!กินไปสิขอเพิ่มอีก10โล,0
พวกนี้นะโทรแดกดันเอกจริงๆเลอะ!!,0
บังเอิญเจอและบังเอิญเหตุการณ์ใกล้กัน..ป่ะ?,0
??????.ฉันรักคุณทุกวี่ทุกวันเหมือนที่กรุงเทพฯรถติดทุกวันไง,0
เอาที่ภาคภูมิใจเอาตร.มาเป็นผัวน้อยดีป่ะวะ??,0
&มีส่วนไหนเหมือนแม่บ้าง!?แอบเคืองชักจะไปฝั่งทางพ่อเทอมากเกินไปแระนะกระแนะกระแหน๋,0
เมื่อเราโตขึ้นเราก็จะได้เรียนรู้อะไรมากขึ้นพบเจออะไรมากขึ้นรู้ที่จะรับหรือเสพอะไรมากขึ้นชีวิตได้รับวิตามินมากขึ้นทุกวันโรคและโรคเราก็จะน้อยลงเพราะเราได้เรียนรู้การใช้และรู้จักชีวิตมาแล้วสิ่งไหนมีความสุขก็เก็บไว้สิ่งไหนทำให้มีทุกข์ก็ปล่อยไปนะ..,0
เจ็บตัวแล้วพอใจยัง????,0
ชีวิตดี๊ดีตลกห้องอาจารย์,0
โตๆกัลแล้ว...เอาเวลาไปคิดถึงอนาคตเถอะมั้ง...ไม่ใช่มานั่งงอลทะเลาะเหมือนเด็ก14-15เสียเวลามาเท่าไรแล้วกับการจะรักใครสักคน,0
เท้าความก่อนปาร์คนางมีความหิวนางมีบ่นว่าอิเพ่กินทาโกะคนเดียวหมดกล่องไม่แบ่ง5555+เลยนั่งกินแกงส้มป่าวๆเล่นตอน5ทุ่มส่วนอีกนางภาพมันฟ้องในตัวจ้ะ55555+??????,0
:(2013)เป็นหนังที่เซอร์ไพรส์มากมันไม่ใช่หนังแต่เป็นละครหลังข่าวชัดๆหนังเน้นเรื่องความสัมพันธ์ปมของคนภายในครอบครัวและประเด็นรักต้องห้ามนักแสดงฝีมือเยอะมากคือขนมาทั้งฮอลลีวู้ดปล่อยพลังซัดกันนัวเนียไปหมดมีความคุ้มค่าที่ได้ดูจริงๆ??????ครึ่ง,0
มีความกวนตีนสูงมากกกกกก,0
ก็เพราะ..ไดโนเสาร์..ไม่ยอมไปหาสัตวแพทย์แล้วเป็นยังไงล่ะเกิดอะไรขึ้น(สูญพันธุ์เลยไหมล่ะ)คิดดูละกัลขำขำ,0
มีลูก..โดยไม่ต้องคลอดเองไม่ต้องมีสามีและไม่ต้องแต่งงาน...แด่มนุษย์ที่ชอบนินทาว่าแต่งงานแร้ว,0
เอาความคิดตัวเองเป็นใหญ่ไม่ได้ช่วยให้ปัญหางานลดลง,0
ทั้งที่ก็ทะเลาะบ่อยงอลบ่อยเมินเฉยใส่กันบ่อย,0
จะกินอะไรก็ลำบากต้องมานั่งจัดนั่งถ่ายให้สวยกว่าจะได้กิน,0
ยินดีด้วยน๊ามีน้องรหัสคนเดียวหวงเด๊อ5555แคปชั่นกลัวเพื่อนตัวเองมากินน้องรหัสฉันก็รักของฉันเข้าใจบ้างมั้ย555555งานกันซีนเพื่อนก็มา??????,0
จาเอาๆๆๆโดดๆๆๆฝีมือตัดต่อขั้นเทพเจรง??????,0
ชั้นชอบปั่นจักรยานน่ะจากบ้านไปตลาดหอบสิคับที่ปั่นเพราะไม่มีรถขับไป??????ดีๆจะได้ผอมสักที45มันนานไปแล้วน่ะ,0
เพื่อนสนิทมากประจำเดือนนี้...(ใจจิงเราก็ไม่อยากสนิทกะนายนักหรอก)><,0
เบื่อโลกร้อนอยุ่ในตู้ดีฟ่า,0
คนมันน่าตาดีไง5555,0
กินสี่ทุ่มกลัวผอมหรอออ,0
เสพติดสิ่งนี้มะพร้าวกะทิโรยน้ำตาลกินมาอาทิตย์นึงละน้ำหนักไม่ขึ้นเบย??,0
??????หมวกใครน่ารักจุงเบยประเทศไทย,0
?ชุดลูกหมูเอ้ยย!!!ชุดลูกหมี..สะโพกอวบอิ่มได้ใจจิงๆ??เอิ่มมมม5555??,0
กินข้าวหน่อยผอมหมดละ5555,0
อยากอวบแบบนี้ไปนานๆ555,0
จบเทศกาลปีใหม่ยังไม่ได้ไปชั่งน้ำหนักดูเลย555~กลัวจะผอม??????,0
ไม่มีอะไรทำก็ต้องหาของบำรุงผิวหน้าดีกว่าเนาะชีวิตดี้ดี5555,0
ยิ้มเถอะเสียใจแค่ไหนก็ยิ้ม,0
สวัสดีวันพุธเช้าแล้วยังอยู่บนที่นอนมีความกระตือรือร้นอยากไปทำงาน,0
ถ่ายเสร้จพูดไม่ออกเหมือนถ่ายมาเผาบ้านถ่ายอย่างกับไม่เคยถ่ายถ่ายอะไรนักหนารูปเนี้ย,0
อยากกินอะไรก็ไม่ได้กินหงุดหงิด,0
อยากกินเย็นตาโฟมาหลายวันแต่ตื่นไม่เคยทันมากินซักทีสายตลอด??วันนี้มากินทันแต่...ร้านก๋วยเตี๋ยวดันเปลี่ยนมาขายอาหารเจช่วงนี้อี้กหึ่ยหงุดหงิด!!!เลยกินข้าวขาหมูพิเศษเพิ่มหนังแม่ง,0
อ้วนจัง555+++,0
มีความผมปลิวสวยๆรู้สึกตัวเองสวยหน้าสดมั่นใจมาก,0
ยิ้มน้อยยิ้มใหญ่ยิ้มยังไงก็น่ารัก??????,0
สาระม่ค่อยมีหน้าดีไปวันๆ??????,0
วันนี้พี่เขาเลี้ยงปกติก็กินประจำอยู่แล้วแหละ,0
กว่าจะได้กินคิวที่73งั้นจัดสัก100บาทเลยละกันโมโหหิว??????,0
ข้าวจี่ร้อนๆเข้ากับบรรยากาศจิงๆๆๆๆๆ,0
วันนี้สบายใจจังทำงานมีความสุขไม่เหนื่อยคะ,0
ถ้าใจคิดว่าหุ่นดีเราก็จะหุ่นดี7กิโลเบาๆหลังแต่งงานชีวิตมันก็จะดีไป๊มันใช่หราาาาสาปลอบใจทุกวันว่าไม่อ้วนเราเป็นภรรยาที่ดีต้องเชื่อฟังสาสาว่าดีนี่ก็ว่าดี55,0
กินเข้าไปกินให้ผอมมมมไปเลยยยย??,0
ทำงานวนไปสะใจจิงๆ,0
ชีวิตที่สดใสกับหัวใจที่อ่อนหวานถุ๊ย!!!,0
อิ่มแล้วลงได้ไม่ผอมให้มันรู้ไป,0
รูปเยอะทำไงจะลงหมด??,0
ยิ้มสู้เถอะเราโครตโอเคไปหมด,0
นอนสิครับ????รอไรร่ะ??,0
ว้าวสวยมากๆๆๆๆ,0
คนน่ารักมาเเล้วค่ะหลงตัวเอง,0
งานทำอาหารแต่มีรูปกับอาหารแค่รูปเดียวในกล้องดี๊ดี??????,0
หน้าตาเรียบร้อยกริยาก็สำรวม,0
วันนี้เป็นอะไรว้ะ...นอนอยุ่ดีๆก็บ้ามาพับดอกกุหลาบ...ซักจะไปกันใหญ่แร้วมั่งกู...55คนพับเป็นมันก็จะสวยๆหน่อยน้ะ...????,0
ยืนอ้วนๆแบบนี้ก็มีความสุขนะ!,0
รักเค้าข้างเดียวใครทำไดเหมื่อนกูบ้าง5555+,0
ใจจริงก็อยากจะลดหุ่นอยากจะผอมแต่พอดีช่วงนี้มีอันจะกินมากไปหน่อย..เลยต้องปล่อยเลยตามเลย..5555,0
เข้างาน11โมงเลิกสี่ทุ่ม55555+เงินเดือนสามหมื่นค่ะขยันเกิน,0
ผู้หญิงมีเอวมีนมนิดๆผอมๆน่ารักทั้งนั้น.ตั้งแคปชั่นขอพื้นที่นมเล็กหน่อยครับ??,0
ลงรัวๆกลัวมะทันนานๆทีละกัน,0
กินให้อ้วนเป็นหมูไปเล๊ย??,0
กล่องเก็บเวลานี่เก๋เรียบร้อยขนาดนี้เลยหรา??,0
ตู้เย็น3ชั้นของมนุษย์คอนโดผู้แสนขี้เกียจ(ออกจากห้อง),0
"อัดแน่นไปด้วย""อาหาร""เนื้อสัตว์ผักสดผลไม้ขนมกะปิน้ำปลาเครื่องแกงเครื่องดื่มเพื่อสุขภาพและทำลายสุขภาพเบียร์ไวน์เหล้าบ๊วยว็อดก้าคือตุนไว้กินเผื่อเกิดแผ่นดินไหว!!^^(งี้...อะหรอ)555",0
ไม่รุ้ตังไปไหนหมด,0
วิถีคนอ้วนอย่างเรากินอย่างไรให้อ้วนขอบคุณผู้สนับสนุนความอ้วน,0
เสาร์อาทิตย์นี้พี่ทำน้ำหนัก,0
อาหารเพื่อสุขภาพเมนูแม่ค้าคนสวยและรวยมากมโนและสร้างภาพก็ตามมา??????,0
:)แลดูมีความพร้อมสำหรับวันพรุ่งนี้!!!?????คิดถึงเพื่อนอยากเม้าส์มอย?แคปเดิมคือแค่กดพลาดอารมณ์กูเปลี่ยนเลย??,0
เฮ่โยว่!!ว่างมากอ่ะทำไงดี??,0
ปวดขนาดนี้!!!!??????เดี๋ยวหนูจะหนี!!!ไปมีลูก!!!สัก!!!9เดือน!!!??????ปวดได้ปวดดีปวดแหม่งทุกเดือน,0
นั่งคิดนอนขึ้นกะมีเทอยุข้างๆ??????เป็นผู้สูงอายุ..ก็ดีอย่างงี้นี่เอง??ขอบคุณนะกระเช้าปีใหม่เจริญเจริญ,0
ขอบคุณน้องร้ากงานดีเยิฟๆดีใจอย่างบอกไม่ถูก??สัมมาคารวะ,0
อ้วนกว่านี้ก็ช้างละคร่าาาาาา,0
??กินไม่ยั้งเป็นไงหล่ะ??ควรงดอาหารทุกชนิด555,0
ฝนๆแบบนี้?ร่างกายก็ต้องการความอบอุ่นซินะ??รอช้าอะไรหล่ะ!!เพิ่มพลังงานให้กะร่างกายซิค่ะ,0
ชีวิตมันสวยงามยิ่งนัก??????,0
แดกไปเหอะไม่ต้องกลัวองกลัวอ้วนล่ะยังไงมันก็ไม่ผอมล่ะ,0
จะร้องทำไหมละยิ้มไว้สิเรื่องแค่นี้เอง??????โดนเท??????,0
ช่วงนี้กูซูบเลยต้องเพิ่มไขมันและน้ำตาล,0
ยิ้มแบบเต็มใจยิ้มจิงๆ,0
ขายดีนัก??เป็นแม่ค้าต้องลองก่อนค่ะขายอะไรแล้วแม่ค้าไม่เคยใช้แล้วจะลูกค้าว่ายังไง??บอกลูกค้าว่าดีแต่คุณไม่กินเอ๊ะยังไง??ขายอาหารเสริมลดน้ำหนักแต่แม่ค้าอ้วนงงสิคะคุ๊ณ??อย่าเชื่อแค่คำโฆษณาถ้าของดีแม่ค้าต้องกล้ากองทัพความผอมเพรียวสวยเอ็กซ์เซ็กซี่แบบขยี้ใจชายมาแว้ววววววผอมไวากาแฟอีกนะเนี่ยได้จ้าาา,0
อยากแดกนักไม่ใช่หรอแดกสิแดกให้หมดเลย,0
ไม่มีคำบรรยายช่วง2เดือนที่ผ่านมาบ่วมๆๆแค่ไหนสังเกตุได้จากแก้มและตัวที่เริ่มจะขยายมีความสุขอะไรขนาดนี้5555,0
มึงจะผอมก็คราวนี้ล่ะหญิง,0
น่ารักตายแหละแหม๋ไม่อยากจะพูด55555,0
มุมมันสวยกูก้เลยสวย,0
ลูกบัวสวรรค์59ใครเป็นใครดูไม่ออกวาดสวยจัง555555,0
เหมือนเดิมอีกครั้ง..ไม่มีแรงที่จะเดินต่อ??????,0
อยากอ้วนจังง...ทำไงดี??ผอมแล้วสวยเกินไปไม่ชอบเลยยตัวแตกจะเป็นหมูยุแล้วว??,0
นอกนั้นใช้กล่องเบียร์จะประหยัดรวมถึงใช้เชือกปออิอิ,0
เดินต่อไปข้างหน้า????อย่าได้ถอยย??????,0
ตั้งแต่มีเธอเข้ามาในชีวิตพี่ก็ไม่เคยเหงาเปล่าเปลี่ยวเดียวดายอีกเลย...แม้กระทั่งเวลาจะแต่งตัวไอ่ตัวยุ่ง,0
นานเท่าไหร่แล้วที่ไม่เคยถ่ายรูปคู่(ทะเล)เลยแม่งเหงา????,0
เวียนหัวเลยทั้งวันป่วยงานเข้าการกุศลจริงๆชีวิตดี๊ดี5555,0
ได้วิ่งอยู่นะยังไหวแล้วก็กินเข้าไปใหม่กินมากกว่าที่เสียพลังวิ่งไปอีก...มันคงจะดีอยากได้ซิกแพ็คกับเขาบ้าง,0
แค่วันวาเลนไทน์ทำงานเก็บตังดิจะได้มีเงินไปขอไวไว??สักห่อ????,0
คงคิดว่าตัวเองน่ารักมากสินะ,0
กินเท่าไหร่ก้ไม่อ้วนน??ว้าาดีจังง,0
เป็นตุ๊ดชอบใส่รองเท้าผู้หญิง5555ตีนเล็กมากกกเรียวมากกกก,0
ดึกแล้วลงรูปของกินได้ไม่อ้วน,0
อากาศแบบนี้ต้องไม่ได้อยู่แต่บ้านหรือออฟฟิสนะฮับ??????,0
มีความสุขมากสินะ.....,0
เห้อยาววๆๆ????ขี่รถตากฝนจับไข้,0
ที่ไร่ฟรีมันไม่อร่อยเท่าซื้อเขาแหรก555,0
ตามมาส่งขึ้นรถตู้ถ้าจะยืนไกลขนาดนี้ไม่ส่องจากประตูหน้าห้างเลยล่ะใส่เลนส์ซูมไม่ทัน555555+,0
เดินผ่านเจอร่มสวยดีเลยจัดซะหน่อยเอ๋~~ทำไมพนักงานให้ของแถมมาเยอะจังดีเนอะร้านนี้แถมเยอะดี,0
เพิ่งรู้ตัวว่าเป็นคนบ้ามากไปมิ!!!ปากมีแค่ปากเดียวทาแม่งให้ครบ12สีไปเลยมะครอบครัวรัก,0
...ร้านเดิมฮะ35บาท....,0
เยอะไปนะค่ะนักเรียน30กว่าไลค์เนี้ย!!!,0
ทำเองกินเองฟินเองลูกบอกเราไม่ต้องออกไปกินอะไรนอกบ้านแล้วแม่ทำได้ทุกอย่าง????,0
เช้าๆที่สดใส??นอนม่ายพออ่อนเพลียไสยไสยแฮร่!!,0
ใช่ค่ะยุบึงกาฬ555,0
ดึกแล้ว...ลงได้หึหึอาหารจีนหรอทานในไทยค่ะอร่อยมว๊ากกกกกกฮาฮาฮา,0
ชีวิตตรูทุกวัน??ไม่ต้องอิจ!!กรอกตาบนไปละกาน??????....ม๊ายยเล้ยยย!!??,0
โดนัทน้ำตาล10ชิ้นลูกเขยฝากแม่ยาย,0
ชีวิตดี๋ดี,0
เดรย์กินเยอะๆสิลูก!......อืม???เชื่อฟังคำสั่งดีมากเลยลู๊กกกกกก??ช่วงทำน้ำหนัก,0
พี่อโนสายรัว555!!ได้ยินเสียงชัตเตอร์ผมนี่รีบหันเลยขนาดนั้นพี่อโนเอ่อออ..??555,0
คลีนมากกกกกกฝนพรำหวานมันมีในตัวทำเอง..กินเอง555555ชีวิตดี๊ดี??????,0
ไม่ใช่หมวกอาบซักหน่อยหมวกแพงร้องไห้หนักมากรูปเต็มรำคานยังด่าสิตบปั๊บ,0
แห่ม??????,0
การเรียนทำให้คนเป็นบ้าได้??แต่งตัวเรียบร้อยมะอย่าดูข้างหลังนะผมนี่แหวกหลังซะป้าคงนึกว่าเสื้อขาด,0
ฝีมือครูกับฝีมือกรูเหมือนกันเดะๆ??อยากร้องไห้ดังๆช่างยากเย็นเหลือเกินเล่นเอามือสั่นนิ้วพองกันเลยทีเดียวพี่ท้อมากบอกตง??????,0
มื้อกลางวันนี้จัดหนักบอกคนขายข้าวเยอะๆนะคะคนขายก็จัดให้ซะสะใจเลย,0
พี่โบ๊ท22พี่รหัสสุดหล่อแสนใจดีและน่าร้ากกกกกกมากกกกกก??????,0
ทำงานแบบร้อนๆๆ!!..+ซาวหน้าภายในตัวโคตรฟินว่ะ??????,0
กลับมาอีกที..นางอัพสะ..ทีเดียว9รุปติดๆกันเรอะ..อัพโหดเกิ๊น,0
กูจะกินดีมั้ยเนี้ยเป็นลาเต้ที่ลายสวยที่สุดที่เคยกินมา,0
ชีวิตดี๊ดี.!!!ะ??,0
ขอบคุณสำหรับรีวิวน้าาา??????เป็นลูกที่คุยกันแบบน่ารักน่าหยิกที่สุดในสามโลกกกก,0
ในส่วนของความเยิ้มหยุบหยับของชอกโกแลตนั้นนนนนน,0
ผู้ใหญ่ใจดีแบกสิ่งนี้มาให้จากนครสวรรค์หน้าหนูนิออกจะอินเตอร์แจ่วบงแจ่วบองไรกินไม่เป็นแต่ถ้าใครมาขอตักแม่จะเตะหวงเฟร้ย,0
??บอกเลยเสื้อผ้าไม่พร้อม,0
ร้นใกล้ปิดเค้าไม่ให้กินที่ร้านลำบากมากินบ้านบอกบ้านไม่มีมีดหั่นมีแต่อีโต้ลุงหั่นมาให้,0
"แท้งค์!ของขวัญล่วงหน้าชิ้นที่สามล่ะติดโบเพื่อ?แบกกลับหอไงว่ะ_""",0
ถึงลงไง555.เกินจริงฝุดๆ,0
แดง!!เละเลยว่ะเราแย่ๆขนาดเก็บทิ้งไปทีนึงล่ะขวดหึ!!แม่บอกเอาให้เต็มที่เลยลูกไหนๆก็ไหนๆล่ะ,0
เป็นผู้หญิงขาใหญ่โคดเท่ห์..ผมนี่กล้าพูดเลยยยยยย,0
??//_นางน่ารักเหนว่าชอบเลยจัดให้แต่ไงก็ขอบคุณนะค่ะคงหายอยากไปอีกนานมีแค่2หูเสือกมีต่างหูเป็นร้อยพุดเลยตอนนี้ที่มีอยุ่นับไม่ไหวและ,0
ปกติก็ผอมอยุแร้ววว??ป่าวว่ะ????,0
บางทีแม่ก็จัดเต็มไปน้ะกะใช้อิกหลายเดือน,0
กราบขอบพระคุณอย่างแรง555กิกิ,0
ยิ่งนานวันยิ่งมั่นใจว่าศิลปินเกลียดป้าาาาาาอะไรคือต่อแถวถ่ายรูปคี่(--)พอถึงคิวป้า...ศิลปินหันกล้องหนีแล้วเรียกถ่ายรูปรวม??????,0
เมื่อพ่อเห็นลูกสาวชอบกินลูกพลับเคค่าาา,0
ขอบคุนของฝากจากพระนคร,0
งื้มๆๆๆๆๆๆ^^0-,0
ช็อคลาวาคือแบบอุส่าให้พนักงานอุ่นให้จ๊ะนางอุ่นมาจนลาวาแห้งสนิทเลยขอบพระคุณค่ะ,0
มีคนบอกว่านับว่าน่ายิ่งเด็กอยากรุ้จิงคนที่พูดะ??????,0
ทริปนี้ดีมีช่างถ่ายรูปส่วนตัวเก็บทุกเม็ดจริงๆ,0
เข้าถ้ำไปไม่มีใครสักคนหวิวเลยกู,0
เพื่อนกู...???????,0
กระจกห้องน้ำมหาลัยใสมากวันนี้มาแต่เช้าตรวจร่างกายมีเจาะเลือดด้วย,0
มาๆๆๆเร็วววมาดูเบื้องหลังรูปหวานคลิปหวานๆที่หลายๆคนได้เห็นไปแล้วเมื่อปริญได้ยินเสียงชัตเตอร์รัวๆๆๆๆของแฟนคลับที่ยืนจ้องกันไม่กระพริบตา...แทบจะหยุดหายใจกับภาพต้องหน้าที่ทั้งฟินจิ้นจิกคนข้างๆมุ้งมิ้งฟรุ้งฟริ้งที่สุด5555นางเป็นคนฮานะ,0
คงผอมสินะ555555บอกพ่ออยากกินขนมมีแต่ของชอบกินไปหลับไป,0
เพื่อนบอกว่าเราน่ารัก...อุ้ยเขินๆหึ้ยยให้หลงดีใจ,0
??ถามว่าชอบมั้ย??,0
ชอบกินส้มเพื่อนเลยยกให้?ชะนีกินเบียร์??ตุ๊ดกินคอกเทล??,0
คนเดียวก็เฟี้ยวได้!!อะไรให้ทายเยอะไป๊,0
หาของแต่เช้าวิวสวยแท้,0
บอสบอกทริปนี้หมดเยอะเอ็นจอยเต็มที่นะเอ๊ะเดี่ยวนะแต่ไม่สนคือถึงเวลาเที่ยวก็เต็มที่,0
จะไม่สนใจอีกเลยจำไว้!!?สุดท้ายก็ทำไม่ได้หรอก-_-คนมันเหงา,0
ม๊าบอกว่าลูกผอมไปคะ,0
อัลเมิ่นนนนนน!!555555,0
พี่คับพิเศษข้าวเลยนะคับหิวมากก555555,0
บ่นว่าเด๋วนี้ให้ซ๊อสน้อยพนักงานคงได้ยินเดินเอามาวางตรงนี้เลยจ้าป่าวว้า,0
บอกแม่ว่าหิวข้าวแม่จัดเป็นภัตคารเรยแข้ะะ??????,0
ชาไม่หวานเค้าเลยไม่ใส่น้ำเชื่อมให้เราเลย,0
ง่ายเนอะต้มฝานน้ำตาลโรยหยิบเกลือนิดๆอยากกินแค่นี้กองเต็มระเบียงข้าวโพดดิบขอบคุณไร่สุวรรณขอบคุณกฟภ.,0
งง?เมนูข้าวโพดหลอนทั้งอาทิตย์,0
ชอบบ่นว่าไม่ได้ของจัดให้ซะใหญ่เชี๊ยะ,0
"??????ผอมมม""แล้ววทำน้ำหนักกันนิดนุง??????ให้ทายแน่นอกพูดเล่อะ",0
อัดอั้นวันเดียวซื้อแม่ง8คู่,0
บ่ายแก่ๆแบบนี้หนาวจัง.,0
ผ้าขี้ริ้วบ้านซุปตาร์นางยังฟิน555++,0
เอิ่มมอุ๊ตะ!!ถล่มยับเทอ.,0
บอกคนขายว่าพะโล้ขอน้ำเยอะๆค่ะละตูจะกินผัดแตงยังไง,0
นางซื้อมา????,0
สั่งเหมือนกันแต่คนละวันคนละร้าน...ไม่น่าเชื่อว่าจะต่างกันได้ถึงเพียงนี้:,0
อาหารของคนแฮงค์มาเป็นกะละมังซักผ้าเยอะไป๊!!!โอมทำ,0
เยอะไป๊ความผิดกูสิขึ้นรถต้องมีแบงค์ย่อยน่ะจ๊ะขับรถทั้งวันไม่มีแบงค์ร้อยสาดดดดดดีน่ะแค่แบงม่วงถ้าแบงค์เทานับมืองิกเซ็งจุงเบย,0
แท้งค์นะน้องสาวยิ่งกว่ากระทืบไลท์,0
??แต่เราก็หากันจนเจอ??หยั่งกะรายการวันนี้ที่รอคอย??,0
แอดไปก่อนทักไปก่อน,0
มีคนบอกว่าผมน่ารักมาก5555,0
น้ำมะตูมจริงๆ..สุขภาพดีหล่ะกูทีนี้,0
ผมสั่งธรรมดานะคับเจ๊????กินไม่หมดนี่พูดเลย,0
"จัดเตมมก่อนนอนนฟินจุงเบยยย^^""",0
เข้าสัปดาห์ที่3ของการสอนน่าฟินมาก55555????,0
เนอะนิดหน่อยเอง555,0
แค่อยู่กับเธอฉันก็มีความสุขไม่เห็นต้องไปเที่ยวก็มีความสุขชิเชอะ,0
อภินันทนากานจากคุณพี่ชายแต่ถ้าอย่างนี้ะ,0
??ของโปรดดดดด??บอกแม่ว่าทำให้หน่อยอยากกิน,0
มาทีสองเลยรึ๊.,0
ขอบคุณคร๊าบบบ...คุณเพื่อนแบ้งค์,0
วันนี้ลงของค่ะ????!!,0
อาจารย์สุดหล่อ...^^,0
แต่ท่าถือแมนได้ใจ,0
ไม่ได้เจ้ใช่มั๊ยซิซ??????!?,0
เห้ย!!!ไอ่เกรียน,0
เมื่อบอกให้เธอเอาขาขึ้น??????,0
โดนถ่ลมแต่คำถามคือ,0
ข้าวราดพริกทะเล+ไข่ดาว??,0
ขอกระเทียมเจียวเพิ่มมาเป็นถ้วยหนมหวาน,0
กระเทียมกรอบๆแต่ยังสงสัยอยู่ทำไมให้ถ้วนใหญ่สงสัยมาก,0
อกพี่ว่าชอบรูปนี้และขอไปพี่ใจดีมากส่งมาทุกซ็อต!!,0
อากาศร้อนเอะอะโทษอากาศอย่าคิดว่าเราติ่งต๊องทำตัวอารมณ์ดีไปงั้นแอร์ในห้องเย็นฉ่ำจุงเบยน้ำแอร์เลิกหยดติ๋งๆๆ,0
เรียนภาษาอังกฤษสนุกจังเลยยยยเอิ้ววววฮิ้วววว??????เบื่อแท้เหลา,0
อ้วนที่ไหนเรียกน้องออมว่าแห้งงงงงงถึงจะถูก555,0
ไลค์แหลกมากกกกกก^^?,0
????ขอวิปครีมเยอะๆน๊า??เยอะสาดกินไม่หมดเด้อ,0
พี่เคอะขอกระเทียมเจียวโหน่ย,0
เอ้าชีวิตอยู่คนเดียวไปสอบคนเดียวมันดีน่ะ!!!!!??,0
ชาเขียวนมสดกินเยอะๆกินเข้าไปตัวจะได้อ้วนๆฮ่าาา,0
จริงจังแค่ไหนแค่ไหนเรียกจริงจังป่าต้องมนต์ซื้อสมุดภาพมาระบายสีเล่น,0
จัดไปหิวนักตอนดึกๆของกินเต็มตู้เย็นว่างๆๆๆ,0
ตื่นสายตลอดตั้งนาฬิกาปลุกก้ไม่ยินได้ยินแล้วก้ปิดเสียง,0
แหม่ๆอ่านแค่นี้ก้เข้าใจละจำได้แม่นเลยเนี่ยเข้าห้องสอบละทำได้แน่นอน,0
...คนเดียวที่ไหน...เด็กเสิร์ฟเจ้าของร้านแม่ครัว.คนท้างน้านนน..สบายใจดีออก.,0
ถ้ากินแบบนี้ทุกเย็นไม่อ้วนหร้อกเชื่อเหอะ,0
ได้ข่าวว่าเป็นหวัดนิค่ะแดกมันเข้าไปจะได้หายนิดหน่อย,0
ก็อยู่แบบคนเดียวมา15ปีแล้วอยู่ต่ออีกสัก5-10ปีคงไม่ตายมั้ง.!!,0
คิดถึงปู้จายคนนี้??พรุ่งนี้ก็ไม่ได้ไปด้วย??บ่นๆๆให้แมลงที่บ้านฟัง??คิดถึงหนักมากร้องไห้หนักมาก,0
กลับไปเป็นเด็กอีกครั้งมากะเพื่อนใครบอกแม่ดูไงก็หน้าเหมือนเพื่อนกันฮึอารมเสียแม่หน้าเด็กเกินนนน,0
คิดคำนวณอย่างถี่ถ้วนแล้ว..วงเงิน2000ซื้อจริง2005บาทถืือว่าบริหารเงินเป็นใช่ไหม..555เหยื่อการตลาดงานกินก็มา,0
อากาศร้อนอย่าร้อนตามอากาศอะไรกินแล้วอ้วนก็อย่าไปกิน...อย่าไปกินน้อยกินเยอะๆไม่อ้วนหรอกเน้อะ??,0
ชิ!!!!!คะแนน??????อยากจะร้องดังๆว่าน่ารักอะะะ,0
รักษาระดับได้ดีถือว่าเริศศ!!เห้ออออออท้อไม่เป็นไรเทอมหน้าเอาใหม่จนกว่าจะจบ????,0
เกรดสวยที่สุดเท่าที่เรียนมา,0
กินเป็ดก่อนนอนไม่อ้วนให้มันรู้ไปวุ้นเย็นเป็ด,0
"เมื่อคืนไปกินข้าวกับแฟนนะนั้งข้างๆด้วยแฟนผมชื่อ""มนุษล่องหน""แมม!!แฟนผมไม่มีตัวตนนะเพราะตอนนี้ยังเป็น""มนุษล่องหนไง!",0
"มองให้มัน""ศิลปะ"".ทาเล็บได้เนียนมาก",0
คนอื่นมีแฟนไว้คอยพยุงแต่เค้ามีพุงไว้ให้ความอบอุ่นกายใจ555,0
เหมียวทุกตัวมีความสุขที่จะเซลฟี่กับเราเน้ออทุกตัวให้ความร่วมมืออย่างดีเย้ๆ??(??`),0
คนอะไรแก้มก็จะแตกชีวิตดีดี๊,0
ความทรงจำภาพเดิมๆมันย้อนเข้ามาเต็มหัวไปหมดความทรงจำที่ผ่านมายิ่งมีแต่เรื่องดีๆด้วยสิ,0
แต่งหน้าเตรียมออกไปข้างนอก...แต่ยังอยู่ในชุดนอน...ขอให้อิ่มน้าาาา,0
????เป็นการทาเล็บที่สวยมากกกก,0
อยู่หอในคนเดียวชีวิตก็ดีอย่างเงี้ย5555,0
เหนียงก็มาสิวก็มาอู้วววชีวิตดีหรอ?,0
ถ้าจะกินขนาดนี้ก็อย่าผอมเลยน่ะ,0
แม่งโคตรอร่อยทาร์คไข่ฝีมือกูเนี่ย??ชมตัวเองง..??,0
ไม่ได้ซื้อมากินนะยิ้มอ่อน,0
ผมพริ้วสลวยสวยเกร๋ๆ,0
หม่ำๆๆๆ????กลับจากทริปนี้ป้าผอมแน่เลยค่ะฮ่าๆๆๆๆ,0
ใจคอกูทำด้วยอะรายยยถึงหิวเวลานี้!!!เชี่ยจริง?ห้ามแดกเวลานี้ท่องไว้ออกกำลังกายต้องนานอย่าให้เสียเปล่า,0
จะสวยในอนาคตให้ดู,0
เอาแมร่งทุกอย่างค่ะนอนหลับน่ะหรือมันคือการพักผ่อน?!?!?,0
โครตๆมีความสุข,0
"ที่ไม่อยากผอม!!!เพราะ""กลัวสวย""",0
รูปแอบถ่ายชัดกว่ารูปหันหน้าตรงอีกก็จะลงแต่รูปแอบถ่ายแร้วกัน,0
กินเยอะๆจะได้บวมๆ,0
เราตัวเล็ก_หรือช้างตัวโต555บ้าไปแล้วหัวเราะทั้งที่เครียดเก่งว่ะ,0
แฟนแต่งรถให้สาวกรี้ดแต่กูแต่งสวยให้ผู้ชายหลง555555??????,0
ประมาณว่า'ให้มันเห่อให้มันขึ้นให้พอมีเท่าไหร่ขึ้นมาให้หมดไปไหนมาไหนแค่ใส่หมวกหลบสายตาเท่านั้นเอง',0
สมุนไพรที่ไม่เลี้ยงหยุดใช้หน้าไม่พังมดรักษามทุกวิทีแล้วจริงๆคะกับเรื่องสิวยิงเลเซอร์ไม่หายและต้องใช้อยู่ตลอดเมื่อถึงวันที่ใช้เท่าไหร่ไม่ดีขึ้นมดเลยหยุดปล่อยใก้มันขึ้น,0
หน้าเล็กเบาๆ5555,0
เซลฟี่กะเครื่องรันเจลค่ะชิคๆด่าวๆ.....,0
ปีใหม่ทำงานสิรอพ่องตัดริบบิ้นเปิดงานรึไงพอกหางหมูมานาน,0
?ชุดลูกหมูเอ้ยย!!!ชุดลูกหมี..สะโพกอวบอิ่มได้ใจจิงๆ??เอิ่มมมม,0
ไปไหนมาไหนคนเดียวเฟี๊ยวจะตายเน๊อะ,0
อ้วนไปดิกินเข้าไปเยอะนะแนน,0
มองไม่เห็นก๋วยเตี๋ยว??????,0
เหงานะคถผมยาววววจุงคถบ้านบราาาบราาา,0
ทามไมต่อตู้สวยยังงี้ๆๆๆๆ55555^^,0
ก็โสดอ่ะจะทำไม??,0
วันๆกินแต่น้ำทำไมตัวจะแตกหว้าาาาคอก็ไม่หายเจ็บสงสัยจริง,0
บอกแม่ครัวว่าขอเกี๊ยวทอดเยอะหน่อยแต่เออออ??????,0
ประโยคที่พูดออกสื่ออยากบอกว่าคนที่ทวิตไปวันนั้น,0
ตาหวานเชียว??,0
เหมือนไม่อ้วนเลย!!55:(,0
เป็นคนมีเวลาเหลือเฟืออ่ะค่ะณจุดนี้,0
สะดุ้งตื่นตอนเที่ยงคืนจากเสียงอะไรสักอย่างหล่นที่ไซด์ก่อสร้างข้างๆ...หลับตานับเลขอ่านหนังสือเล่นเกมฯลฯจะตีสี่อยู่แล้วก็ไม่หลับจัดไปแล้วอัพตามกระแสเผื่อเสพโซเซียลแล้วง่วง,0
สนุกจังเลยๆเล่นได้ทั้งวัน,0
"กิกิผมสั่นแว้ว..สั่นได้แค่นี้แหละ--""ไม่ได้รักกูอัพให้ใครดูว่ะ??",0
พ้อยท์ขาเบาๆทริปนี้สนุกจริงตากล่องต้องเรียกหาต้องใช้นกหวีดเป่าตากล่องแอบไปหาสัญญาณเน็ตถ่ายออกมาได้ดีเยี่ยม,0
เหมือนได้สายชาร์ทใหม่สวยหวานเหมาะกับน่าตา555,0
งานพี่ไม่ยากหรอกก็แค่ทำให้เป็นรูปภาพภายใน3วันมันก็ไม่สำคัญหรอกก็แค่เงิน1ล้านบาทเองคิดไม่ออกว่ะ,0
ก็ไม่รู้สินะ??มโนเก่งสุดใน3โลกตัดต่อเนี๊ยนเนียนหรอ555ก็ชอบมโนอ่ะเนียนไม่เนียนเอาฟินว่า??,0
ตัดผมอีกละ!!??ผมเยอะผมหนาผมยาวเร็ว.,0
กิจกรรมเพิ่มไขมันในร่างกายลดยากเหลือเกินน้ำหนักกินมันเข้าไป,0
เห็นรอยยิ้มของฉันไม๊??!!หัวใจฉันก็ยิ้มนะแม้วันนี้จะน้อยใจผู้ชายคนหนึ่ง!!ที่มันใจร้ายแต่ฉันก็ยิ้มได้เพราะชินในพฤติกรรม!!,0
ไอ้หน้าอย่างเราใครเขาจะมารัก????รักตัวเองก็ได้มาร์คหน้ารับวันวาเลนไทน์,0
ใบหูที่หล่อที่สุดในประเทศไทยถ่ายบ้าไรวะ,0
ยิ้ม…แป้นสักหน่อย,0
หิว??????,0
แดกใครอ้วนไมให้ทาย?????,0
ม.อะไร..ทำไมชุดม.ปลายแต่ผมติ่งม.5สินะเจ๊ยุให้ตัด..เป็นคณะกรรมการนักเรียนห้ามผมซอยผิดระเบียบ[]-...,0
หน้ากลมไปไหนกลมชิบน้ำหนักเท่าไหร่คงไม่ต้องพูดดรูปอื่นก็มีไม่รูปทำไมอยากลงรูปนี้คงเพราหน้ากลมได้ใจละม้างงง,0
ป่วย!!!แต่ยังกิน,0
ถ้าไม่ตื่นเรียกรถรพ.ให้หน่อยน่ะปลุกซ่ะ,0
วันนี้วันหยุดตื่นเช้ามากกกกก,0
มื้อเช้าอ่ะกินไปเถอะ,0
ชาตได้ถึงหน้าบ้านะเห็บดวกก,0
เหอะๆๆ(__')มื้อเช้าหร่อยฝุดๆอ่ะ,0
"ชอบมีคนถามทำคางมาหรอ?'ป่าวค่ะเเม่ให้มาเเหลมไปนิดทำเเต่นม""(นี่ทำเเล้วหรอ);(",0
ไม่อยากจิ่บอกว่าคอนเซ็ปคืองานคือร็อคเฟร๊อออ^^,0
ยังไหวนะกลัวเครื่องสำอางค์เน่าใช้บ่อยเกิน,0
ตัวเองตั้งแต่วันสบายๆ??,0
ไม่ตายหรอกคับแค่นี้ยังไม่ตายอยู่ได้....สบายโมโห,0
สาวปากแดงลูกค้าเยอะ,0
ไปไหนกันดีกี่เดือนออกที,0
หลับคาจอ..ยังจะถ่ายฉันหลับไปแล้วไม๊,0
หิว!!!คิดถึงวันวานง9??????,0
ถามจิงแต่งเวอร์ไปไหม5555อยากดำดีนัก,0
อยากกินมากตำเองเลยจร้าคืนนี้แค่นี้พอเบาๆเด่วผอมมากไปกว่านี้555+อร่อยจังทำเองชมเองเผ็ดจนปากพองวู๊ววว,0
ข้อดีของการมีเป๋าสีเดียวกันสองใบคือไม่ต้องเลือกสีเลือกแต่ทรง????,0
อ่านหนังสือหัวไม่ลื่นอยากไปบอมเบย์ก็อด,0
ฉันเป็นใครในสมัยกรุงเก่า,0
เด็กใหม่ในสังกัด..นางชื่อว่าแว่นแว๊นกับก่องก๊องชื่อดูดีฝุดๆ55555,0
สวยเกิ๊น5555,0
เอิ่ม....รองเท้ามีน้อยไปม๊...ต้องซื้อเพิ่มจัดปายยย,0
ถ้าจะอ้วนเตี้ยขนาดเน้ใช้กลิ้งแทนเดินดีกว่าม่ะว่าจะลดแต่หยุดกินไม่ได้,0
ฝันดีฮัฟวันนี้ไปดูลีลาศมาคงฝันว่าตัวเองเต้นแน่เบยเพราะว่าจะไปแข่งที่อังกริดตรางูแย้วว,0
นั่งนอนตีลังกากินทุเรียนทอดดด,0
อากาศร้อนรับสงกรานต์ตัดสั้นให้มันรู้ไปผมสั้นผมยาว,0
2เรื่องควบโรงนี้สองเรื่องควบพิเศษสี่สิบบาท,0
ชอบจัดจ้านเผ็ดๆแต่แบบนี้มันโหดเกิ๊นนะเชี่ยยยยอีคนขายทำร้ายตูชัดกิ๊นมะได้,0
จะตี2แล้วค่ะหน้ายังไม่ได้ล้างเครื่องสำอางค์หายเกือบหมดจะตี2ยังจะมาถ่ายรูปอีกหน้ากลมๆหน้าบานๆปลงแล้วจงอ้วนต่อไป,0
ทางบ้านถามก็บอกสบายดีใครๆถามก็บอกสบายดีแต่จริงๆคือเจ็บคอเหมือนจะป่วยกินยานอนดีกว่าเหมือนเรียกร้องความสนใจ,0
เก่งไหมคะกินจนน้ำหนัก60แล้วค่า:)?อร่อยทุกอย่างแปรงฟันแล้วกินขนม,0
คล้ายๆว่าไม่มีคนสนใจเลยทำท่าบ้าๆก็ยังไม่มีใครสนใจอีก??????หมวกใครน่ารักจุงเบยประเทศไทย,0
ผอมไปน่ะช่วงนี้อวบรับปีใหม่สะมีเลี้ยงดี,0
ถามตัวเองว่าที่ทำไปเพื่อใคร,0
งงดิของกูใหม่สุด,0
กินข้าวคนเดียวดูหนังคนเดียวชินแล้ว??,0
จารบอกไห้เอากะติกน้ำมา??????,0
ตัดผมตัดสิ่งร้ายๆออกไปจากชีวิต??????,0
มะวานบ่นใส่แตะกากๆไปทำงานตกเย็นมีคนใจดีซื้อมาให้ละบอกให้ใส่ไปทำงานเด่วววววววว??????ขอบคุณค่า,0
ไม่ได้ขอให้ใครมารัก!!ตัดผมใหม่,0
ปิดฉาก??อวสานมยุรา2????กินยาฆ่าตัวตาย??????ในละครมารยาสีรุ้งฉากนี้??เทคเดียวผ่านค่ะเพราะอิโนเต็มคอทรมานจิงรัยจิง555??จบ.เคลียร์.คัท.????,0
จากเหตุการเมื่อคืนไม่คิดเลยว่าตัวเองจะตื่นขึ้นมาอีกหนักมากคิดว่าตัวเองคงจะนอนตัวเย็นแล้วจะไม่ฟื้นขึ้นมาอีกแล้ว,0
ตาบอกอร่อยที่สุดในสามโลก,0
เด็กติ่งสั้นได้ก็ยาวได้,0
วันพักผ่อน??????นอนทั้งวันแม่บอกว่าตื่นมาพักบ้างเปงห่วงกลัวเหนื่อย555.ไม่มั้ง??????,0
ชานมโคตรมุก55555เห็นว่าชอบกินไข่มุกแม่จัดให้เลย,0
ไถนาแผล่บเดียวมีรถขับไม่ต้องง้ออิชิตันก็ดะกินจนฉี่เหลืองคือระ,0
!!!!??????น้องหมูหลิวโดนขโมยความรัก,0
อากาศร้อนนมร้อนมนต์นมสด,0
โล่งสบายหัวมว๊ากกก??ตัดสั้นไม่ได้รัก,0
ณตอนนี้และต่อไป...252015??????,0
งานชิ้นสุดท้ายกับควายตัวหนึ่ง,0
10กล่องรักลูกซินะ,0
กะให้เปิดร้านเลยดิเยอะมากจริงๆรึเปล่าพี่ชายแต่ขอบคุณมากๆครับ,0
แสบดีว่ะ\รัก,0
ไลค์ขนาดนี้รึเปล่าฟะ,0
เติมพลังก่อนล่องใต้“เยอะไปไหม”รึป่าว,0
คือท้องเสียตำแตงต้องมาร่าง,0
รึรักกูจิงว่ะ,0
อกหักรักตัดผมจ้า555เกี่ยวป่ะว่ะ,0
น้องมันเศร้าไอเราเลยปลอบแบบหนักๆ,0
??ช่ายบางแสนถุยแปป,0
อกหักรักคุดตุ๊ดเมินเลยตัดผม,0
เนื้อย่างเบาๆๆๆๆๆ,0
หนาวสุดๆๆๆใส่เสื้อกล้ามนอน555,0
ตัดผมสั้นให้ถึงหลังเล้ย,0
ขอบคุณครับ12ไลค์เลย555,0
นู๋ผมสั้นแล้ว??????,0
แม่ซื้อให้เล่นตลอดเวลา,0
รึเรื่องจริงฉันไม่รู้แต่สิ่งที่คุณทำมันไม่ได้ทำให้ฉันรู้สึกอะไรหรอกหัวใจฉันมันด้านชาปัยแร้วคืนนี้ฉันกล้าไปอยู่แร้วฉันไม่ได้อ่อนแออรัยขนาดนั้น,0
ตัดผมเอิ่มไม่ใช่ละ,0
กลับมาไข้รับประทานสามีซื้อยาแก้เจ็บคอมาให้,0
มีคนซื้อมาให้บอกว่าเห็นกินแต่เหล้า-เบียร์กินนมบ้าง..,0
กินเหล้ารอคุณศิวา^^,0
??กุ๊ดไนท์นะคะทุกคน??????และกราบขอบพระคุณผู้ใหญ่ใจดีจากใจจริงสำหรับที่มีคนบอกว่ามันอร่อยที่สุดในโลก(ตรงไหน)คิดจะให้กินยันภพหน้าเลยเหรอคะที่รัก??จัดเต็มไปมั๊ยกราบน่ารักรักนะคะแพงนะเกรงใจน้ำตาไหลเครียดเลยรึป่าวยังสงสัย27022014,0
ดูสิมันน่ากินม๊ายยยยอร่อยแบบไม่ปรึกษาใคร,0
อิ่มหนำสำราญกลับบ้านดีกว่า:3,0
ตัดผม??รักกันไว้เถิดเราเกิดร่วมแดนไทย,0
เวลาเครียดๆจะทำอาหารกินเองวันนี้ก็เป็นหนึ่งวันที่เครียดโมโหเซ็งชีวิต,0
พึ่งตื่นรอบที่2ของวันนี้ย้อมผม,0
????ตัดผมไม่มีเข้ามาสักทีแอ๊บเด็กอีกครั้ง,0
ตัดจนได้??,0
ตัดผมแม่ง,0
ว่างจัด!!ไม่มีรัยทำ...ตัดผมสั้น!!,0
หั่นผมให้สั้น,0
ตัดผมสั้นรักอะป่าวมีคนถามจริงๆแล้วแค่อยากแอ๊บเด็กบ้างฮ่าๆ??,0
นี่คือ..ยอดคะน้าผัดกุ้งหรือกุ้งผัดยอดคะน้า:)),0
เหมือนกุ้งจะเยอะทำกินเองก็จัดกุ้งใส่เข้าไป,0
บอกว่าอยากกินก็ซื้อมาฝาก,0
รักนี้จะขออดทนเก็บมันในใ,0
อาหารที่ดีที่สุดในโลก,0
อุ้ย!!!หนาวจังเยย55555??????,0
กินขนาดนี้กินบุฟเฟ่ดีก่าไหมพ่อกล่าว??????ป๊าใครหว่าน่ารักแท้พาไปกินอิอิ,0
แซ่บๆๆแบบนี้หมาหน้าบ้านคงชอบ!!!!,0
ออกกำลังกายรักแง่วๆ:-,0
ชิวชิวนั่งตากแดดร้อนดำไม่พอบ้งคับเฮงนั่งเป็นเพื่อน,0
นมสดอุ่นๆก่อนนอน,0
แดกอิชิตันให้มาแม่งเลย,0
กล้าพูดเลยถูกฝุดๆในประเทศไทยแว้ววว,0
หงุดหงิดไข้ร้อนนักสุกี้้เตาแก้สจัดซะอร่อยแห้ะน้ำจิ้มแม่เด็ดโล่งเลยผักไปไหนมีแต่้ครื่องลอยฟ่องเอเคก็เอมเคเจอได้??????,0
มื้อเช้าแซ่บเวอร์???,0
คิดถึงอากาศต่ำกว่า10องศาชอบๆอยากกลับไปเล่นสโนบอร์ดเอารูปมาคลายร้อนไปก่อน,0
โกโบธิรำลึกความหนาวยะเยือกย้อนหลัง,0
!!ฝันดีทุกคนสรุปว่ากูผู้ชายจริงไหมคาดผมเพื่อผมมันยาวไงดูไปดูมาแม่งเท่ห์ว่ะ,0
ไหว้อาป้าอากงอาม่าพร้อมเอาหลุยส์วืคตองไอแพตรถเบนส์มาเผาซะ,0
คืนนี้เมิงกะกูเป็นหมูแช่เย็นชัวร์เปิดแม่มให้ช่ำ?,0
?????ตัดให้ขาดเลยชับ..ชับ..ชับ..คนบ้านางตามมาติดๆผมสั้นโลก,0
เธอจูงมือเราข้ามถนนเราเดินช้าก้าวข้ามไม่ทันสะพานมีไม่เดินเลยได้แผลรถคันนึงใจดีจอดรอให้แสบแผลจัง,0
อาหารเกาหลีหราาากินในหม้อ,0
จัดซักตั้ง??,0
หน้าม้ารับการเปลี่ยนแปลง,0
อารมเปลี่ยววอยากเมาปั๊วชอบนอนหันหลังให้555,0
มีทิดแคนมางานวันเกิดด้วยนะ,0
คนถูกทิ้งก็เป็นอย่างเงี๊ยะ,0
ตาต่ายยยยยน้อยของขวัญจากแม่กระปุกออมสินจำได้ให้สมัย7ขวบตอนนี้ยังให้แม่บอกอ้อมๆเมิงเก็บเงินเหอะหรือไม่โต,0
??!!!??บ่นว่าหิวเวลาเรียนเพื่อนใจดีเอาสาหร่ายมาให้กินอร่อยกินคนเดวเพื่อนมองหน้าถามว่าเอาหมดกระเป๋า,0
ตัดผมแล้วแฟนม่ายมี,0
เกรียนไปดิตัดผมใหม่,0
ลั้นช์วิธฟิช?ผักชี,0
วันนี้เค้กแลดูน่ากลัววว,0
ไม่อยากอ่านแสตทแล้วอ่ะเกิดมาโง่อ่านไปก็เท่านั้น,0
มันไม่ได้ทำดีขึ้นหรอกมีแต่แย่กับแย่,0
อย่าหักโหมนะแอม!!เดี๋ยวจะผอมเร็วเกิน5555+,0
ฉ่ำปอดละฮะหวัดแดกเพลินเลยตอนไม่ตกอะเรียกร้องที่นี้จัดหนักจัดเต็มให้พี่ซะ,0
เปิดเทอมวันแรก!!เพื่อนปริ้นตารางเรียนให้ตั้ลล้ากกกกกก555555????,0
มันซื้อมาให้กูสูงขึ้นทุกวันๆ,0
อย่าเอาแต่,0
พักสายตาเถอะนะคนดี....นอนตรงนี้,0
เออกูจะลดละ,0
พี่ไม่รักเรื่องมันเศร้ามาก,0
ซื้อนม2ขวด!!!แต่ดูแม่งให้หลอด?????,0
ขอบน้ำใจจ้า,0
กูจังอีดรอกกกกกก,0
กูขึ้นถูกคันไหมเนี่ยเเท๊กซี่โหดไปป,0
ไม่ต้องบอกกูรู้,0
ตอนแรกว่าจะไม่อายพอมึงเม้นท์เท่านั้นแหละอายเลย??,0
ดอกเด้วกูตบ!!!,0
'กินสองแก้วแม่มโสดโสดโสดโสดไว้สบายดี??????,0
โทรติดต่อเพื่อนก็ไม่ได้,0
ขอเสียงกรีดร้อง...เอ้ย..เสียงปรบมือให้กับ..พรุ่งนี้..วันจันทร์ด้วยค่าาาา??????(เอฟเฟ็คเสียงปรบมือรัวๆ),0
คือทวงเนื้อลายไปประมาณ5รอบ,0
ง่วงก็บอกดีๆก็ได้ป่ะวะ...เดี๋ยวจะพาขึ้นนอน!!,0
มีคนแอบถ่ายแล้วส่งรูปมาให้บอกท่ายืนสวย,0
เมื่อแบมไปกอดเนียร์มาร์คเลยนัวเนียไปกอดยูคแทน??>\\<,0
บอกแม่ว่าอยากกินตำป่า,0
พูดถึงอาบุษอีกละ..ดี๊!!วสาไปดูแลพงษ์ชัยดีกว่า,0
งอนไรแม่หราาาาแค่ลืมเรียกรถตับเอง,0
"คือพิมบอกไปว่า""ขอซอลเพิ่มเยอะๆนะคับ^^""",0
พี่ซึ้งน้องเพ้งบอกรูปพี่สวย,0
โดนใจสุดๆหลังจากตามหาซื้อไม่เคยเจอเลย...ต้นมะพร้าวสุดหอมของฉัน??????ชอบกลิ่นนี้ตั้งแต่มีรถคันแรกใครขึ้นรถก็ต้องถามถึงขั้นต้องโทรหาลูกพี่กอฟช่วยหาซื้อให้ออยหน่อยของที่อื่นหอมแค่1อาทิตย์กลิ่นก็หายนี่อยู่เป็นเดือนคะ,0
"พูดกะว่า""เธอมันน่าหนวกหู""ละดูมันตอบ55555(ฉันจะรูดซิปปากค่ะ)",0
กูบอกเอาชาเขียวไม่ใส่น้ำตาลใช่มันไม่หวานแต่มันไม่มีอะไรเลย,0
น้ำพริกอ่องไข่เจียวโดยเชฟมังกร_นางตามใจ_เมษาว้อน_เมษาอยากกิน,0
ขอบคุณโชคชะตาพาให้พบกับบัดดี้ดีๆ,0
โอ้ยซาบซึ้งจังเลอ.ถอนคำพูดมะกี้ละ.,0
อร:แหน่ๆๆพี่หน่องนี่ไม่คิดจะห่างพี่นุชเลยใช่ปะหน่อง:แหม่..อรว่าแต่คนอื่นเขาไมไม่ดูตัวเองมั้งละนั่นเกาะยิ่งกว่าปลาหมึกอีกนะคู่แก,0
ถ้าเกิดฉันไม่ได้เป็นสายให้ตำรวจฉันอาจจะรักอธิคมไปแล้วก็ได้,0
ไม่ไหวจะเคลียร์คนเยอะล้นสถานีพี่หิวมว๊ากกกปวดเบาด้วย,0
งานจิกกล้องแตก!!!..ต้องมา!!!สีแสบงานแต่งกัปตันธีไม่มีรูปบ่าวสาวถ่ายกันเอง,0
"ชีวิตกลับสู่สามัญ""ผมทรงแอ๊บเด็ก""มันได้ผลข้างบ้านบอกเด็กจนจำไม่ได้",0
นางน้อยใจนางกลัวเรารักหลานนางมากกว่า55555,0
รอบแรกรอบสองก็ได้ปกตินะแต่รอบสามนี่สิ...เอิ่มมมมมมมมมม!!...,0
ขอน้ำแข็งพนักงาน,0
??????รักหรือป่าวไม่รู้รู้แต่เพ้อเจ้อมาจะสามอาทิตย์ละ??????ทิฐิมันกินไม่ได้!!,0
"ส่งมาทั้งทีส่งมาถุงแค่นี้-..-""",0
อันนี้คือไร.....????!!!!,0
นางยอมตื่นเช้าอีกนิดเพื่อการนี้ยอมรับว่าเปงเหยื่อการตลาด7-11รีบแทบหน้าฟาดประตูร้านหมดหรอคราบเหลือเปงลังค่ะสาขาบ้านนอกม่ายมีครายเห่อเท่าพี่หรอกค่ะทั้งลังปะคะ,0
??ณ.ตอนนี้ตอบอะไรใครไม่ได้ทั้งนั้น??ไม่รู้อะไรเลยรอคุยอย่างเดียวได้อะไรกับงานนี้,0
มาเด้อ...ตำป่า...35บาทแพงนะแต่ดูปริมาณอื้อยอม!,0
บอกของซอลเยอะๆๆนะค่ะจัดมาเยอะจริงๆๆๆ,0
ข้าวยำไก่แซ่บกูปะนี่????,0
บ่นไม่มีมาม่าพ่อคงเห็นในเฟส,0
เรากำลังเลียนแบบท่าคนๆนึงค่ะ555555,0
บอกอยากกินช้อคโกแลต..ดูพี่แกทำ,0
ด้วยความที่ชอบกินเผ็ดมาก...เลยบอกขอพริกเพิ่มหน่อยคะ...เอิ่มม!!,0
ขุ่นพระ!!!!ไม่เต็มไปเลยละ,0
นางทำแบบนี้ขนาดนี้เลยจะเอาอะไรพูดนี่,0
นานนนไปนะเหมือนเดิมมึงๆ55555,0
สงสัยให้กินแทนข้าวขอบคุนมากน๊าาา??,0
มันใหญ่มากโอ้ยๆๆๆๆๆ,0
ขอบใจนะที่เป็นห่วง,0
ตอนซื้อบอกคนขายว่าข้าวมันไก่ขอน้ำจิ้มเพิ่มนะคะ,0
ถ้าไม่ติดว่าโสดก็มีแฟนไปแล้วล่ะ,0
ขอบคุณเพื่อนที่น่ารักที่สูดดดด,0
ซื้อนักเก็ตไก่แค่กล่องเดียวให้ซอสมาซะเยอะ,0
กูปะเนี่ย...รองเท้าคู่เดียวใส่ถุงให้ซะใหญ่เบย...-_-!!,0
อากาศหนาวๆกับน้ำปั่นเย็นๆ,0
เสต็กอกไก่เวฟง่ายๆเบาๆไม่มัน,0
จะดีหรอให้พอร์ชคุมกระทรวงศึกษาธิการ55,0
หลอดยาวไปไหมตอบเลยดูดแล้วเหนื่อยมาก,0
ใครว่าผมหล่อมั้งไลคเลย,0
นู๋น้ำหนึ่งดูทกันน่าดูขอให้ยิ้มนิดเดียวเอง55????,0
คราบอารยธรรมแม่ไม่ให้เข้าห้องทำงานฉี่ใส่หน้าห้องซะเลยให้มันรู้ซะบ้างว่าใครเป็นนายใครเป็นบ่าว,0
โดนหวยแดร๊กกินเคเอฟซี,0
โดนหวยแดร๊กกิน,0
เบื่อพวกนัดแล้วไม่มา,0
หุหุหลอกตรูเปลี่ยนเป็นรูปประจำตัวในเฟสได้ขำจนสำลักกวนตีนยิ่งนักอัพแม่งให้หมดทุกโชเชี่ยวที่มี,0
คืนนี้เป็นกำลังใจให้หยาดฟ้ากะดารินแห่งพายุคงคาด้วยนะคะหยาดกลัวมากเลยกลัวจะได้ออกเยอะกว่าดารินอีกอาทิตย์อ่ะค่ะ><หยาดเป็นคนถล่มตัวเองค่ะเจียมตัวเสมอคริคริ,0
เนื้อจากตลาดหุ้นขาดทุน,0
คือแบบแฟนชอบว่าแมนฯยูของพี่.,0
.หนาวมากใช่มั้ย,0
เมื่อไอแล้วไม่ดีก็ต้องอมฮอลล์คูลล์เมื่ออมฮอลล์คูลล์แล้วไม่ดีก็ต้องแดร๊กกโค้กแล้วแระ,0
มองเห็นฉันไหม555+ฉันถ่ายรูปตัวเองตอนอยู่ในตู้เสื้อผ้า,0
นั่งเรือเล่นเซ็งเมื่อวานแม่งมีคนให้พรจนน้ำตาตกใน,0
เด๋วโดนน้ำเลยดีไหมเนี้ยยย,0
ด่วมันละลายไปเองขอแชร์ประสบการณ์การกินนะค่ะกินสวยสวยกับหมวยสิค่ะ,0
ชูครีมผึ้งน้อยสามลูกแบบฟินเมทหนีกลับบ้าน,0
ภายเรือชมสวนน้ำใสเห็นตัวปลา,0
หมากล่องเอาที่นอนนู๋ไปซักจับขายสวนเบยนี่??,0
กูรอดตายแล้วววว..มะละกอเต็มต้นเล้ยยยยลูกใหญ่คอดๆ5555^^,0
ดืี่มน้ำจากก๊อกซะเลยแม่นุจเหรอขายน้ำแต่ไม่มีน้ำให้ลูกกิน555น่าสงสาร,0
ห้ามไม่ฟังห้ามไม่ทันทันแค่เอาทิชชู่มารองเป็นทุกทีทีี่พาไปตัดขน,0
ง่วงงก้ไปนอนเห้อะๆๆๆๆๆ,0
มาช่วยแม่ที่ฟาร์มแม่ชอบบอกว่าไม่ระวังตัวเดี๋ยวก้ดำหมดหรอก!!ใส่แม่งให้หมด!!จะดำอีกมั้ยคอยดู!!อิอิ,0
ถึงฝนจะตกถึงฟ้าจะร้องเราก็ยังถ่าย,0
พี่ชายยยชั้นหนาวววว,0
เกรียนป่ะคับ?5555,0
อากาศร้อนๆแล้วยังเจือกกินของร้อนๆอีกเว้ออ,0
อารมไม่ดีหยิกแก้มเรย,0
หน้ากวนตีนสาส5556อ้วนมากเขานัดตี5เช้าเกินไป,0
เปลี่ยนไปรักคนที่รักฉันและยอมรับที่ตัวฉันเป็น:),0
หวัดกินง่อยแดก...รับคริสต์มาสซดสไปร์ทน้ำแข็งแม่งเลย,0
เค้าบอกว่าหนูเป็นกระเทย555,0
อีเนยแย่งไปสาปแช่งมัน555555,0
เสาร์อาทิตย์หนูรักคุณมาตลอดเลยค่ะตั้งแต่เป็นเด็กพกขวดนมตอนนี้พก...ก็ยังรักคุณเหมือนเดิมมากขึ้นทุกวันหมายถึงกูนี่ล่ะ,0
..หน้าสดฝันดีพรุ่งนี้วันจันทร์แล้วหรอว๊าาาาตูยังไม่พร้อมเลยนะไม่พร้อมๆๆๆลาออกแม่งงงใคร,0
5รอไม่ไหวศูนย์ลำใยไร้กำหนด,0
"ในขนาดที่กูนอนป่วยแต่แม่ส่งรูปมาแล้ว:""กำลังจะว่ายน้ำมีความสุขจัง""??อยากไปด้วยสอบเส็ดจะไป",0
ใครบังคับว่าอตก.ต้องอัพอาหารรรร.น้ำเปล่า,0
งานไม่ค่อยยุ่งหรอกแค่ใช้คอม2เครื่อง,0
ยิ้มรับแดด????.ยังๆยังจะร้อนได้อิก????,0
อยากมีรูปคู่บ้างอะไรบ้าง....นี่แหน่ะๆทำแบบนี้ก็ได้ว้าาาาาา??,0
ฝนตกออกไปไหนไม่ได้ดี๊ดี..เยิฟๆหิวข้าว??????,0
เหนื่อยกว่านี้มีอีกไหมรู้สึกอยากทำแต่งาน,0
จัดไป??????,0
เบาๆก่อนไปยิมไดเอทกันเถอะ555,0
กูหยั้งมางามมม55555,0
น้ำหนักเสียงทะลุเอิ่ม!!??,0
ดีมากเลยย!!??????,0
ชุดพร้อมเงินพร้อม,0
เอ่ออย่าเชื่อกูน่ะเด่ะก็ดีกัน,0
สั่งอีกเลยจ้ะครูการบ้านอ่ะหนูยังทำไหวแค่นี้ยังน้อยไป,0
!มีต่อท้ายเสมอนะแปลว่ายอมเยี่ยมเริ่ดดีมากเรามักพบเห็นบนโลกออนไลน์ซึ่งฝรั่งเขาใช้เสียดสีประชันเวลาจะทำอะไรเลียนแบบแต่ทำออกมามันไม่ได้เป็นไปตามคาดตัวอย่างเช่นในรูปจะทำแต่สิ่งที่ออกมาเป็นตัวอะไรก็ไม่รู้กากเลยยถถถฝรั่งเขาก็บอกกันขำๆว่า!เป๊ะเว่อร์อ่ะ,0
เงียบๆคนเดวอีกเดือนกว่าสอบ???สบายใจ??,0
ประโยคเจ็บๆน่าตาดีขนาดนี้ทำไมไม่มีแฟน??,0
.บอกเลยน้ะถ้ากูเป็นมึงกูแม่งโครตดีใจ5555,0
ไม่สวยหรอกงั้นๆอะ,0
เห็นหน้าตาแบบนี้แต่อีก7ปีผมก็เรือตรีนะคร้าบบบบ????,0
เน็ตแรงสาดดดดดด,0
เกือบซื้อบ้านเงินสด,0
คือจะหายไปเลยน่ะไม่มีอาลัยอาวรณ์หรือคำพูดสวยหรูใดทั้งสิ้น??????มีอไลแรงกว่าแดดอีกไม๊??5,0
////??????:มันไม่มีความหมายอะไรชั้นก็แค่ไปเจอผู้ชายคนอื่นเป็นปกติชั้นรั้งเทอไว้ไม่ได้แล้วเพราะฉะนั้นอย่าหันหลังกลับมา,0
ในวันที่ไม่มีใครอย่างน้อยก็ยังมีแมว????,0
บัตรนร.นั๊นร๊าก,0
ไอติมอะไรนิไม่เคยกินเลยยยยยย,0
เชียงใหม่อากาศหนาวมากกกหิมะตกเลยอ่าปล.เสื้อผ้านี้หนาวแล้วหรอ?,0
นี่เดี๋ยวจิไปชอปปิ้งที่31ตามประสาคนมีตังหนะ,0
แต่ละตัวเรียบร้อยน่ารักมากนิ๊งงงงนิ่งถ่ายรูปง่ายเนอะ,0
บอกให้ยิ้มบ้างเวลาถ่ายรูปยิ้มเยอะไปมั้ยคนหน้าเดียว,0
????ปิ๊ซ่าาลงรูปของกินตอนกลางคืนยั่วตัวเองอิ่มมากอร่อยลืม,0
น้ำใจก็ไหลเหมือนน้ำประปาสตางค์ไม่มาน้ำก็ไม่ไหลสังคม,0
..หน้าสดฝันดีพรุ่งนี้วันจันทร์แล้วหรอว๊าาาาตูยังไม่พร้อมเลยนะไม่พร้อมๆๆๆ,0
ไหวป่ะลิงเอ๋ออยากตัด,0
โคมไฟจำเป็น....ช่วยตูได้มากอ่ะเห้-____-);;มองเห็นชัดแจ๋วเลย,0
??-ใจถูกทิ้ง-สมเป็นไงล่ะชุชิ,0
??ต้องกินยาเพิ่มจากเดิมต่อมื้ออีกเท่านี้!!!ดีใจจุงเบย,0
ลงเวรตั้งแต่ห้าโมงเย็นกลับมาถึงห้องก็สลบตายคาเตียงจนป่านี้ก็ยังไม่เปลี่ยนชุด,0
หน้าสดก่อนนอนจะนอนแล้วน๊ากู๊ดไนท์ฮ่าา,0
รักเธอ...นวัตกรรม,0
ยิ้มรับฟิสิกส์2แสนรัก??,0
มาถึงแล้วทะเลอันเป็นที่รักฉันรักแสงแดด,0
เมสงามๆ.....5555สวยอ่ะฟังชั่นลงตัวเป๊ะ!!!แน่งานนี้5555ตายๆๆๆๆๆ,0
ขอนำเสนอภาษาใหม่ของนักเรียนชั้นม.3ที่สามารถบูรณาการภาษาไทยและอังกฤษให้อยู่รวมกันได้อย่างลงตัวเลยทีเดียว,0
กินข้าวคนเดียวจนชินละสนุกมีความสุขอิ่มอร่อย,0
ที่รักกกกกกหนูขออนุญาตไปเที่ยวรอบโลกสักพักนะคะคือหวยแหลกค่ะ,0
ต้องการอะไรบอกคุงแม่สิลูกนู๋อย่าคิดสั้นคุงแม่เลยค่ะขึ้นไปบนนั้นเพื่อ,0
กรดไหลย้อนแผลในกระเพาะจัดไป(`,0
คนเราพอ.อกหักกก.มักทำตัววว.ไม่ดีทั้งที่รู้สึกว่าคนอื่นนน.ไม่ได้เกี่ยวรัยเลยยย.?????,0
ชีวิตนี้ดี๊ดีเนาะ...เพราะไม่มีใครใส่ใจ,0
??????ชะนีสายกิน,0
ทำได้เพียงคิดถึง.,0
ใครมะรู้เดินดีดดิ้งอยู่ที่ลาสเวกัส??ผมถ่ายรูปมา,0
เค้าสั้นตัดผมแล้วน่ะ.5555,0
เปรี้ยวเยี่ยวเล็ดกันไปเล๊ยยยชอบๆๆๆๆๆๆ,0
??????กดซื้อเหรียญไม่คิดบัตรแม่ดึกๆสติไม่ค่อยอยู่กับร่องกับรอย,0
"ขอบคุณแดดร้อนๆของวันที่17และเช้าอันหนาวเหน็บของวันที่18ที่ทำให้การอบรมธรรมมะ3วันลดเหลือ30นาทีและอยู่โรงพยาบาลเกือบวันและทำให้มี38.7?ในวันนี้""ขอบคุณครับ",0
แล้วเรื่องเศร้าจะผ่านพ้นไปงานคนเดียวเศร้าชอบทำเหมือนคนอกหัก,0
ฟินเนสปุกาดหยุดวันนุง...แม่มไม่ได้ป๊ะกันจ๊าดเมินนนนนคิถุงๆๆๆ,0
ทานแค่นี้พอ...???,0
...เอิ่มมมนิ้วๆ555><,0
เตือนตัวเองไว้เข็ด!,0
บ้านมาเดทกับสามีในเดอะซิม??????,0
โอ้ยยยยน้อยไปเอามาอีกการบ้านแค่นี้เองน้อยจังเลยยยยยย,0
??หิวมากกกกกกคำเดียวเลยตอนนี้,0
สวรรคกลั่นแกล้งบอกแล้วไงว่าถ้าไม่ได้จะไปตัดสั้น,0
บอกอยากกินมาม่าใส่กุ้งขอแค่ไม่ใช่กุ้งแห้งแค่นั้นแหละ,0
????กินมันเข้าไปอะไรคือดีงาม,0
เค้าเรียกอะไรไม่รู้รู้เเต่ว่ามันแพงไม่ได้เเพงธรรมดาแพงมาก!คาบละ200฿,0
เก็บเงินไว้ซื้อบัตรคอน6000บาทกับ4500บาทดีกว่า3ชั่วโมงแลกกับ6000บาทชิวๆเน๊อะ????,0
ขาหมูพะโล้ตรอกซุงซื้อกลับมาแล้วต้มไข่มะตูมใส่,0
วิ่งเข้าวิ่งเข้า.วันอาทิตย์ก็วิ่ง,0
ฮ่าๆๆมีบัลลังก์ยุโรปก็พอแล้ว,0
การอยุ่คนเดียวและมีเรื่องแย่ๆให้เราคิดพอเราคิดอะไรไม่ออกมันอาจจะทำให้เราแวะคิดในทางที่ไม่ดีหรือคิดสั้น,0
ถ้าไม่ให้หนูกินหนูจะโดดลงหม้อจริงๆด้วยในหม้อมีกุ้งหอยปูปลาแต่กุนจะโดดไปเป็นเนื้อหมาในหม้อด้วย,0
โม่อยากจะสื่อว่าอะไรลูก?,0
มีฟามสุขกะของหย่อยๆๆ,0
งานจะดีถ้ามีความสุขกินไปด้วย...ทำวิจัยไปด้วยคือดีอ่ะ!!!,0
เรียบร้อยจังเลยสนใจชุดติดต่อมาได้ค้า,0
แต่พี่ขอเหล้าเข้มๆ,0
ชีวิตดี๊ดีแฮปปี้สีชมพูเลยจากคนที่เกลียดสีชมพู,0
บางครั้งความหวานก็ช่วยให้เราอารมณ์ดีได้เหมือนกันความรักก็เช่น555555????,0
ไส้กรอกดีต้องมีบอแรกซ์,0
อีกหนึ่งวันกำลังจะหมดไปร้องไห้หนักมากไม่ได้ใช้ประโยชน์ไรเล๊ยยยยทำงานจนลืมวันลืมคืนเลยดีมั๊ย,0
สุดอร่อยแหละเฮ้อ!!!,0
ฉลองความฟิน!!!,0
เทมปุระเหอๆ,0
อยากลองต้องได้ลอง,0
อยากกินต้องได้กิน,0
กินคนเดียวให้เบาหวานขึ้นตาไปเลย,0
แม่บ้านบอกอย่ากินเยอะพรุ่งนี้จะผิดสำแดงทำยำแหนมกินยามดึก,0
หนาวนักใช่ไหม!!!กินไอติมซะเลย,0
จะกินให้น้ำหนักขึ้นสัก10โล,0
เซงโครตใส่กางเกงนอนเล่นบนเตียง,0
อากาศมันร้อนมานอนอาบแดดกับพี่ไหม,0
ทำงานรอดูฟาส7,0
ไม่รู้จะผอมไปทำไม,0
ชีวิต3ทุ่มแล้วลงเมนูของหวานได้,0
เบื่อแบคกราวด์สีเขียวอยากไปเที่ยวงาน,0
ญี่ปุ่นทุกอย่างเลย...ชีวิตกลางเดือน!!,0
ไม่ได้มีใครเลี้ยง....ไปกินเผื่อ????,0
ชีวิตดี๊ดีอิ่มจนเบลอ55,0
อยากตัดให้สั้นแบบนี้เลย:),0
คือมันเป็นประเด็นสำคัญเลยทีเดียว!!!!!!,0
คิดถึงเฮียกะพี่แสบอ่ะ!!,0
กินหนมปังกะนมยังไม่ได้กินข้าวตั้งแต่เช้าเลยยย,0
ไอ้มิน!!!เอ็งจะเอายังไงให้อะไรก็ไม่กินอย่าดื้อเหมือนเจ้าของชื่อได้ป่ะ,0
"><""โทดฐานที่ไม่ได้ไปเที่ยวกับเพื่อน!!",0
เทศการดูหนังรัก//ออกไปไหนไม่ได้ดูจนตาแฉะน้ำตาลขึ้น,0
พอเป็นผู้หญิงก็ไม่เห็นจะมีคนสนใจหล่อเลย,0
กินแม่มให้เผ็ดตายไปเลยกินเผ็ด,0
โอ๋ๆๆๆๆเดี๋ยวพี่ฝ้ายรีบกลับนะ>^<~น้องชายแอบดีใจเห็นพี่ฝ้ายตื่นสายนึกว่าจะอยู่บ้านด้วยกัน55555งอลอีกละ^~!!,0
มาช้ายังดีกว่าไม่มาชิมินด้วยการย้ายร้านป๊ะนี่นัดกันนินาเท่าที่จำได้เก๊าขอโทดเก๊ามาช้าเองนะๆๆจุ๊บ??????,0
ฝรั่งน้อยติดเกาะเด็กเล,0
"-ถ้ามันไม่""แฟน""ให้หวาน....งั้นก็กิน""เค็มเค็ม""ไปเลย??????",0
ชีวิตช่างแสนเหนื่อยล้ากว่าจะได้แต่ล่ะอย่างทำหน้าลิงใส่แมร่ง,0
อยากมีโมเม้นแบบเมื่อไหร่น้ำหนักกูจะขึ้นสักทีวะผอมชิบหายยเลยเนี้ยยยจะผอมไปไหนนนกระดูกกูจะโผล่อยุ่แล้วกินอะไรก็ไม่อ้วนสักที,0
บินๆๆๆๆบินแข่งกันบินไปแย้ววววว55555,0
ทำไงดีอยากหน้าบานเท่าเอ้บ้างมันคงเป็นเทรน555นั่งแทกซี่ไปสวนจตุจักรมาออกนอกกรอบบ้าง,0
หม่ำหม่ำเติมความอ้วนนนน,0
"??????""""'..กินเข้าไปปป",0
แต่ลำพังอย่างกูอ่ะมันเหงา??ดูซีรี่ย์โต้รุ่งดีไหมพน.ทำงานไม่รอดชั่งมานนนน~,0
ไม่มีตั๋วกลับก็อยู่ต่อเลย,0
ภาพนี้มันเอเลแก้นท์มากกกกกก,0
ดูหน้าก็รู้ว่าดีใจทุกกกกกคน,0
ฉลองขึ้นคานที่เชียงคานนะรู้ยัง,0
คือถามว่ากินได้ไหม???อยากกิน!!!แต่แพ้อาหารทะเล??????,0
สมเพชตัวเองดีเลิกราดีไปดีดีชิบ,0
ตัวคนเดียวแฟนก็ไม่มีเพื่อนก็ไม่รักหนีไปเที่ยวกันหมดจำไว้,0
ชีวิตดีกว่าจะต้องอยู่คนเดียว,0
พี่กลัวผอม...เดี๋ยวพี่ฮอตแล้วทำตัวไม่ถูกสัสแดกเเม่งให้หมด,0
เก็งข้อสอบให้เลือดแทบตายดันไม่มีออก,0
อ่านไม่รุ้เรื่องแต่ก้ยังหนีมาคนเดียวว...เป็นไรมากไหมคะมนัสสรา==\\เพื่อนชวนไปอ่านด้วยไม่ไปเลิศค่ะดีมากค่ะ:(,0
แฟนบอกผมหล่อ,0
อยู่ดีๆก็สวย,0
กระหน่ำลงถี่ๆไม่อยากทำการบ้าน,0
เป็นได้นะเออในเมื่อเป็นหญิงใครก็เมิน:),0
เพิ่งจะซักผ้าเสร็จทำไมถึงเป็นแบบนี้ล่ะคะ,0
กูเขินนะเนี่ย,0
??กินร้านเราเองก็ดีเงี่ยได้ไวน์เกือบล้นแก้ว,0
กลับๆๆ26นี้แหละ,0
เทรนใหม่ป่ะคิ้วยิ่งไม่ค่อยจะมีทำไมทำอย่างนี้,0
เรียนเคมีสุขใจลัลลัลลัลลา~~~~,0
บอกว่าอย่าสั้นๆตัดสั้นทุกทีหน้ายิ่งบานๆอยู่สั้นที่สุดตั้งแต่จำความได้,0
เปลี่ยนเพศเลยไหมละมรึงงงงจีบผู้หญิงแม่มมหน้าสดต้องมาา55555??????,0
ใส่ยาวเป็นนะค่ะใครก้ไม่รุพูดเรียบร้อยดูเป็นกุลสตรี๊สตรีมากม๊วก??,0
โน่กันอินเลิฟ555555,0
หั่นผมมมรำคาญฉับฉับ,0
ชอบกินเบียร์ผสมเป๊บซี่เพื่อนบอกไม่คลีนนะถ้าอยากคลีนต้องกินแบบไม่ผสมอะไรเลยส่วนแฟนบอกว่าให้กินน้ำแข็งที่ละลายในถัง,0
ก้าบก้าบก้าบเป็ดอาบน้ำในคลองตาก็จองแลมองเพราะในคลองมีหอยปูปลา,0
????ย้อมผมดีไปอีก??????,0
เป็นการจำลองเหตุการณ์ที่เริ่ดมากนางต้องใจมากจ้านางเป็นประทานที่เริ่ดเวอร์,0
ชีวิตแมร่งเหี้ย!!,0
ถึงบ้าน2ทุ่งครึ่งเปียกหิวเมื่อยเพลียสุกี้เห็ดประยุกต์จัดเต็ม,0
มีเงินอย่างเดียวกินไม่ได้..ต้องอยากกินมากและไม่มีที่ไปด้วยยย??ไข่เจียวกุ้งสับเฉียดร้อยเติมพลังให้วันนี้,0
"ไม่ใช่กู""ไม่มีเงินซื้อคันใหม่""",0
"กูแค่""อยู่อย่างพอเพียง""",0
ตลกร้ายสาธุก็แล้วแต่พี่,0
กินๆๆๆๆกินให้ตาย,0
อกหักไม่มีคนทำลำไยปีโป้มาส่งนั่งซดเยลลี่ลำไย,0
กูเลยขาวกว่าเพื่อนไม่รักวันๆเอาแต่ประชุม??,0
ตกมาให้พอใจ!!!!จอดตากฝนแม่ง,0
มรึงดูรักกรูเนาะ,0
หลังหวยแดรกกหึหึผู้มีอุปการะคุณ?,0
ฉลองพี่โดมเงินเดือนขึ้นฮูเร่!!,0
แด่...ความน่าเบื่อหน่ายที่ใกล้เป็นนิรันดร์~,0
เติมความหวานให้กับชีวิตตอนดึกๆเพิ่มน้ำหนักไปในตัว,0
ๆๆๆๆๆๆ...ๆๆๆๆๆ??โว้วเมายามีความสุขฉิบหาย,0
นอนม่ายหลับหิวข้าวโว่ยยลงรูปให้ไส้แม่งกิ่วเรยหิวแสดน้ำย่อยทำงานคลาดมาก????,0
ขาบางบอกถึงรากฐานมั่งคง??,0
ช่วงนี้ผอมมากหมอบอกให้กินเยอะๆยังเหลือเนื้อที่ให้กิน,0
เอื้อยมาจากสปป.ลาวเอื้อยถามว่าช้อนส้อมคืออิหยัง????ไม่ต้องแอบถ่ายอินเนอร์เอื้อยล้วนๆอิหลีเอาเอื้อยกลับไปด้วยนะ,0
ฉลองเงินเดือนขึ้นค่ะเงินขึ้นเยอะจัดใช้ไม่หมด..หึหึ??????อารมณ์เสีย,0
ลุคใหม่พี่ไปป์หน้าดีไม่ได้หน้าเฮียแม่ม??,0
กินกันให้ตายไปข้างนึงอยากล้วงคออ้วกมากณจุดๆนี้แต่เสียดายของเอ่อเอ้า!,0
อาบน้ำแต่งตัวอยู่ห้องค๊าาาเวลาอยู่ห้องไม่ตกพอจะออกไปข้างนอกดันตก??????แบบนี้,0
??เซ็งจัดตัดผมแม่งเลยเบื่อโลกเซ็ง,0
เทาเงินเท้าไม่สวยเอาดอกไม้บังไปช่วงสอบที่มีรายงานยังไม่ได้แตะ2ตัวก็วางอยู่ตรงนั้นอ.ที่ปรึกษาคงลืมหน้าไปแระ555555,0
ตัดสั้นเลยดีมั้ย,0
"คว้า""วิก""มาใส่",0
&&ซื้อไปขาย?เงินมันกัดตูด?ที่บ้านไม่เคยมีใส่?,0
สภาพหลังเบิร์นเบิร์นแล้วไม่เสียเหงื่อจัดมันเพิ่มเข้าไปเดินคลองสานเหงื่อยังออกมากฝ่าอี้ก,0
กินให้มันอ้วนตายไปเลยชังแสนเศร้า,0
ไม่มีแฟนก็ดีนะนั่งแดร้กหนังไก่คนเดียวเพลินๆไม่ต้องกลัวใครจาบอกว่าอ้วนแดร้กหนังไก่คนเดียว40บาท,0
:'....เดวทำผมทรงนี้เลยไม่แคร์สื่อฮร่ะ555,0
ถนนไม่ใช่ของฉันรถเมล์ไม่ใช่ของฉันไม่ใช่ของฉันอีกต่อไปทำไมวันหยุดมันผ่านไปเร็วเช่นนี้??,0
เจ็บมั้ยนั่นบอดเลยทีนี้จิ้มตาเล่น??????,0
ชีวิตดราม่าโดนหวยแ_กแ_กมาม่าหน้าหมี??????,0
จะผอมสินะกินสองถุง,0
คือตื่นมา9เช้าเคสแรกทำไม่ถึงชั่วโมง...แล้วว่างถึงบ่าย3คือ....ว่างจนคิเกียดดดดทำผมทรงหมวกกันน็อค,0
ลงทีละขีดขึ้นทีละโล,0
ไหนหละซากูระยังไม่บานซักกะดอกบอกจะบานวันที่27คุณหลอกดาวชั้นมาทำอะไรที่นี่,0
พอล่ะนะไม่เปิดใจอีกแล้วนะถืกตั๋วแล้วตั๋วอีกเจ็บเป็นเด๊ะซุมหลายใจ่,0
สวยจุงเลออ,0
ใช้สิทธิ์ความเหงาวิญญาณสีเทาเอามาเต้นรำ??แสงสีหลอกลวงเยียวยาความช้ำปล่อยไปตามกรรมทำใจร่าเริง??????ไม่มีหัวใจไม่มีรักจริง,0
หึกินสิรออะไรอร่อยซะขนาดหมาไม่แดกเลย,0
เอาหน้าซุกที่นอนแบบนี้นอนแบบตรูใช่มั้ยที่ห้ามเที่ยวกะว่าจะอุดจมูกตายว่างั้นหลักแหลมจิงๆ,0
แล้วบ่นน้ำหนักขึ้นขาหมูทอดแม่มเลย,0
อยากกลับไปตัดทรงนี้อีกสักรอบ:)ไม่อยากถูกตีกรอบคนดีไม่ได้วัดที่ทรงผม,0
มีคนบอกเอาหัวหอมเเดง.,0
ข้าวไม่กินนำ้ไม่กินสงสารจับใจอยากลางานซักครึ่งเดือนมานอนเฝ้าลูก...\^_^/,0
มาดดเข้มพะม่าบุกแบ้วววววว????,0
เมนูรอบดึกสองคนอีฟหรือตรูแดรกเองสาระร่างบวมมากยังไม่ได้แดรกมาแต่เช้าละ,0
?(?_?)มีคนแอบแฝงเข้ามาไรไรก็ริลัคคุมะน้อยใจแล้วนะจากเฮลโลคิตตี้ที่ถูกลืม,0
ไหนใครบอกเหมือนไหนใครบอกหล่อลงใหม่,0
แอ๊บแตกอยากเด็กบ้างไรบ้างพอได้ปะ,0
สบสนในชีวิตออกเดินทางหนีปัญหางานไม่ทำ,0
ปวดหัวมาราธอนมาตั้งแต่วันพฤหัส....ไม่ยอมหายยย....ไหนๆก็ไหนๆละกินให้ตายยยยไปเบยยยย5555,0
ทำไมใครๆจะต้องนอยด์อะไรหนักหนากับวันวาเลยไทน์!?,0
แต่งหน้าเบาๆในวันวาเลนไทน์????,0
โสด..โสด....โสด...โสดดดดดดเดดดดดด,0
กินอยู่คนเดียวหมดนี่ขนมปังปิ้งครีมชีสสดอร่อยเป็นลมขนมจีบปลาหมึก,0
เอิ่มมมมมม!!คือว่าแบบว่า?,0
น้องพี่ของไม้จิ้มฟันหน่อย,0
มื้อเที่ยงวันนี้ปวดฟัน,0
ข้าวมันไก่ก็ไม่ได้กิน..กับข้าวก็ทำต้มเนื้อวัวฉันกินเนื้อวัวไม่เป็นสุดท้ายกินข้าวกับมาม่า??????,0
ไม่ต้องเสียเงินไปเที่ยวไหนพรุ่งนี้กางเต้นท์หน้าบ้านเลย,0
หนาวจนอธิบายไม่ถูก,0
ทำไมหน้าตากรูมีความสุขมากมายขนาดนี้เฮ้อออออ,0
หนี....ออกนอกประเทศ..!#@$!@$,0
??????อยากกินรสที่ไทยนิโฮงเดะมะได้อารมณ์,0
อากาศเย็นมาอีกแล้ว...หาเสื้อกันหนาวกะหาหนุ่มๆกอดแก้หนาวไว้ด้วยได้อุ่นๆ..,0
แม่พราวไม่สนใจนอนนี้ซะเลย!!,0
!!ชีวิตรันทดของมารวยหลังจากที่มามี๊จากไปจากเคยนอนที่นอนนุ่มๆต้องระเห็ดไปนอนหลังบ้านหนุนขอนไม้แทนหมอนและตักแม่จับอาบน้ำก็ไม่ยอม,0
ไปเท่วววกับพี่ม้ายยยจ้ะโบลิ่งผลาญตังค์เข้าไป,0
กินแบบไม่กลัวอ้วนคนเดียวปี,0
ไม่สบายดีนักลงรูปเลย,0
คอสมอสน้อยเล็งถ่ายอยู่นานจนคนขายต้องแถมให้เอาไปถ่ายที่บ้าน,0
จะกินป้อกกี้ทีเดียวให้หมดเลยงอน??????,0
กินเสดก้ะนอนน้ะครัชช,0
ไม่อ้วนซะทีกินให้มันทุกวัน,0
ปาร์ตี้ถั่วววววว-.-บอกแม่ว่าอยากกิน,0
เอารุปอุบาทๆลงแมร่มม????,0
"กินให้อ้วนไปเลยยยยย--""",0
กินข้าวกันจัดปาร์ตี้เหมือนกินหลายคนแต่เปล่ากินคนเดียว,0
รึจะไฟว์น่าเสินน่ะไปเที่ยวมาเต้นลืมโลก,0
จุฬาปิดยาวไปนะบางที??ทำไรดีหว่าา??,0
ไม่มีอะไรมาก..อยากตัดผมสั้น*อะไรที่เค้าชอบเราจะไม่ทำต้องทำในสิ่งตงกันข้ามตัดตัดตัดหลังรับปริญญาเจอกัน,0
ข้าวขาหมูไม่มีโยคะเป็นตัวช่วย,0
เชิญกินเฝอตามสบายชิ๊กินมาการองย้อมใจ,0
อีหนูอีหนูเป็นไรลูกอดลอยกระทงซิน๊ะ????น่าสงสารไม่เป็นไรก้มหน้าก้มตารับกรรมไปลูก,0
1เดือนที่ผ่านมาฉันเปลี่ยนตัวเองมากเกินไปหรือเปล่า?,0
ชวนใครก็ไม่มา...อยู่คนเดียวมันก็เหงาไปนะนอนดูมันซะเลย,0
แบตเก่าดันชาร์ตน้อง1ไม่เข้าเราก็เลยจัดชุดใหญ่กินเศษแกลบแน่เดือนนี้,0
ตัดมันให้สั้นงานหนักงานเบื่องานเพลียงานพังด้านหน้าดูไม่ได้,0
มาตัดผมสกินเฮดดีมะปัญหารอบตัวไปหมดระบายโดยการโกนหัวไปเล้ย5555รอยยิ้มเปื้อนน้ำตา;).,0
โหมดงี่เง่าเอารถมาล้างละไปทำงานต่อหน้าสด??????,0
หิว...แต่กินไม่ได้โพสรูปอาหารหัดทำคาโบนาร่า,0
ไม่ได้ทำไรเลยใครให้มาปิดถนนวิ่งมาราธอนวันนี้,0
สมมุติว่าเราได้เที่ยวตอนปิดเทอม1/56พรุ่งนี้เปิดเทอม2จะได้เจอเพื่อนๆ,0
คนสมัยนี้เค้าใจร้ายทิ้งน้องกินข้าวคนเดียว,0
ผมมีแฟนแล้วน้ะรักแฟนมาก,0
เกาหลีพอไม๊สาดดดดดด!!!!,0
ชีวิตขาดความหวานนักใช่ม่ะ,0
ดูข่าวเลือกตั้งนายกสมาคมฟุตบอลไทยแล้วเอิ่มมมมมมปวดอ่ะค่ะดูนี้แล้วหายเป็นปลิดทิ้งเลยจริงๆค่ะจุดนี้!!!!,0
ในเมื่ออดแล้วก็ไม่ลงซักที,0
กินทุกวันกลัวผอม,0
ไม่ต้องสอบมันละ,0
หะหะหวยยยแดร๊กเจ้ามือรวยพี่จนดับอนาถ,0
มื้อไหนไม่รู้แต่วันนี้หลายมื้อและจัดเต็มมม??????,0
ไอโฟนตกชักโครกเพลียไอแพดก็อัพไอจีได้,0
??งานสั้นผมสั้น,0
เหมือนนางจะเก็บกดทุกคนเค้ารักนู๋หมดนะคิวจังทำไมชอบคิดว่าคนอื่นไม่รัก,0
เพื่อต้อนรับตัวเองสู่1เดือนที่ชีวิตจะ,0
...พรุ่งนี้ดีเฟนหัวข้อวิจัย(ที่ซ้ำ)ตอน3ทุ่มตื่นมาอีกวันพรีเซ็นต์40คะแนน...และเข้าสู่ช่วงสอบไฟนอล...ยังไม่จบ...ส่งไฟนอลเปเปอร์วิจัย,0
ฉลองกระเป๋าหาย,0
ผัดไทประตูผี!!!!ตระเวนกินอิ่มจนจุก,0
อรุณสวัสดิ์~สนใจต้มประมวลกินเป็นเพื่อนกันมั้ยค่ะ?,0
ทำไมชอบโพสรูปของกินตอนดึกคนเห็นมันทรมานใจเดินไปเปิดตู้เยนนะเห้ยย????,0
จัดไปกิน,0
เดินจากแมคโครมาถึงนี่=(ไม่ไกลเท่าไหร่แต่ร้อนโคตรอีกสองร้อยเมตรถึงบ้านแต่ไม่กลับ,0
ชะนีเพลียยร่างฝุดฝุด,0
ไม่มีคนกินข้าวด้วย,0
"หยุดยากกินจนน้ำแข็งหมด“""???...??",0
แปลกแต่จริงสิ่งนี้ไม่น่าจะเกิดขึ้นกับฉัน,0
ก้แค่กินข้าวคนเดียวเท่านั่นแหละเส้าปะ,0
มันใช่เลย!!!!!!,0
กินอาหารริมน้ำ,0
แม่หลอกหนูไปจ่ายตังค์ค่าซ่อมรถพี่ก็ให้หนูจ่ายหนี้ให้จ่ายจนจุกลืมกินข้าวเลยตู,0
กินมันเข้าไป,0
อาหารมื้อแรกของวันกินกินกิน,0
วันของการนั่งรถนั่งทั้งวันเบย=[]=ตูดชาเบื่อแล้วน้า,0
น่ารักอ่าาาาา,0
สอยมาเบย2ใบเพื่อ??????เลือกไม่ได้รักหมดเก็บกด,0
มีแต่คนชวนเที่ยวฉุกเฉินอดไปเที่ยวคอตกทีวันจะไปไม่มีใครว่าง,0
ขำจุงเบยยยย5555,0
หนวดเริ่มยาวคงได้เวลาตัดแล้วสินะ...,0
อย่างต่อเนื่องกับวันจันทร์สดใส,0
อีกหนึ่งสิ่งความอร่อยยย,0
ดวกอยากต่อยคนอดเชคแอนเทนเด้นเข้าเรียนยังเจอตัวก่อกวนซื้อขนมมาจะกระซวกแก้เสงเจอน้องตัวป่วนบังคับไม่ให้กินอีกกูไม่มีแฟนมาสั่งก็มีน้องมาบังคับแทน,0
เหนื่อยชิ-หายงานในงานนอกงานราษฎร์การบ้านอ่านหนังสือพรีเซนต์คือกรูทำทันหมดแหละแค่ไม่มีใครรู้ว่าที่หัวเราะๆอยู่นี่ข้างในโคตรแหลกเลยขับรถแม่งงี้แหละ,0
ใครใช้ให้แกไปอยู่ในล้อรถช๊านน!!????โดนทุกปีรอบนี้เหมือนจะโดนมานานแล้วเป็นรถอภิมนต้องอดทนไม่แบนแต๊ดต้องสู้ต่อปีหน้าจะเปิดอู่ปะยางเป็นของตัวเอง,0
จำใจต้องกินฝนตกรถติดกลับออฟฟิสไม่ได้ไปฟิตเนสไม่ทันแดกให้อ้วนเลยละกัน,0
ขนมาใหม่เเม่บอกว่าพอหรอ,0
5คนเหงาเหงามากดราม่าแต่เช้าเลยมากินหนมรู้แล้วเราจะอยู่เพื่ออะไร,0
ร้อนนักตัดสั้นแม่ง,0
ขาวดำหวยไม่ถูกออกเที่ยว,0
มันคือสิ่งมีชีวิต(ที่ตายแล้ว)อย่างน้อยมันก็..ขาวเนียนหน้ากินอ่ะ..!!,0
เครียดโปรเจคเข้าไม่รู้เรื่องตัดผมม่างบอกช่างสกินเฮดเลยค่ะ,0
ตายสิคะ5555,0
ต่อไปกูจะโหดหน้าหนวดตบจูบลูบไล้,0
หวานอ้วนตายไปเล้ย??????,0
กินประทังชีวิตหาย,0
วันเสาร์เบลอๆกินติมแก้ร้อนรอกินขนมจีนน้ำยาฝีมือปอริน,0
ถาดใหญ่คนเด่ว,0
กินปลาดิบ,0
เตี๋ยวหลอดเทพเยาวราชร้านที่3ของคืนนี้กินกะแม่ท้องจิแตกแต่เรายังไม่หยุด,0
ออกบูธเหนื่อย,0
ไอศครีมแปลงร่างอยากินไอติมคนเต็มทุกร้านกินยำแทนแม่งเลย,0
เครียดคิดมากเบื่อโลกเปลี่ยนแปลง,0
สวยและรวยมาก??????หยุดยาวแล้วขี้เกียจทำงาน,0
พาคุนนายมาลดความอ้วนด้วยการกินขนมปังปิ้งว่าอ้วนแต่ไม่หยุดกิ??????,0
ในขณะที่ลดความอ้วนอยู่นั้นไม่ค่อยได้กินอะไรเลยแต่ก็มีแต่คนทักว่าอ้วนขึ้นอ้วนขึ้นไหนๆก็ไหนๆละเราจึงจัดให้มันเต็มที่ไปเลย,0
ซื้อซีลีนเลยถ้าจะแพงขนาดนี้เอาให้สุด,0
สลดเครียดจัดเหตุเกิดจากความขยันไม่น่าเล๊ยยย,0
ตงไน๋ค่ะหล่อนหราชิชิ,0
แต่งหน้าเต็มแต่โดนหลอกจะพาไปผับ,0
สวยไม่ได้ก้ต้องแบบนี้แหละสวยสุดละหลงตัวเองบ่องตงปยอไม่ได้นอนนอนไม่หลับ,0
หนาวเนอะต้าก่อไฟผิงละ,0
หนาวเว่อๆๆๆๆๆๆ,0
สิ้นเดือนช็อค!แต่ยังกิน55,0
โมโหหิวหาไรกินไม่ได้แดกอาการหมาดีกว่า,0
ตกอยู่ได้หิมะนี่หรือฤดูใบไม้ผลิอร่อย,0
หมูหินกัดแขนตัวเองเค้าร้อนอ่า,0
ให้มันร้อนทั้งข้างนอกข้างในไปเลยแกงเลียง,0
แกงส้มไม่ได้แกล้งมันผูกคอตายนะยะหมาอะไรน่ารักสลิดแต้จ้าว,0
ทรงหนูหิ่นมารูโกะกลับใจทำทดลอง,0
อากาศมันหนาวก็เงี้ย,0
ทรงผมใหม่เป๋เซกซี่เหนคนทำอยากทำบ้างถ้าจะโกยขนาดนี้ไม่โกยจากสะดือเลยละแหม่ผมทรงนี้ต้องเดินคอเอียงด้วยจะเซกซี่หรออออออ,0
ปั่นจักยานตากฝนเหงาเกินไปแล้วซิกๆ,0
ตัดผมใหม่สั้นเบย????เกลียดจิงผมแตกปลายเนี้ยแตกปลายอยู่ได้ตัดสั้นเรยอกหัก,0
เมื่อวานมีคนมาเยี่ยมดีใจมว๊ากหายป่วยเป็นปลิดทิ้ง!!????วันนี้ตะลอนกิน,0
อกหักตัดผมแมร่งเลย,0
หน้าส้นทีน,0
กรี้ดดดดดด??ตัดทำมัยยยยยย,0
เซงๆกินผัดไทมันซะเลยดึกๆเอาให้อ้วนตายไปข้าง,0
อดอยากมาหลายเวลาแกล้งนอนตายดีกว่า,0
ราดหน้ารอบดึก,0
งี้ต้องปาตี้หาเรื่องแดก,0
จัดหนักหลังเล่นยิมหรือเปลานี่,0
แมวตกกระป๋อง,0
สาบานว่ากินเอง,0
หมดนี่กินคนเดียว,0
นี้นอนหรือเสียชีวิต?????,0
ไม่ได้รักซักนิดดดดดเล้ยยยยย,0
วันม.ร้างชาวบ้านเขาหยุดแต่หนูมีเรียนเรียนธรรมดาไม่ว่า,0
"แฟ้มเล็กไปป่ะนี่แค่""""นะ!?!",0
ว่าแล้วก็ไปสอยหนังสือมาเพิ่มแก้กลุ้มไหนๆก็ได้ฤกษ์ต้องจ่ายเงินแล้วก็จ่ายให้มันสุดๆไปเลย,0
ฉลองให้วาเลนไทน์ที่พ้นไป,0
ก็คนมันโสดรอไม่มีใครให้เลยซื้อ,0
ใส่ใจทำไมวาเลนไทน์รักไม่มีไม่มีให้รักรักการรักงานมีเงินมีทองพอแระเชอะ,0
มีเพื่อนเบี่ยวบะหมี่,0
เครปเค้ก3บานอฟฟี่1??????,0
กล้วยทอด!จ้ะอ้อมโลกไปซื้อ,0
ช่ายมะเห็นซื้ออย่างเดียว,0
กินคนเดียว..เครนะเพิ่มน้ำหนัก,0
แนวป่ะล่ะเท่ห์อ่ะ,0
งานเยอะเกิ้นจะบ้าแล้ว,0
เปิดหน่อยวันศุกร์แล้วขอให้ทุกคนโชคดีเจอแต่เรื่องดีๆนะครับเอะอะขายของถึงเศร้าเราก็เปลือย,0
โสดจังเบยโว๊วววเย่??,0
คอร์สเพิ่มน้ำหนัก,0
5555กลอนขี้เจ็บจุงเบยเกียจพี่โจ้เกียจแม่ชี,0
กูไม่สอบก็ได้ถ่ายรูปเล่นแม่งทั้งวัน,0
ไม่ต้องเคี้ยวอะไรมากมายอมแล้วกลืนพูดเลย,0
ท่านอนกินนมท่าอะไรเดี๋ยวนี้ท่าแปลกบ่อยขาจะแตกข้ามต้มมัดเปลี่ยนท่าให้ไม่ได้นะ,0
โมโหไปกินปิ้ง-ย่างซะงั้น,0
^__^ไม่แต่งหน้าไม่ผ่าน,0
อาหารที่ดีที่สุดสำหรับอาทิตนี้ของเราล่ะมั้ง,0
คนเดียวก็ดูได้เว้ยจะดูแจ้ครีชฯแต่รอบหนังไม่ได้,0
ประชุมตอนเยนวันศุกร์มะมีเพื่อนกลับบ้านไม่ง้อบีทีเอสนั่งรถเมล์เล่นชมวิวกรุงเทพกลางคืน,0
มีอะไรอีกว่ามาให้ตายเลยไหม,0
หอบสังขารสาบานมาเล่นฟิตเนสไม่ได้ง่วงเลยฟิตมากกก,0
หาใครในโลกหล้างามเท่าข้านั้นยากนัก555+,0
วัดเองกะมือไม่รู้ได้ไงแน่นอนอยู่แล้ว,0
นำโชคคอนโดหนาวมากอยากสัมผัสความหนาว,0
เร็วไปปะ,0
มาปาร์ตี้สุกี้ปีใหม่เพื่อนๆชิดซ้ายชุดผักใหญ่มาก,0
คือ....?เครียดเหรอก็ไม่นะจะสื่ออะไรไม่เข้าใจเหมือนกันชีวิตวัยรุ่นหราาาาานานๆทำทีดูผอมเพรียว,0
พาอิเก่ย....มาเลี้ยงส้มเต่ยยยยเลิกกับผัวเบ่ยย!!555555+ผมสีใหม่แดงทับทิมออกชมพูคิดได้ไงทำไปได้ไม่อายเรยเน๊าะ,0
ดูมันทำทำเป็นย่อตั,0
น้องค่ะขอซอสเพิ่มไม่ไดเใช่ไหมเนี่ย,0
ให้กูตอบนะเมตอนนี้กูหิวมากสอบด้วยการเอาของที่เคยกินมาฆ่าตัวเองหิวเหมือนฉันรึเปล่า@15,0
มีสมาธิในการอ่านอย่างบอกไม่ถูก!!!ถ่ายรูปเล่นแม่งเบยยย,0
ง่ายจังเลย==,0
ปฏิบัติการขจัดไขมันต้นขาจะช่วยกูได้มั้ยจะคุ้มค่ากับตังที่เสียไปมั้ยถ้าไม่ได้จะปล่อยให้อ้วนไปเลย,0
กินข้าวเงียบๆคนเดียวร้านที่อยากกินไม่มีที่จอดรถ,0
วันนี้วันอาทิตย์ต้องทำงานงอแง,0
ลงหม้อล่อเนื้อใครอยากลงอยากล่อมั่งเอาให้จุกตาย,0
ขึ้นรถเมล์คนเดียวครั้งแรกในชีวิต????น้ำตาจะไหล,0
เสร็จแล้วเพื่อนเบ้นเก่งมากปกติทำสีแพงมากไม่เคยทองเท่านี้หัวทองเชียว,0
ไม่ได้ไปลานเบียร์ไทเกอร์เซ็นทรัลเวิลล์ออกกำลังกายตีแบทแม่งงงงเลย,0
ผมเรายาววแร้วว...ควรทามไงดี?ตัด?รื๋อปล่อยหั้ยยาวต่อไป??ลังเลทรงไหนดีคิดไม่ออกอยากเปลี่ยนลุ๊ค,0
ชีวิตอ้วนตรงไหนว่ะซื้อเสื้อมาใส่ไม่ได้เซ็ง??,0
โดนทำโทษโทษฐานร่าเริงเกินไปมี๊เหนื่อย...จับไว้บนบันไดหน้างอ,0
ฉันซื้อกุหลาบให้ตัวเองสร้างภาพ,0
มื้อแรกของวันนี้แม่เล่นไพ่ไม่ทำกับข้าวหิวจัดหนัก,0
แฟนบอกไข่ในตำนาน???มะตูมเยิ้มมาก??,0
ไอไม่หายดีนักขอซักหน่อยเถอะไม่ได้กินมานานละอิอิ,0
ตัดผมรักแมร่งงงง??????,0
เอกลักษณ์3ประการ,0
นอน..ซะดีไม๊!!!!ขู่ตัวเองไปอาบน้ำดีก่าล้าลาล่าลา,0
กระแทกปากอนาถแท้=3=,0
ยาต้านจุลชีพกับบานอฟฟี่ช่างเข้ากันดีจริง,0
มีคนชอบพูดว่าผู้ญสมัยนี้ต้องขาวถึงจะได้เปรียบต้องขาวถึงจะดูดีถึงจะสวยนี่ไงผิงขาวละนะสวยปะละ!จีบได้แฟนไม่มี555555,0
??อยู่คอนโดน่าเบื่อติดฝนกินคนเดียว,0
ช็อกฟัดจ์ก่อนนอน,0
ยางลบบิ๊กบึ้มไว้แบ่งใช้,0
เด็กมีปัญหา,0
เมื่อไหร่จะอ้วนเนี่ยโฮะโฮะโฮะ,0
ย้อมผมเป็นก๊อย,0
ช่วงเเรกๆก้รักกัน...ช่วงหลังมาตีกันเเทบบ้านเเตก,0
คนโสด?ก็มักจะ?ไปไหนคนเดียว?เสมอ?,0
ดูจากภาพก็รู้ว่าถ่ายที่เกาหลี,0
สดชื่นแจ่มใสที่แยกแคราย,0
อากาศจะหนาวไปไหน,0
เเพนเค้กสุดน่าร้ากก...เหมือนคนกินเลยย,0
นี่คือปะบ่านะคะ????,0
นั่งกินข้าวเรียบร้อยมากเรยค่ะลูก,0
...????มันก็จะหวานๆหน่อยเข้ากับหน้ากูคัก,0
กราบขอบคุณผู้สนับสนุนกระดานค่ะจ่ายด้วยชีสเค้กสองอันบอกเลยคุ้มค่าขอบคุณแรงข้าวเหนียวยกคนเดียว,0
สีสันชั่งน่ากินเหลือเกิน,0
แดดจ้าเกิ๊น,0
นางบอกว่ารูปนี้สวยที่สุดแระ^^,0
คือถ่ายให้ดีๆๆกว่านี้ได้ไหมลำไย??????,0
แฟนถ่ายรูปเก่งมาก,0
อาทิตย์ซวยวันอังคารสอบวิทย์วันนี้คณิตสังคมพรุ่งนี้ไทยตาย????,0
ไปไกลมากเลยน้อวว,0
อากาศแบบนี้หน้าตามันก็จะสดชื่นหน่อยๆไม่ง่วงไม่เหงาพร้อมขายสุดๆไปเยยยยยย..,0
อ้วนตงไหนนนน่าก็ไม่เห็นบานพุงไม่เห็นออกเลยย,0
หรือไม่ใช่เพื่อนเยอะไม่เหงา,0
ชีวิตแม่งดี....มีแต่ความสุข.,0
ยกซดได้มั้ย,0
เอาเสื้อกันลมมาไม่ได้เอาเสื้อกันหนาวมาชีวิตดีช่วยได้มากกกก,0
55::240118อย่ายิ้มให้ฉันเยอะฉันอิ่มยิ้มเธอแล้ว,0
ใครพยากรณ์อากาศว่าช่วงนี้จะหนาวฝุดๆนะ!?ก่อนเข้าบ้านแวะหม่ำเช็งซิมอี๊คลายหนาวนะเนี่ย??,0
เมื่อวานขึ้นเขาวันนี้ลงทะเล,0
หยุดหลายวันเลยต้องมา..คิดถึงเหลือเกิน,0
ขอให้น่ารักแบบนี้ตลอดไป,0
ปากดีปากหมา,0
ไม่มีอะไรทำก็ต้องหาของบำรุงผิวหน้าดีกว่าเนาะ,0
เทอๆละครจะมาละนะ??อยู่หัวหินก็ไม่เลิกฝากละครค่ะ??,0
แจ็คแบมเป็นอะไรที่ตัวติดกันยังกะตังเมเลยครัชชร้องไห้หนักมากก,0
เห็นรูปนี้แล้วแอบฮ่าเข้าถึงตัวมินยากนักใช่ไหมเวลาให้ของมินแม่งต้องใช้วิธีนี้ขำกลิ้ง,0
ว่าจะไม่แล้วนะ,0
สั่งเเค่ถาดเดียวซอสเยอะไปไหน,0
ฝันดีนะฮ่ะพรุ้งนี้งานเข้าหลาบอย่างเลยกูจะลุกมาตี5แม้ง,0
ถามจิง!!555555@,0
บะหมี่หมูกรอบ,0
เมนูหุ่นเพรียวเย็นนี้สวยหุ่นดีกินได้อ้วนอืดกินดีคิดเองล่ะกัน,0
รถใหม่ของพ่อซื้อมาจอดไว้เฉยๆพ่อไม่ให้น้องจับเลยน้ำมันมีครึ่งถังแต่ไปไหนไม่ได้เลยเปิดเพลงเปิดแอร์นอนบนรถ,0
น้องแจ็กมุนินแรงมากนะมุตาเรียบร้อยนะ,0
ถ้าแดดจะร้อนขนาดนี้ลงน้ำดีกว่า,0
ร้อนเฟ้ย!!...กลับไปไว้ทรงนี้ซะเลย,0
แดดร้อนต้องกินร้อน,0
ประเทศไทยร้อนไปนะเที่ยวตอนเย็น,0
เฉพาะลูกค้าที่โอนวันนี้เท่านั้น,0
พวกจองดองปล่อยแค่วันเดียวน๊าจ๊าสาวๆ????สนมั๊ยสนมั๊ย??เสื้อครอปแฟชั่นกระเป๋ารองเท้ากางเกง??????[งานโล๊ะยาวๆจ้าคืนนี้],0
...50-.เท่านั้น??ราคานี้สำหรับเฉพาะลูกค้าที่พร้อมโอนจ้า??งดดราม่าพร้อมโอน,0
พวกจองดองงดดราม่า(คละแบบได้ยกเว้นเสื้อแขนยาวเสื้อยืด)?ราคานี้ถูกกว่าเรทส่งงดต่อเพราะขายถูกมาก??พร้อมโอนทักโลดดดดดด???,0
??ราคานี้สำหรับเฉพาะลูกค้าที่พร้อมโอนจ้า??,0
พร้อมโอนทักโลดดดดด??????...50-.เท่านั้น??ราคานี้สำหรับเฉพาะลูกค้าที่พร้อมโอนจ้า??,0
พวกจองดองงดดราม่าพร้อมโอนเท่านั้น????ซื้อ3ตัวขึ้นไปให้ตัวล่ะ50-.??(คละแบบได้ยกเว้นเสื้อแขนยาวเสื้อยืด)?ราคานี้ถูกกว่าเรทส่งงดต่อเพราะขายถูกมาก??พร้อมโอนทักโลดดดดดด???ของมีจำนวนจำกัดสีเหลือไม่มากแล้ว??,0
ขอมือเทอหน่อยมันมือ,0
เห็นเขาบอกว่าเป็นกาแฟคนรวยเราไม่รวยก็กินได้นิ,0
ความคูลที่แท้ทรู??,0
??อ้วนแล้วไงแขนใหญ่ละกัน555อย่าด่ากูกูอยากลงแขนเล็กเท่าตะเกียบบอกแขนใหญ่เจอของกูเข้าไปหน่อยไหมคิคิ??,0
เพื่อนถ่ายรูปให้แล้วบอกว่ามันมืดๆน้องบอกเด๋วไปติดไฟเพิ่มให้นะพี่วันจันทร์มาสว่างแน่นอน??,0
หลับเถิดปวงประชาผองข้าจะคุ้มภัย,0
มันมากณจุดนี้ตะคริวจะแดรรกบ่นร้อนนิสเดียว,0
นางรักพี่มากวิปครีมชอบหรอจัดให้ค่ะขอบใจนะคะนู๋,0
รักแรงไปโรงเรียนให้ไปเรียนหนังสือไปรับเลิกเรียนยื่นกระดาษให้วาดภาพในฝันวาดในสิ่งที่ชอบคือว่าป๊าสอนลูกเล่น,0
มีเสียงเป็นเอกลักษณ์??คนสวยมักถูกแกล้งเสมอ,0
ก็เพื่อนนนนสาววว??????,0
พ่อค้าใจดีให้หลอดมาเป็นโหล,0
น้องๆๆขอซอสพริกซองหนึ่ง.ให้มาสาม,0
จะให้ผมออกอยู่แล้วแต่ยังใส่ชื่อผมในอีก,0
บอกแม่อยากกินยำมะม่า:)แม่ทำให้เป็นถาด????,0
กลัวนู๋ไม่อ้วนหรอ55,0
เช้าๆกินข้าวกันขอบคุณเพื่อนใจดี,0
นี้สั่งข้าวขาหมูไม่เอาหนังนะค่ะแต่เสียกเอาแต่หนังติดมันล้วนๆมาให้กู,0
"บอกแม่ค้า...""ป้าค่ะของหนูไม่เน้นเส้นน่ะค่ะ"".ผลที่ได้มา",0
ตอน..เธอเปลี่ยนไปเมื่อไหร่จะเข้าใจ,0
ล้างวันไหนฝนตกทุกทีชินละ1วันหยุดของข้าขอฝังตัวอยู่บนที่นอนจนจบวัน555,0
บ่เป็นหยังเขาเค้าใจ??????,0
"เมื่อบอกแม่ค้าว่า""ขอผักชีหน่อยค่ะ""",0
สาคู้2กล่องจองพี่ผักเยอะๆเด่วๆได้ผักคุมมาอ่าาาา,0
กูกูก็เวฟก่อนปกติทุกวันอยู่ๆก็มาบอกเวฟก่อนไม่ได้.ละมาทำหน้าไม่พอใจ.บริการนะทำเป็นมั้ยครับทีหลังบอกตั้งแต่มาเปิดร้านนะครับว่าชำระเงินก่อนอีสัสเห็นละปี๊ดจ่ะ!!!ร้าน7-11(10983)ปล.ควรปรับปรุงพนักงานหน้าปลวกคนนั้นด้วยนะ,0
เพราะ...ความจริงใจไม่ได้มีไว้..????!!!แล้วได้อะไร?....คุณน้อยใจแต่.,0
ตัวไหนมาก็ไม่ขาวจัดโปรให้กันเลยยิ่งเยอะยิ่งคุ้มถูกลงไปอีกแถมฟรีต้วยยยเดือนน่าไม่มีเเล้วนะค่ะตำด่วนนนน,0
สวยกว่ารวยกว่าเก่งกว่าก็เอามาด่าได้ด้วยหรา...อิจฉาก็บอกยื้มอ่อนๆ,0
มีโปรฯโชว์ของที่หน้าเคาเตอร์ซื้อสตอเบอร์รี่ปั่นในราคาแค่100บาทอร่อยมากกกกก,0
ซื้อไข่บอน​กระดาษ​ด่าง​มา​เพาะ​ต้นแข็งแรง​สมบูรณ์​มากคะ​ไม่ผิดหวังจริงๆ​ๆๆๆๆ#น้ำตาจิไหล😂😂😂,0
ดอกเดียวรู้เรื่อง555555อย่างเกลือตู้นี้ได้SSRแค่4ตัว,0
อย่าเอานิสัยของตัวเองมาเป็นมาตรฐานวัดนิสัยของคนอื่น#มันน่าเบื่อเพราะคนอื่นเขาอาจจะไม่ได้ดีเหมือนคุณก็ได้ทำงานก็เหนื่อยยยยยแล้วอย่ามาหาเรื่องในสิ่งที่ฉันไม่เคยทำ,0
คนดวงดีก็งี้แหละ555555,0
Modernaทำเอาปวดเมื่อยเนื้อตัวปวดหัวปวดแขนวัคซีนซื้อเค้าแรงจริงจะให้ประชาชนเสียเงินทำไมถ้าตัวเองก็นำเข้ามา😌,0
